<?xml version="1.0" encoding="UTF-8"?>
<kml xmlns="http://www.opengis.net/kml/2.2"><Document>
  <name>福山グランプリ コース</name>
  <description>Fukuyama Kart / 福山駅 → 鞆の浦 常夜燈 20460m</description>
  <Style id="course"><LineStyle><color>ff4639e6</color><width>5</width></LineStyle></Style>
  <Style id="viaduct"><LineStyle><color>ffff863a</color><width>6</width></LineStyle></Style>
  <Placemark><name>コース</name><styleUrl>#course</styleUrl><LineString><tessellate>1</tessellate><coordinates>
133.362325,34.488901,0 133.362339,34.488866,0 133.362353,34.488832,0 133.362366,34.488798,0 133.362377,34.488763,0 133.362387,34.488729,0 133.362397,34.488693,0 133.362404,34.488657,0 133.362412,34.488622,0 133.362419,34.488586,0 133.362426,34.488551,0 133.362435,34.488516,0 133.362445,34.488481,0 133.362456,34.488446,0 133.362468,34.48841,0 133.362481,34.488376,0 133.362495,34.488342,0 133.362509,34.488309,0 133.362523,34.488274,0 133.362537,34.48824,0 133.362551,34.488206,0 133.362565,34.488172,0 133.362579,34.488137,0 133.362594,34.488104,0 133.36261,34.488071,0 133.36263,34.488038,0 133.362652,34.488007,0 133.362677,34.487977,0 133.362705,34.48795,0 133.362737,34.487926,0 133.362772,34.487904,0 133.36281,34.487886,0 133.36285,34.487872,0 133.362892,34.487862,0 133.362935,34.487857,0 133.362979,34.487856,0 133.363022,34.487859,0 133.363065,34.487865,0 133.363107,34.487872,0 133.36315,34.487881,0 133.363192,34.48789,0 133.363234,34.4879,0 133.363275,34.48791,0 133.363318,34.487921,0 133.363359,34.487931,0 133.363402,34.48794,0 133.363443,34.48795,0 133.363486,34.487959,0 133.363528,34.487969,0 133.363569,34.487978,0 133.363612,34.487986,0 133.363654,34.487995,0 133.363697,34.488004,0 133.363739,34.488012,0 133.363782,34.488021,0 133.363823,34.488029,0 133.363866,34.488038,0 133.363908,34.488046,0 133.363951,34.488055,0 133.363993,34.488063,0 133.364036,34.488072,0 133.364078,34.488081,0 133.36412,34.48809,0 133.364162,34.488098,0 133.364205,34.488107,0 133.364247,34.488116,0 133.36429,34.488124,0 133.364331,34.488133,0 133.364374,34.488142,0 133.364416,34.488151,0 133.364459,34.48816,0 133.3645,34.488169,0 133.364543,34.488179,0 133.364585,34.488188,0 133.364627,34.488197,0 133.364669,34.488207,0 133.364712,34.488216,0 133.364753,34.488225,0 133.364796,34.488234,0 133.364838,34.488244,0 133.364879,34.488253,0 133.364922,34.488262,0 133.364964,34.488272,0 133.365006,34.488281,0 133.365048,34.48829,0 133.365091,34.488299,0 133.365132,34.488308,0 133.365175,34.488316,0 133.365217,34.488324,0 133.365261,34.48833,0 133.365303,34.488335,0 133.365347,34.488336,0 133.365391,34.488334,0 133.365434,34.488329,0 133.365477,34.48832,0 133.365518,34.488309,0 133.365558,34.488295,0 133.365598,34.488281,0 133.365637,34.488264,0 133.365675,34.488247,0 133.365714,34.488231,0 133.365752,34.488214,0 133.365791,34.488197,0 133.365829,34.48818,0 133.365868,34.488163,0 133.365906,34.488145,0 133.365945,34.488129,0 133.365984,34.488113,0 133.366023,34.488097,0 133.366062,34.488081,0 133.3661,34.488064,0 133.366139,34.488048,0 133.366179,34.488032,0 133.366218,34.488017,0 133.366257,34.488,0 133.366296,34.487984,0 133.366336,34.487969,0 133.366375,34.487953,0 133.366414,34.487937,0 133.366453,34.487922,0 133.366492,34.487907,0 133.366533,34.487892,0 133.366573,34.487879,0 133.366615,34.487867,0 133.366656,34.487856,0 133.366697,34.487846,0 133.36674,34.487839,0 133.366783,34.487833,0 133.366827,34.487828,0 133.36687,34.487825,0 133.366913,34.487823,0 133.366957,34.487821,0 133.367,34.48782,0 133.367044,34.487819,0 133.367088,34.487819,0 133.367131,34.487819,0 133.367175,34.487819,0 133.367218,34.487818,0 133.367262,34.487817,0 133.367306,34.487816,0 133.367349,34.487815,0 133.367393,34.487812,0 133.367436,34.487809,0 133.36748,34.487807,0 133.367524,34.487803,0 133.367566,34.487799,0 133.36761,34.487796,0 133.367653,34.487792,0 133.367697,34.487788,0 133.36774,34.487784,0 133.367783,34.48778,0 133.367826,34.487776,0 133.36787,34.487772,0 133.367914,34.487769,0 133.367956,34.487764,0 133.368,34.487761,0 133.368043,34.487756,0 133.368087,34.487752,0 133.368129,34.487748,0 133.368173,34.487744,0 133.368217,34.48774,0 133.368259,34.487735,0 133.368303,34.48773,0 133.368346,34.487725,0 133.368389,34.48772,0 133.368432,34.487714,0 133.368475,34.487708,0 133.368519,34.487702,0 133.368561,34.487697,0 133.368605,34.48769,0 133.368647,34.487685,0 133.368691,34.487679,0 133.368733,34.487675,0 133.368777,34.48767,0 133.36882,34.487665,0 133.368863,34.487661,0 133.368907,34.487655,0 133.368949,34.48765,0 133.368993,34.487644,0 133.369035,34.487638,0 133.369079,34.487631,0 133.369121,34.487624,0 133.369164,34.487617,0 133.369206,34.48761,0 133.36925,34.487604,0 133.369292,34.487597,0 133.369335,34.48759,0 133.369377,34.487583,0 133.369421,34.487577,0 133.369463,34.48757,0 133.369506,34.487563,0 133.36955,34.487557,0 133.369592,34.487551,0 133.369635,34.487543,0 133.369678,34.487537,0 133.369721,34.48753,0 133.369763,34.487523,0 133.369806,34.487515,0 133.369848,34.487506,0 133.369891,34.487496,0 133.369932,34.487486,0 133.369972,34.487474,0 133.370014,34.487461,0 133.370054,34.487447,0 133.370093,34.487432,0 133.370134,34.487418,0 133.370173,34.487403,0 133.370213,34.487388,0 133.370253,34.487373,0 133.370293,34.487359,0 133.370332,34.487343,0 133.370372,34.487329,0 133.370412,34.487314,0 133.370452,34.487299,0 133.370491,34.487285,0 133.370532,34.487269,0 133.370571,34.487255,0 133.37061,34.48724,0 133.37065,34.487225,0 133.37069,34.487211,0 133.37073,34.487196,0 133.37077,34.487182,0 133.370811,34.487168,0 133.37085,34.487154,0 133.37089,34.48714,0 133.37093,34.487125,0 133.37097,34.48711,0 133.37101,34.487095,0 133.37105,34.487081,0 133.371091,34.487067,0 133.371131,34.487056,0 133.371174,34.487047,0 133.371216,34.48704,0 133.37126,34.487037,0 133.371303,34.487038,0 133.371347,34.48704,0 133.37139,34.487046,0 133.371433,34.487052,0 133.371475,34.48706,0 133.371518,34.487068,0 133.37156,34.487076,0 133.371603,34.487084,0 133.371645,34.487092,0 133.371688,34.4871,0 133.37173,34.487108,0 133.371773,34.487116,0 133.371815,34.487124,0 133.371858,34.487132,0 133.3719,34.487141,0 133.371943,34.48715,0 133.371984,34.487159,0 133.372027,34.487168,0 133.372069,34.487177,0 133.372112,34.487185,0 133.372154,34.487194,0 133.372197,34.487202,0 133.372238,34.48721,0 133.372281,34.487219,0 133.372323,34.487228,0 133.372366,34.487236,0 133.372408,34.487245,0 133.37245,34.487254,0 133.372492,34.487263,0 133.372535,34.487272,0 133.372577,34.48728,0 133.37262,34.487289,0 133.372662,34.487297,0 133.372704,34.487306,0 133.372746,34.487314,0 133.372789,34.487323,0 133.372831,34.487332,0 133.372874,34.487341,0 133.372916,34.487349,0 133.372959,34.487358,0 133.373,34.487367,0 133.373043,34.487375,0 133.373085,34.487384,0 133.373128,34.487394,0 133.373169,34.487403,0 133.373212,34.487413,0 133.373253,34.487422,0 133.373295,34.487432,0 133.373337,34.487442,0 133.373379,34.487451,0 133.373422,34.48746,0 133.373463,34.487469,0 133.373506,34.487479,0 133.373547,34.487488,0 133.37359,34.487498,0 133.373631,34.487507,0 133.373674,34.487517,0 133.373715,34.487527,0 133.373758,34.487537,0 133.3738,34.487546,0 133.373842,34.487556,0 133.373884,34.487565,0 133.373927,34.487574,0 133.373968,34.487583,0 133.37401,34.487592,0 133.374053,34.487601,0 133.374094,34.48761,0 133.374137,34.487619,0 133.374179,34.487629,0 133.374222,34.487638,0 133.374263,34.487647,0 133.374306,34.487656,0 133.374348,34.487665,0 133.37439,34.487675,0 133.374432,34.487683,0 133.374475,34.487692,0 133.374517,34.487701,0 133.374559,34.48771,0 133.374601,34.487719,0 133.374644,34.487727,0 133.374686,34.487736,0 133.374728,34.487745,0 133.37477,34.487754,0 133.374813,34.487763,0 133.374855,34.487772,0 133.374897,34.487781,0 133.374939,34.48779,0 133.374982,34.487799,0 133.375024,34.487807,0 133.375067,34.487816,0 133.375109,34.487824,0 133.375152,34.487832,0 133.375194,34.487839,0 133.375237,34.487847,0 133.375279,34.487854,0 133.375322,34.487862,0 133.375365,34.487868,0 133.375408,34.487875,0 133.37545,34.487881,0 133.375493,34.487889,0 133.375535,34.487899,0 133.375576,34.487911,0 133.375615,34.487928,0 133.37565,34.48795,0 133.375678,34.487977,0 133.375699,34.488008,0 133.375712,34.488043,0 133.375717,34.488079,0 133.375719,34.488115,0 133.375717,34.488151,0 133.375713,34.488187,0 133.375707,34.488222,0 133.375701,34.488258,0 133.375695,34.488293,0 133.375689,34.488329,0 133.375682,34.488365,0 133.375677,34.4884,0 133.37567,34.488437,0 133.375664,34.488472,0 133.375657,34.488508,0 133.375651,34.488544,0 133.375644,34.488579,0 133.375638,34.488615,0 133.375631,34.48865,0 133.375625,34.488686,0 133.375618,34.488721,0 133.375611,34.488757,0 133.375605,34.488793,0 133.375599,34.488829,0 133.375593,34.488865,0 133.375586,34.4889,0 133.375579,34.488936,0 133.375572,34.488971,0 133.375565,34.489007,0 133.375558,34.489042,0 133.37555,34.489077,0 133.375543,34.489113,0 133.375535,34.489149,0 133.375528,34.489185,0 133.37552,34.48922,0 133.375512,34.489255,0 133.375505,34.489291,0 133.375497,34.489326,0 133.375491,34.489362,0 133.375483,34.489397,0 133.375476,34.489432,0 133.375469,34.489469,0 133.375461,34.489504,0 133.375455,34.48954,0 133.375447,34.489575,0 133.37544,34.489611,0 133.375433,34.489646,0 133.375426,34.489682,0 133.37542,34.489717,0 133.375412,34.489753,0 133.375405,34.489789,0 133.375399,34.489825,0 133.375392,34.48986,0 133.375385,34.489896,0 133.375378,34.489931,0 133.375371,34.489967,0 133.375364,34.490002,0 133.375356,34.490038,0 133.375349,34.490073,0 133.375342,34.490108,0 133.375335,34.490145,0 133.375328,34.490181,0 133.375322,34.490216,0 133.375316,34.490252,0 133.375311,34.490287,0 133.375306,34.490323,0 133.375302,34.490359,0 133.375299,34.490395,0 133.375297,34.490431,0 133.375294,34.490467,0 133.375292,34.490503,0 133.37529,34.490539,0 133.375288,34.490575,0 133.375283,34.490611,0 133.375279,34.490647,0 133.375274,34.490683,0 133.375268,34.490719,0 133.375262,34.490754,0 133.375255,34.49079,0 133.375249,34.490825,0 133.375241,34.490861,0 133.375234,34.490896,0 133.375228,34.490932,0 133.375221,34.490967,0 133.375215,34.491003,0 133.375208,34.491039,0 133.375202,34.491075,0 133.375194,34.49111,0 133.375188,34.491146,0 133.37518,34.491181,0 133.375173,34.491217,0 133.375166,34.491252,0 133.375158,34.491288,0 133.37515,34.491323,0 133.375143,34.491359,0 133.375135,34.491395,0 133.375128,34.49143,0 133.37512,34.491466,0 133.375112,34.491501,0 133.375105,34.491536,0 133.375097,34.491572,0 133.375088,34.491607,0 133.37508,34.491642,0 133.375072,34.491678,0 133.375063,34.491714,0 133.375056,34.491749,0 133.375047,34.491784,0 133.375039,34.49182,0 133.375032,34.491855,0 133.375023,34.49189,0 133.375015,34.491926,0 133.375008,34.491962,0 133.375,34.491997,0 133.374992,34.492033,0 133.374985,34.492068,0 133.374978,34.492104,0 133.374971,34.492139,0 133.374964,34.492175,0 133.374958,34.49221,0 133.37495,34.492246,0 133.374943,34.492282,0 133.374937,34.492318,0 133.37493,34.492353,0 133.374923,34.492389,0 133.374915,34.492424,0 133.374909,34.492459,0 133.374901,34.492495,0 133.374894,34.49253,0 133.374887,34.492566,0 133.37488,34.492601,0 133.374873,34.492638,0 133.374866,34.492673,0 133.374859,34.492709,0 133.374853,34.492744,0 133.374846,34.49278,0 133.37484,34.492815,0 133.374832,34.492851,0 133.374826,34.492886,0 133.374818,34.492922,0 133.37481,34.492958,0 133.374802,34.492993,0 133.374792,34.493028,0 133.37478,34.493063,0 133.374768,34.493097,0 133.374756,34.493132,0 133.374743,34.493167,0 133.37473,34.493201,0 133.374718,34.493236,0 133.374707,34.49327,0 133.374696,34.493305,0 133.374687,34.493341,0 133.374679,34.493376,0 133.374671,34.493412,0 133.374663,34.493447,0 133.374656,34.493482,0 133.374648,34.493518,0 133.37464,34.493553,0 133.374633,34.493589,0 133.374626,34.493624,0 133.374619,34.493661,0 133.374612,34.493696,0 133.374606,34.493732,0 133.374598,34.493767,0 133.374591,34.493803,0 133.374585,34.493838,0 133.374577,34.493874,0 133.37457,34.493909,0 133.374563,34.493944,0 133.374555,34.49398,0 133.374549,34.494016,0 133.374541,34.494052,0 133.374535,34.494087,0 133.374527,34.494123,0 133.374519,34.494158,0 133.374513,34.494194,0 133.374505,34.494229,0 133.374499,34.494265,0 133.374492,34.4943,0 133.374485,34.494337,0 133.374478,34.494372,0 133.374471,34.494408,0 133.374465,34.494443,0 133.374457,34.494479,0 133.374451,34.494514,0 133.374444,34.49455,0 133.374437,34.494585,0 133.37443,34.494621,0 133.374422,34.494656,0 133.374415,34.494692,0 133.374408,34.494728,0 133.374401,34.494763,0 133.374393,34.494799,0 133.374386,34.494834,0 133.374379,34.49487,0 133.374372,34.494905,0 133.374365,34.494941,0 133.374358,34.494976,0 133.374352,34.495012,0 133.374344,34.495048,0 133.374337,34.495084,0 133.374331,34.495119,0 133.374323,34.495155,0 133.374315,34.49519,0 133.374305,34.495225,0 133.374292,34.495259,0 133.374274,34.495293,0 133.374251,34.495323,0 133.37422,34.495348,0 133.374182,34.495365,0 133.37414,34.495374,0 133.374097,34.495376,0 133.374053,34.495372,0 133.37401,34.495366,0 133.373968,34.495357,0 133.373925,34.495347,0 133.373884,34.495337,0 133.373843,34.495326,0 133.373801,34.495315,0 133.37376,34.495305,0 133.373717,34.495294,0 133.373676,34.495284,0 133.373634,34.495273,0 133.373592,34.495263,0 133.373551,34.495253,0 133.373509,34.495242,0 133.373467,34.495232,0 133.373425,34.495222,0 133.373384,34.495211,0 133.373342,34.4952,0 133.373301,34.495189,0 133.373258,34.495178,0 133.373217,34.495168,0 133.373176,34.495157,0 133.373134,34.495146,0 133.373093,34.495134,0 133.373051,34.495123,0 133.37301,34.495112,0 133.372969,34.4951,0 133.372927,34.495089,0 133.372886,34.495077,0 133.372844,34.495067,0 133.372803,34.495057,0 133.37276,34.495047,0 133.372719,34.495037,0 133.372676,34.495029,0 133.372634,34.49502,0 133.372591,34.495012,0 133.372549,34.495004,0 133.372506,34.494997,0 133.372463,34.49499,0 133.37242,34.494984,0 133.372378,34.494976,0 133.372335,34.494968,0 133.372293,34.494961,0 133.37225,34.494954,0 133.372207,34.494946,0 133.372164,34.494939,0 133.372122,34.49493,0 133.372079,34.494922,0 133.372037,34.494914,0 133.371994,34.494907,0 133.371952,34.4949,0 133.371909,34.494892,0 133.371867,34.494884,0 133.371824,34.494878,0 133.371781,34.494871,0 133.371738,34.494864,0 133.371696,34.494857,0 133.371652,34.494851,0 133.371609,34.494844,0 133.371567,34.494838,0 133.371523,34.49483,0 133.371481,34.494824,0 133.371438,34.494817,0 133.371396,34.494811,0 133.371352,34.494804,0 133.37131,34.494798,0 133.371266,34.494792,0 133.371224,34.494785,0 133.371181,34.49478,0 133.371138,34.494774,0 133.371095,34.494766,0 133.371053,34.494758,0 133.37101,34.49475,0 133.370968,34.494741,0 133.370926,34.494731,0 133.370885,34.49472,0 133.370842,34.49471,0 133.370801,34.494699,0 133.370759,34.494688,0 133.370718,34.494677,0 133.370677,34.494667,0 133.370634,34.494657,0 133.370593,34.494647,0 133.37055,34.494638,0 133.370508,34.494629,0 133.370465,34.494621,0 133.370423,34.494613,0 133.37038,34.494604,0 133.370338,34.494596,0 133.370296,34.494587,0 133.370254,34.494578,0 133.370211,34.494569,0 133.37017,34.49456,0 133.370127,34.49455,0 133.370085,34.494541,0 133.370043,34.494531,0 133.370001,34.494522,0 133.369958,34.494514,0 133.369916,34.494505,0 133.369873,34.494498,0 133.369831,34.49449,0 133.369788,34.494483,0 133.369746,34.494475,0 133.369703,34.494468,0 133.369661,34.49446,0 133.369617,34.494453,0 133.369575,34.494446,0 133.369532,34.494437,0 133.36949,34.49443,0 133.369447,34.494423,0 133.369405,34.494415,0 133.369362,34.494408,0 133.36932,34.4944,0 133.369277,34.494392,0 133.369235,34.494384,0 133.369192,34.494375,0 133.36915,34.494366,0 133.369108,34.494357,0 133.369066,34.494347,0 133.369023,34.494337,0 133.368982,34.494328,0 133.368939,34.494318,0 133.368898,34.494309,0 133.368855,34.4943,0 133.368813,34.494291,0 133.36877,34.494282,0 133.368729,34.494273,0 133.368686,34.494264,0 133.368644,34.494255,0 133.368602,34.494246,0 133.36856,34.494237,0 133.368517,34.494228,0 133.368475,34.494219,0 133.368432,34.494211,0 133.36839,34.494203,0 133.368349,34.494194,0 133.368306,34.494186,0 133.368264,34.494177,0 133.368221,34.494169,0 133.368179,34.49416,0 133.368136,34.494152,0 133.368094,34.494144,0 133.368051,34.494135,0 133.36801,34.494126,0 133.367967,34.494118,0 133.367925,34.494109,0 133.367882,34.494101,0 133.36784,34.494092,0 133.367797,34.494083,0 133.367756,34.494074,0 133.367713,34.494065,0 133.367671,34.494055,0 133.367629,34.494046,0 133.367587,34.494037,0 133.367544,34.494027,0 133.367503,34.494018,0 133.36746,34.494008,0 133.367419,34.493999,0 133.367376,34.49399,0 133.367334,34.493981,0 133.367291,34.493973,0 133.367249,34.493964,0 133.367206,34.493956,0 133.367165,34.493948,0 133.367122,34.49394,0 133.36708,34.493931,0 133.367037,34.493923,0 133.366995,34.493914,0 133.366952,34.493905,0 133.366911,34.493896,0 133.366868,34.493887,0 133.366826,34.493878,0 133.366783,34.493869,0 133.366742,34.49386,0 133.3667,34.493852,0 133.366657,34.493843,0 133.366615,34.493834,0 133.366572,34.493826,0 133.36653,34.493818,0 133.366487,34.49381,0 133.366445,34.493801,0 133.366402,34.493793,0 133.36636,34.493785,0 133.366318,34.493776,0 133.366276,34.493768,0 133.366233,34.49376,0 133.366191,34.493752,0 133.366148,34.493743,0 133.366106,34.493734,0 133.366063,34.493726,0 133.366021,34.493718,0 133.365978,34.49371,0 133.365936,34.493702,0 133.365893,34.493693,0 133.365851,34.493685,0 133.365808,34.493678,0 133.365766,34.49367,0 133.365723,34.493661,0 133.365681,34.493654,0 133.365638,34.493646,0 133.365596,34.493639,0 133.365553,34.493632,0 133.365511,34.493624,0 133.365468,34.493616,0 133.365424,34.493609,0 133.365382,34.493601,0 133.365339,34.493594,0 133.365297,34.493586,0 133.365254,34.493579,0 133.365212,34.493571,0 133.365168,34.493565,0 133.365126,34.493558,0 133.365083,34.493551,0 133.36504,34.493545,0 133.364997,34.49354,0 133.364955,34.493533,0 133.364911,34.493526,0 133.364869,34.49352,0 133.364826,34.493513,0 133.364784,34.493505,0 133.36474,34.493497,0 133.364697,34.49349,0 133.364655,34.493482,0 133.364612,34.493475,0 133.36457,34.493468,0 133.364527,34.49346,0 133.364485,34.493453,0 133.364441,34.493446,0 133.364399,34.493439,0 133.364356,34.493432,0 133.364314,34.493425,0 133.36427,34.493419,0 133.364228,34.493412,0 133.364185,34.493405,0 133.364142,34.493398,0 133.364099,34.493392,0 133.364057,34.493385,0 133.364014,34.493378,0 133.363972,34.49337,0 133.363928,34.493363,0 133.363886,34.493356,0 133.363843,34.493349,0 133.3638,34.493341,0 133.363758,34.493334,0 133.363714,34.493327,0 133.363672,34.49332,0 133.363629,34.493313,0 133.363587,34.493305,0 133.363543,34.493298,0 133.363501,34.493291,0 133.363458,34.493285,0 133.363416,34.493277,0 133.363373,34.49327,0 133.36333,34.493263,0 133.363287,34.493256,0 133.363245,34.49325,0 133.363201,34.493243,0 133.363159,34.493237,0 133.363116,34.49323,0 133.363072,34.493223,0 133.36303,34.493216,0 133.362987,34.49321,0 133.362945,34.493203,0 133.362902,34.493195,0 133.362859,34.493188,0 133.362816,34.493181,0 133.362774,34.493174,0 133.362731,34.493168,0 133.362688,34.493161,0 133.362645,34.493154,0 133.362603,34.493148,0 133.362559,34.493141,0 133.362517,34.493134,0 133.362474,34.493128,0 133.362431,34.493121,0 133.362388,34.493113,0 133.362346,34.493106,0 133.362303,34.493098,0 133.36226,34.49309,0 133.362218,34.493081,0 133.362177,34.49307,0 133.362136,34.493056,0 133.362099,34.493038,0 133.362068,34.493012,0 133.362046,34.492982,0 133.362034,34.492948,0 133.362029,34.492912,0 133.362031,34.492875,0 133.362035,34.492839,0 133.36204,34.492804,0 133.362048,34.492768,0 133.362055,34.492733,0 133.362062,34.492697,0 133.36207,34.492662,0 133.362077,34.492626,0 133.362084,34.492591,0 133.362092,34.492556,0 133.362098,34.492519,0 133.362105,34.492483,0 133.362111,34.492448,0 133.362117,34.492412,0 133.362122,34.492377,0 133.362129,34.492341,0 133.362134,34.492305,0 133.362141,34.49227,0 133.362147,34.492234,0 133.362155,34.492199,0 133.362162,34.492163,0 133.362171,34.492127,0 133.362179,34.492092,0 133.362187,34.492057,0 133.362196,34.492021,0 133.362204,34.491986,0 133.362213,34.491951,0 133.36222,34.491915,0 133.362228,34.49188,0 133.362237,34.491844,0 133.362244,34.491809,0 133.362253,34.491773,0 133.36226,34.491738,0 133.362269,34.491703,0 133.362277,34.491667,0 133.362284,34.491632,0 133.362292,34.491597,0 133.3623,34.49156,0 133.362308,34.491525,0 133.362316,34.49149,0 133.362324,34.491454,0 133.362332,34.491419,0 133.36234,34.491384,0 133.362348,34.491348,0 133.362354,34.491313,0 133.362362,34.491277,0 133.362368,34.491241,0 133.362375,34.491205,0 133.362381,34.49117,0 133.362389,34.491134,0 133.362396,34.491099,0 133.362402,34.491063,0 133.36241,34.491028,0 133.362416,34.490992,0 133.362423,34.490957,0 133.362429,34.490921,0 133.362436,34.490885,0 133.362441,34.490849,0 133.362448,34.490813,0 133.362454,34.490778,0 133.362461,34.490742,0 133.362469,34.490707,0 133.362475,34.490671,0 133.362483,34.490636,0 133.36249,34.490601,0 133.362498,34.490565,0 133.362506,34.490529,0 133.362513,34.490493,0 133.362521,34.490458,0 133.362528,34.490423,0 133.362535,34.490387,0 133.362541,34.490351,0 133.362544,34.490316,0 133.362546,34.49028,0 133.362544,34.490244,0 133.362537,34.490208,0 133.362526,34.490172,0 133.362512,34.490139,0 133.362494,34.490106,0 133.362474,34.490074,0 133.362451,34.490043,0 133.362427,34.490013,0 133.362402,34.489983,0 133.362376,34.489955,0 133.362348,34.489927,0 133.362318,34.4899,0 133.362287,34.489876,0 133.362254,34.489853,0 133.362218,34.489832,0 133.36218,34.489814,0 133.362141,34.489798,0 133.3621,34.489786,0 133.362059,34.489774,0 133.362017,34.489763,0 133.361975,34.489754,0 133.361932,34.489745,0 133.36189,34.489736,0 133.361849,34.489728,0 133.361806,34.489719,0 133.361764,34.48971,0 133.361721,34.489701,0 133.36168,34.489691,0 133.361638,34.48968,0 133.361597,34.489669,0 133.361555,34.489656,0 133.361515,34.489642,0 133.361476,34.489628,0 133.361435,34.489614,0 133.361396,34.489598,0 133.361357,34.489583,0 133.361318,34.489567,0 133.361277,34.489551,0 133.361238,34.489536,0 133.361199,34.489521,0 133.36116,34.489505,0 133.36112,34.48949,0 133.36108,34.489476,0 133.36104,34.489461,0 133.361,34.489448,0 133.360959,34.489434,0 133.360919,34.489423,0 133.360877,34.489411,0 133.360836,34.4894,0 133.360794,34.48939,0 133.360751,34.489381,0 133.360709,34.489373,0 133.360666,34.489367,0 133.360622,34.48936,0 133.36058,34.489356,0 133.360536,34.489351,0 133.360493,34.489348,0 133.36045,34.489344,0 133.360407,34.489341,0 133.360363,34.489338,0 133.360319,34.489335,0 133.360276,34.489332,0 133.360232,34.489329,0 133.360189,34.489326,0 133.360145,34.489324,0 133.360103,34.489322,0 133.360059,34.48932,0 133.360015,34.489318,0 133.359972,34.489316,0 133.359928,34.489314,0 133.359885,34.489312,0 133.359841,34.489309,0 133.359797,34.489306,0 133.359754,34.489302,0 133.359711,34.489297,0 133.359668,34.489293,0 133.359624,34.489289,0 133.35958,34.489286,0 133.359538,34.489283,0 133.359494,34.48928,0 133.359451,34.489278,0 133.359407,34.489277,0 133.359364,34.489275,0 133.35932,34.489272,0 133.359276,34.489268,0 133.359233,34.489264,0 133.35919,34.489259,0 133.359147,34.489253,0 133.359104,34.489247,0 133.359062,34.48924,0 133.359018,34.489233,0 133.358976,34.489226,0 133.358933,34.489219,0 133.358891,34.489212,0 133.358848,34.489204,0 133.358806,34.489195,0 133.358764,34.489185,0 133.358722,34.489174,0 133.35868,34.489163,0 133.35864,34.48915,0 133.358599,34.489138,0 133.358558,34.489125,0 133.358517,34.489113,0 133.358476,34.4891,0 133.358436,34.489086,0 133.358396,34.489072,0 133.358358,34.489055,0 133.358322,34.489035,0 133.358291,34.489009,0 133.35827,34.488977,0 133.35826,34.488943,0 133.358256,34.488907,0 133.358258,34.488871,0 133.358265,34.488835,0 133.358273,34.4888,0 133.358282,34.488765,0 133.358292,34.488729,0 133.358303,34.488694,0 133.358315,34.48866,0 133.358327,34.488625,0 133.35834,34.488591,0 133.358353,34.488556,0 133.358366,34.488522,0 133.358381,34.488488,0 133.358394,34.488454,0 133.358407,34.488419,0 133.35842,34.488385,0 133.358433,34.48835,0 133.358445,34.488316,0 133.358458,34.488282,0 133.35847,34.488246,0 133.358483,34.488212,0 133.358495,34.488178,0 133.358508,34.488144,0 133.35852,34.488108,0 133.358532,34.488074,0 133.358545,34.488039,0 133.358557,34.488005,0 133.358569,34.487971,0 133.358581,34.487935,0 133.358594,34.487901,0 133.358606,34.487867,0 133.358618,34.487832,0 133.358631,34.487798,0 133.358643,34.487762,0 133.358655,34.487728,0 133.358667,34.487694,0 133.358679,34.487659,0 133.358691,34.487624,0 133.358703,34.487589,0 133.358715,34.487555,0 133.358727,34.48752,0 133.358738,34.487486,0 133.35875,34.487451,0 133.358761,34.487415,0 133.358772,34.48738,0 133.358782,34.487346,0 133.358793,34.487311,0 133.358802,34.487276,0 133.358811,34.487241,0 133.35882,34.487205,0 133.358828,34.487169,0 133.358836,34.487134,0 133.358843,34.487098,0 133.358848,34.487063,0 133.358851,34.487027,0 133.358855,34.486991,0 133.358857,34.486955,0 133.358858,34.486919,0 133.358859,34.486883,0 133.358859,34.486847,0 133.35886,34.486811,0 133.358861,34.486775,0 133.358862,34.486738,0 133.358864,34.486702,0 133.358867,34.486666,0 133.358869,34.48663,0 133.358872,34.486594,0 133.358874,34.486558,0 133.358876,34.486522,0 133.358879,34.486486,0 133.35888,34.48645,0 133.35888,34.486414,0 133.358881,34.486378,0 133.358881,34.486342,0 133.358881,34.486306,0 133.358881,34.48627,0 133.358881,34.486234,0 133.358881,34.486198,0 133.358882,34.486162,0 133.358883,34.486126,0 133.358884,34.48609,0 133.358886,34.486053,0 133.358888,34.486018,0 133.358891,34.485982,0 133.358893,34.485946,0 133.358895,34.48591,0 133.358897,34.485874,0 133.358897,34.485838,0 133.358896,34.485802,0 133.358895,34.485766,0 133.358893,34.48573,0 133.35889,34.485694,0 133.358887,34.485658,0 133.358884,34.485622,0 133.358882,34.485586,0 133.358879,34.48555,0 133.358873,34.485515,0 133.358864,34.485478,0 133.358851,34.485444,0 133.35883,34.485413,0 133.3588,34.485387,0 133.358763,34.485368,0 133.358722,34.485358,0 133.358679,34.485353,0 133.358636,34.485355,0 133.358592,34.485359,0 133.358548,34.485365,0 133.358506,34.485371,0 133.358463,34.485379,0 133.358421,34.485387,0 133.358378,34.485394,0 133.358336,34.485402,0 133.358293,34.485409,0 133.35825,34.485416,0 133.358207,34.485423,0 133.358165,34.485431,0 133.358122,34.485438,0 133.358079,34.485445,0 133.358036,34.485451,0 133.357994,34.485459,0 133.357951,34.485465,0 133.357908,34.485471,0 133.357865,34.485478,0 133.357823,34.485485,0 133.357779,34.485491,0 133.357736,34.485497,0 133.357693,34.485504,0 133.35765,34.485509,0 133.357607,34.485515,0 133.357564,34.48552,0 133.357521,34.485525,0 133.357478,34.485531,0 133.357435,34.485535,0 133.357391,34.485541,0 133.357348,34.485545,0 133.357305,34.48555,0 133.357261,34.485554,0 133.357219,34.48556,0 133.357175,34.485564,0 133.357132,34.485569,0 133.357089,34.485572,0 133.357045,34.485576,0 133.357002,34.485579,0 133.356958,34.485583,0 133.356915,34.485587,0 133.356872,34.485589,0 133.356829,34.485593,0 133.356785,34.485596,0 133.356741,34.485599,0 133.356698,34.485602,0 133.356654,34.485606,0 133.356612,34.485608,0 133.356568,34.485611,0 133.356524,34.485615,0 133.356481,34.485617,0 133.356437,34.485619,0 133.356394,34.485622,0 133.35635,34.485624,0 133.356306,34.485627,0 133.356263,34.48563,0 133.35622,34.485633,0 133.356177,34.485635,0 133.356133,34.485638,0 133.35609,34.485641,0 133.356046,34.485643,0 133.356002,34.485646,0 133.355959,34.485649,0 133.355915,34.485652,0 133.355872,34.485654,0 133.355829,34.485657,0 133.355786,34.48566,0 133.355742,34.485662,0 133.355698,34.485665,0 133.355655,34.485668,0 133.355611,34.48567,0 133.355568,34.485674,0 133.355524,34.485677,0 133.355481,34.48568,0 133.355438,34.485683,0 133.355394,34.485686,0 133.355351,34.485688,0 133.355307,34.485691,0 133.355263,34.485694,0 133.35522,34.485697,0 133.355176,34.485699,0 133.355133,34.485701,0 133.35509,34.485704,0 133.355047,34.485706,0 133.355003,34.485707,0 133.354959,34.485709,0 133.354916,34.48571,0 133.354872,34.485711,0 133.354829,34.485713,0 133.354785,34.485715,0 133.354741,34.485717,0 133.354698,34.485721,0 133.354654,34.485725,0 133.354612,34.485729,0 133.354568,34.485733,0 133.354525,34.485737,0 133.354481,34.485741,0 133.354437,34.485743,0 133.354395,34.485746,0 133.354351,34.485749,0 133.354308,34.485752,0 133.354264,34.485754,0 133.35422,34.485757,0 133.354177,34.48576,0 133.354133,34.485762,0 133.35409,34.485765,0 133.354046,34.485768,0 133.354004,34.48577,0 133.35396,34.485773,0 133.353916,34.485776,0 133.353873,34.485779,0 133.353829,34.485782,0 133.353786,34.485785,0 133.353742,34.485788,0 133.353698,34.48579,0 133.353656,34.485793,0 133.353612,34.485796,0 133.353569,34.485798,0 133.353525,34.485801,0 133.353482,34.485804,0 133.353438,34.485807,0 133.353394,34.485809,0 133.353351,34.485812,0 133.353307,34.485815,0 133.353265,34.485817,0 133.353221,34.48582,0 133.353177,34.485823,0 133.353134,34.485825,0 133.35309,34.485827,0 133.353047,34.48583,0 133.353003,34.485832,0 133.352959,34.485834,0 133.352916,34.485834,0 133.352872,34.485835,0 133.352829,34.485836,0 133.352785,34.485836,0 133.352742,34.485836,0 133.352698,34.485836,0 133.352654,34.485836,0 133.352611,34.485836,0 133.352567,34.485836,0 133.352524,34.485836,0 133.35248,34.485836,0 133.352436,34.485836,0 133.352393,34.485836,0 133.352349,34.485836,0 133.352306,34.485836,0 133.352262,34.485836,0 133.352218,34.485836,0 133.352175,34.485836,0 133.352131,34.485836,0 133.352088,34.485836,0 133.352044,34.485836,0 133.352,34.485836,0 133.351957,34.485835,0 133.351913,34.485834,0 133.35187,34.485834,0 133.351826,34.485832,0 133.351782,34.485829,0 133.351739,34.485827,0 133.351695,34.485825,0 133.351653,34.485823,0 133.351609,34.485821,0 133.351566,34.48582,0 133.351522,34.485818,0 133.351478,34.485817,0 133.351435,34.485816,0 133.351391,34.485815,0 133.351348,34.485813,0 133.351304,34.48581,0 133.35126,34.485808,0 133.351217,34.485806,0 133.351173,34.485804,0 133.35113,34.485803,0 133.351086,34.485801,0 133.351042,34.4858,0 133.350999,34.485799,0 133.350955,34.485798,0 133.350912,34.485798,0 133.350868,34.485796,0 133.350824,34.485793,0 133.350781,34.485791,0 133.350737,34.485789,0 133.350695,34.485787,0 133.350651,34.485784,0 133.350608,34.485781,0 133.350564,34.485779,0 133.35052,34.485777,0 133.350477,34.485774,0 133.350433,34.48577,0 133.35039,34.485768,0 133.350347,34.485764,0 133.350303,34.485761,0 133.35026,34.485758,0 133.350216,34.485754,0 133.350173,34.485752,0 133.350129,34.48575,0 133.350085,34.485749,0 133.350042,34.485747,0 133.349998,34.485746,0 133.349955,34.485745,0 133.349911,34.485743,0 133.349868,34.485743,0 133.349824,34.485741,0 133.34978,34.485738,0 133.349738,34.485736,0 133.349694,34.485734,0 133.349651,34.485732,0 133.349607,34.485731,0 133.349563,34.485729,0 133.34952,34.485728,0 133.349476,34.485727,0 133.349433,34.485726,0 133.349389,34.485725,0 133.349345,34.485724,0 133.349302,34.485722,0 133.349258,34.485719,0 133.349215,34.485716,0 133.349171,34.485714,0 133.349127,34.485712,0 133.349084,34.485709,0 133.34904,34.485706,0 133.348998,34.485703,0 133.348954,34.4857,0 133.348911,34.485697,0 133.348867,34.485693,0 133.348823,34.485689,0 133.348781,34.485685,0 133.348737,34.48568,0 133.348694,34.485676,0 133.348651,34.485671,0 133.348608,34.485667,0 133.348564,34.485662,0 133.348522,34.485657,0 133.348478,34.485652,0 133.348434,34.485647,0 133.348392,34.485642,0 133.348348,34.485636,0 133.348306,34.485632,0 133.348262,34.485626,0 133.34822,34.485621,0 133.348176,34.485616,0 133.348132,34.48561,0 133.34809,34.485604,0 133.348047,34.485597,0 133.348005,34.485588,0 133.347963,34.485579,0 133.347921,34.485567,0 133.347881,34.485555,0 133.347839,34.485542,0 133.347799,34.485529,0 133.347759,34.485515,0 133.347719,34.4855,0 133.347679,34.485486,0 133.34764,34.485469,0 133.347602,34.485453,0 133.347562,34.485437,0 133.347524,34.48542,0 133.347486,34.485402,0 133.347449,34.485384,0 133.347412,34.485365,0 133.347375,34.485345,0 133.347338,34.485325,0 133.347302,34.485305,0 133.347266,34.485286,0 133.34723,34.485265,0 133.347195,34.485244,0 133.347159,34.485222,0 133.347124,34.485202,0 133.347089,34.48518,0 133.347053,34.485159,0 133.347019,34.485138,0 133.346984,34.485116,0 133.346948,34.485095,0 133.346913,34.485074,0 133.346878,34.485053,0 133.346842,34.485031,0 133.346807,34.485011,0 133.346771,34.48499,0 133.346735,34.484969,0 133.3467,34.484948,0 133.346664,34.484928,0 133.346628,34.484907,0 133.346592,34.484887,0 133.346556,34.484866,0 133.34652,34.484847,0 133.346485,34.484826,0 133.346449,34.484806,0 133.346412,34.484785,0 133.346377,34.484766,0 133.346341,34.484745,0 133.346305,34.484724,0 133.346269,34.484703,0 133.346233,34.484683,0 133.346197,34.484662,0 133.346162,34.484642,0 133.346126,34.484621,0 133.34609,34.484601,0 133.346054,34.48458,0 133.346018,34.48456,0 133.345982,34.484539,0 133.345946,34.484519,0 133.345909,34.484499,0 133.345873,34.484479,0 133.345837,34.484458,0 133.345801,34.484438,0 133.345765,34.484418,0 133.34573,34.484397,0 133.345694,34.484377,0 133.345658,34.484356,0 133.345622,34.484336,0 133.345586,34.484316,0 133.345551,34.484295,0 133.345515,34.484275,0 133.345477,34.484254,0 133.345442,34.484235,0 133.345406,34.484214,0 133.345371,34.484193,0 133.345335,34.484172,0 133.345299,34.484153,0 133.345263,34.484132,0 133.345227,34.484111,0 133.345191,34.48409,0 133.345156,34.48407,0 133.34512,34.484049,0 133.345084,34.484028,0 133.345048,34.484008,0 133.345012,34.483988,0 133.344976,34.483967,0 133.34494,34.483946,0 133.344904,34.483926,0 133.344868,34.483906,0 133.344832,34.483886,0 133.344796,34.483865,0 133.34476,34.483845,0 133.344724,34.483825,0 133.344688,34.483805,0 133.344651,34.483785,0 133.344615,34.483765,0 133.344579,34.483745,0 133.344542,34.483725,0 133.344507,34.483705,0 133.344473,34.483683,0 133.344439,34.48366,0 133.344408,34.483634,0 133.344381,34.483606,0 133.34436,34.483574,0 133.344349,34.483539,0 133.344348,34.483504,0 133.344356,34.483468,0 133.344371,34.483434,0 133.344391,34.483402,0 133.344414,34.483371,0 133.344438,34.483341,0 133.344464,34.483312,0 133.34449,34.483283,0 133.344516,34.483254,0 133.344542,34.483226,0 133.344569,34.483197,0 133.344595,34.483168,0 133.34462,34.483139,0 133.344644,34.483109,0 133.344667,34.483078,0 133.344686,34.483046,0 133.344701,34.483012,0 133.344709,34.482976,0 133.344708,34.48294,0 133.344696,34.482906,0 133.344676,34.482874,0 133.34465,34.482845,0 133.344621,34.482819,0 133.344589,34.482793,0 133.344557,34.482769,0 133.344525,34.482745,0 133.344496,34.482718,0 133.344472,34.482688,0 133.344457,34.482655,0 133.344458,34.482619,0 133.344474,34.482584,0 133.344494,34.482553,0 133.344518,34.482523,0 133.344545,34.482494,0 133.344572,34.482465,0 133.344598,34.482437,0 133.344625,34.48241,0 133.344652,34.482381,0 133.344679,34.482353,0 133.344706,34.482324,0 133.344732,34.482295,0 133.344758,34.482266,0 133.344785,34.482238,0 133.344812,34.482209,0 133.344838,34.482181,0 133.344864,34.482152,0 133.34489,34.482123,0 133.344916,34.482094,0 133.344943,34.482066,0 133.34497,34.482037,0 133.344997,34.482009,0 133.345024,34.48198,0 133.345052,34.481953,0 133.34508,34.481926,0 133.345108,34.481898,0 133.345135,34.48187,0 133.345164,34.481843,0 133.345192,34.481815,0 133.34522,34.481788,0 133.345249,34.48176,0 133.345276,34.481732,0 133.345304,34.481705,0 133.345331,34.481676,0 133.345359,34.481648,0 133.345386,34.48162,0 133.345412,34.481591,0 133.345438,34.481562,0 133.345464,34.481533,0 133.345491,34.481505,0 133.345516,34.481476,0 133.345541,34.481446,0 133.345566,34.481416,0 133.34559,34.481387,0 133.345614,34.481356,0 133.345638,34.481325,0 133.345661,34.481295,0 133.345682,34.481264,0 133.345704,34.481232,0 133.345726,34.481202,0 133.345748,34.48117,0 133.34577,34.481139,0 133.345791,34.481108,0 133.345813,34.481076,0 133.345835,34.481046,0 133.345858,34.481014,0 133.34588,34.480984,0 133.345903,34.480953,0 133.345925,34.480922,0 133.345949,34.480892,0 133.345972,34.480861,0 133.345996,34.480831,0 133.34602,34.480801,0 133.346044,34.480771,0 133.346068,34.48074,0 133.346092,34.480711,0 133.346116,34.480681,0 133.34614,34.48065,0 133.346164,34.48062,0 133.346188,34.48059,0 133.346212,34.48056,0 133.346235,34.480529,0 133.346259,34.4805,0 133.346282,34.480469,0 133.346306,34.480438,0 133.34633,34.480409,0 133.346354,34.480378,0 133.346378,34.480348,0 133.346402,34.480318,0 133.346427,34.480289,0 133.346452,34.480259,0 133.346477,34.480229,0 133.346502,34.4802,0 133.346527,34.480171,0 133.346551,34.480141,0 133.346576,34.480111,0 133.346599,34.480081,0 133.346622,34.48005,0 133.346644,34.480018,0 133.346664,34.479987,0 133.346684,34.479954,0 133.346705,34.479923,0 133.346724,34.47989,0 133.346744,34.479858,0 133.346765,34.479826,0 133.346785,34.479795,0 133.346806,34.479763,0 133.346829,34.479733,0 133.346851,34.479701,0 133.346874,34.47967,0 133.346897,34.47964,0 133.34692,34.47961,0 133.346943,34.479579,0 133.346967,34.479549,0 133.34699,34.479518,0 133.347014,34.479488,0 133.347038,34.479458,0 133.347061,34.479428,0 133.347085,34.479397,0 133.347108,34.479367,0 133.347132,34.479336,0 133.347155,34.479306,0 133.347179,34.479276,0 133.347202,34.479245,0 133.347225,34.479214,0 133.347249,34.479184,0 133.347271,34.479153,0 133.347294,34.479122,0 133.347317,34.479092,0 133.34734,34.479061,0 133.347363,34.479031,0 133.347386,34.479,0 133.347409,34.478969,0 133.347432,34.478939,0 133.347455,34.478908,0 133.347477,34.478877,0 133.347499,34.478846,0 133.347522,34.478815,0 133.347544,34.478784,0 133.347567,34.478754,0 133.34759,34.478722,0 133.347611,34.478692,0 133.347634,34.478661,0 133.347656,34.47863,0 133.347679,34.478599,0 133.347702,34.478568,0 133.347725,34.478537,0 133.347748,34.478507,0 133.347771,34.478476,0 133.347793,34.478446,0 133.347816,34.478415,0 133.347839,34.478384,0 133.347862,34.478354,0 133.347886,34.478323,0 133.347909,34.478292,0 133.347932,34.478262,0 133.347955,34.478231,0 133.347977,34.4782,0 133.347998,34.478169,0 133.34802,34.478137,0 133.348041,34.478106,0 133.34806,34.478074,0 133.34808,34.478042,0 133.3481,34.478009,0 133.348118,34.477977,0 133.348138,34.477944,0 133.348159,34.477913,0 133.34818,34.477881,0 133.348202,34.477851,0 133.348226,34.47782,0 133.34825,34.47779,0 133.348275,34.477761,0 133.348301,34.477732,0 133.348328,34.477703,0 133.348355,34.477674,0 133.348381,34.477646,0 133.348408,34.477618,0 133.348437,34.47759,0 133.348464,34.477562,0 133.348492,34.477534,0 133.34852,34.477507,0 133.348549,34.47748,0 133.348577,34.477453,0 133.348607,34.477426,0 133.348636,34.477399,0 133.348665,34.477372,0 133.348694,34.477346,0 133.348723,34.477319,0 133.348753,34.477292,0 133.348781,34.477265,0 133.34881,34.477238,0 133.348839,34.477211,0 133.348866,34.477183,0 133.348894,34.477155,0 133.348923,34.477128,0 133.34895,34.4771,0 133.348977,34.477072,0 133.349005,34.477044,0 133.349033,34.477016,0 133.349061,34.476988,0 133.349089,34.476961,0 133.349118,34.476933,0 133.349146,34.476906,0 133.349174,34.476879,0 133.349203,34.476851,0 133.349231,34.476824,0 133.349259,34.476796,0 133.349287,34.476769,0 133.349315,34.476741,0 133.349343,34.476713,0 133.349371,34.476686,0 133.349399,34.476658,0 133.349427,34.476631,0 133.349456,34.476603,0 133.349484,34.476576,0 133.349513,34.476549,0 133.349542,34.476522,0 133.34957,34.476495,0 133.349599,34.476468,0 133.349628,34.476441,0 133.349657,34.476414,0 133.349685,34.476387,0 133.349714,34.476359,0 133.349742,34.476332,0 133.349772,34.476305,0 133.3498,34.476278,0 133.349828,34.47625,0 133.349857,34.476223,0 133.349885,34.476196,0 133.349913,34.476169,0 133.349943,34.476141,0 133.349971,34.476114,0 133.349999,34.476087,0 133.350028,34.47606,0 133.350057,34.476033,0 133.350085,34.476006,0 133.350114,34.475978,0 133.350143,34.475951,0 133.350172,34.475924,0 133.3502,34.475897,0 133.350228,34.475869,0 133.350257,34.475842,0 133.350285,34.475815,0 133.350313,34.475787,0 133.350341,34.475759,0 133.350369,34.475732,0 133.350396,34.475704,0 133.350423,34.475676,0 133.350452,34.475647,0 133.350478,34.475619,0 133.350505,34.475591,0 133.350532,34.475562,0 133.350558,34.475533,0 133.350585,34.475505,0 133.350611,34.475477,0 133.350637,34.475447,0 133.350663,34.475418,0 133.350688,34.475388,0 133.350713,34.475359,0 133.350737,34.475329,0 133.350761,34.475299,0 133.350785,34.475269,0 133.350809,34.475239,0 133.350833,34.475209,0 133.350858,34.475179,0 133.350882,34.475149,0 133.350908,34.47512,0 133.350933,34.475091,0 133.35096,34.475062,0 133.350986,34.475033,0 133.351013,34.475004,0 133.351039,34.474976,0 133.351065,34.474947,0 133.35109,34.474918,0 133.351117,34.474889,0 133.351142,34.474859,0 133.351168,34.47483,0 133.351193,34.474801,0 133.351218,34.474772,0 133.351243,34.474742,0 133.351268,34.474713,0 133.351294,34.474684,0 133.351319,34.474655,0 133.351344,34.474625,0 133.35137,34.474596,0 133.351397,34.474566,0 133.351422,34.474537,0 133.351448,34.474509,0 133.351474,34.47448,0 133.3515,34.474451,0 133.351526,34.474422,0 133.351554,34.474394,0 133.35158,34.474365,0 133.351606,34.474337,0 133.351633,34.474308,0 133.351659,34.474279,0 133.351685,34.474251,0 133.351712,34.474222,0 133.351739,34.474193,0 133.351765,34.474164,0 133.351792,34.474136,0 133.351818,34.474108,0 133.351846,34.47408,0 133.351873,34.474051,0 133.3519,34.474023,0 133.351927,34.473995,0 133.351955,34.473967,0 133.351982,34.473939,0 133.352009,34.473911,0 133.352037,34.473883,0 133.352065,34.473855,0 133.352093,34.473827,0 133.352121,34.4738,0 133.352149,34.473772,0 133.352177,34.473745,0 133.352205,34.473717,0 133.352234,34.47369,0 133.352263,34.473663,0 133.352291,34.473636,0 133.352321,34.473609,0 133.352349,34.473582,0 133.352379,34.473555,0 133.352408,34.473528,0 133.352437,34.473502,0 133.352466,34.473475,0 133.352496,34.473449,0 133.352526,34.473422,0 133.352555,34.473396,0 133.352585,34.473369,0 133.352615,34.473343,0 133.352646,34.473318,0 133.352677,34.473293,0 133.352709,34.473268,0 133.35274,34.473243,0 133.352773,34.47322,0 133.352806,34.473195,0 133.35284,34.473172,0 133.352872,34.473149,0 133.352905,34.473125,0 133.352938,34.473101,0 133.352969,34.473076,0 133.353,34.47305,0 133.35303,34.473024,0 133.35306,34.472998,0 133.35309,34.472972,0 133.35312,34.472946,0 133.35315,34.47292,0 133.353181,34.472894,0 133.353211,34.472869,0 133.353243,34.472844,0 133.353274,34.472819,0 133.353306,34.472793,0 133.353338,34.472769,0 133.353368,34.472744,0 133.3534,34.472719,0 133.353431,34.472693,0 133.353463,34.472668,0 133.353494,34.472643,0 133.353525,34.472618,0 133.353556,34.472592,0 133.353586,34.472567,0 133.353617,34.472541,0 133.353648,34.472516,0 133.353678,34.47249,0 133.353708,34.472464,0 133.353738,34.472437,0 133.353767,34.47241,0 133.353795,34.472383,0 133.353824,34.472355,0 133.353851,34.472327,0 133.353877,34.4723,0 133.353904,34.472271,0 133.353931,34.472242,0 133.353957,34.472213,0 133.353985,34.472185,0 133.354013,34.472158,0 133.354043,34.472132,0 133.354074,34.472107,0 133.354107,34.472082,0 133.354141,34.47206,0 133.354177,34.472039,0 133.354214,34.472021,0 133.354254,34.472007,0 133.354296,34.471996,0 133.354338,34.471991,0 133.354382,34.471993,0 133.354424,34.472001,0 133.354465,34.472014,0 133.354504,34.472031,0 133.35454,34.472051,0 133.354576,34.472072,0 133.35461,34.472094,0 133.354643,34.472117,0 133.354677,34.47214,0 133.35471,34.472163,0 133.354743,34.472187,0 133.354776,34.47221,0 133.354809,34.472235,0 133.354842,34.472258,0 133.354874,34.472282,0 133.354907,34.472305,0 133.354941,34.472328,0 133.354974,34.472353,0 133.355006,34.472376,0 133.355039,34.4724,0 133.355072,34.472423,0 133.355104,34.472447,0 133.355138,34.472471,0 133.355171,34.472494,0 133.355204,34.472518,0 133.355236,34.472542,0 133.35527,34.472565,0 133.355303,34.472589,0 133.355335,34.472612,0 133.355369,34.472636,0 133.355402,34.472659,0 133.355435,34.472683,0 133.355468,34.472706,0 133.355501,34.472729,0 133.355534,34.472753,0 133.355566,34.472777,0 133.355599,34.472801,0 133.355633,34.472824,0 133.355666,34.472848,0 133.355698,34.472872,0 133.355731,34.472895,0 133.355764,34.472919,0 133.355798,34.472942,0 133.35583,34.472967,0 133.355863,34.47299,0 133.355897,34.473013,0 133.355929,34.473037,0 133.355962,34.47306,0 133.355996,34.473084,0 133.356029,34.473107,0 133.356061,34.473131,0 133.356095,34.473154,0 133.356128,34.473177,0 133.35616,34.473201,0 133.356194,34.473224,0 133.356227,34.473248,0 133.356261,34.473271,0 133.356293,34.473295,0 133.356326,34.473318,0 133.356359,34.473342,0 133.356393,34.473366,0 133.356425,34.473389,0 133.356458,34.473413,0 133.356491,34.473436,0 133.356524,34.47346,0 133.356557,34.473484,0 133.35659,34.473507,0 133.356623,34.473531,0 133.356655,34.473555,0 133.356688,34.473579,0 133.356722,34.473602,0 133.356754,34.473626,0 133.356787,34.47365,0 133.35682,34.473673,0 133.356853,34.473697,0 133.356885,34.473721,0 133.356918,34.473744,0 133.356951,34.473768,0 133.356984,34.473792,0 133.357017,34.473816,0 133.35705,34.473839,0 133.357084,34.473862,0 133.357116,34.473886,0 133.35715,34.473908,0 133.357184,34.473931,0 133.357219,34.473953,0 133.357255,34.473973,0 133.357293,34.473991,0 133.357332,34.474006,0 133.357375,34.474015,0 133.357418,34.474016,0 133.357461,34.474009,0 133.357501,34.473996,0 133.357538,34.473977,0 133.357573,34.473955,0 133.357606,34.473931,0 133.357636,34.473906,0 133.357667,34.47388,0 133.357695,34.473853,0 133.357724,34.473825,0 133.357753,34.473798,0 133.35778,34.47377,0 133.357808,34.473743,0 133.357837,34.473716,0 133.357865,34.473688,0 133.357893,34.473661,0 133.357921,34.473633,0 133.357949,34.473606,0 133.357977,34.473578,0 133.358006,34.473551,0 133.358034,34.473523,0 133.358062,34.473496,0 133.358091,34.473468,0 133.358119,34.473441,0 133.358147,34.473414,0 133.358176,34.473387,0 133.358205,34.473359,0 133.358233,34.473332,0 133.358263,34.473305,0 133.358291,34.473277,0 133.35832,34.47325,0 133.358349,34.473223,0 133.358377,34.473196,0 133.358406,34.473169,0 133.358434,34.473142,0 133.358463,34.473114,0 133.358492,34.473087,0 133.35852,34.47306,0 133.358548,34.473033,0 133.358578,34.473006,0 133.358606,34.472979,0 133.358634,34.472951,0 133.358664,34.472924,0 133.358692,34.472897,0 133.358722,34.472871,0 133.35875,34.472844,0 133.358779,34.472817,0 133.358808,34.47279,0 133.358837,34.472763,0 133.358867,34.472736,0 133.358895,34.472709,0 133.358924,34.472682,0 133.358953,34.472655,0 133.358982,34.472628,0 133.35901,34.472601,0 133.35904,34.472574,0 133.359068,34.472547,0 133.359098,34.472519,0 133.359126,34.472492,0 133.359155,34.472465,0 133.359184,34.472438,0 133.359213,34.472411,0 133.359242,34.472384,0 133.359271,34.472358,0 133.359299,34.472331,0 133.359329,34.472304,0 133.359357,34.472277,0 133.359386,34.47225,0 133.359415,34.472223,0 133.359444,34.472196,0 133.359473,34.472169,0 133.359502,34.472142,0 133.35953,34.472115,0 133.35956,34.472088,0 133.359588,34.472061,0 133.359618,34.472034,0 133.359646,34.472007,0 133.359675,34.47198,0 133.359704,34.471953,0 133.359733,34.471926,0 133.359762,34.471899,0 133.359791,34.471872,0 133.35982,34.471845,0 133.35985,34.471818,0 133.359878,34.471791,0 133.359907,34.471764,0 133.359936,34.471738,0 133.359965,34.471711,0 133.359995,34.471684,0 133.360024,34.471657,0 133.360052,34.47163,0 133.360082,34.471604,0 133.360111,34.471577,0 133.36014,34.47155,0 133.360169,34.471524,0 133.360198,34.471496,0 133.360228,34.471469,0 133.360257,34.471442,0 133.360286,34.471416,0 133.360315,34.471389,0 133.360343,34.471362,0 133.360373,34.471335,0 133.360402,34.471308,0 133.360431,34.471281,0 133.36046,34.471254,0 133.360488,34.471227,0 133.360518,34.4712,0 133.360547,34.471174,0 133.360576,34.471147,0 133.360605,34.47112,0 133.360633,34.471093,0 133.360663,34.471066,0 133.360691,34.471039,0 133.360721,34.471012,0 133.360749,34.470985,0 133.360778,34.470958,0 133.360807,34.47093,0 133.360836,34.470903,0 133.360864,34.470876,0 133.360894,34.470849,0 133.360922,34.470822,0 133.360952,34.470795,0 133.36098,34.470768,0 133.361009,34.470741,0 133.361038,34.470714,0 133.361066,34.470687,0 133.361095,34.47066,0 133.361124,34.470633,0 133.361152,34.470606,0 133.36118,34.470578,0 133.36121,34.470551,0 133.361238,34.470524,0 133.361267,34.470497,0 133.361296,34.47047,0 133.361324,34.470443,0 133.361353,34.470416,0 133.361382,34.470389,0 133.36141,34.470362,0 133.36144,34.470335,0 133.361468,34.470308,0 133.361498,34.470281,0 133.361526,34.470254,0 133.361554,34.470226,0 133.361584,34.470199,0 133.361612,34.470172,0 133.36164,34.470145,0 133.36167,34.470117,0 133.361698,34.47009,0 133.361726,34.470063,0 133.361756,34.470036,0 133.361784,34.470009,0 133.361813,34.469981,0 133.361841,34.469954,0 133.36187,34.469927,0 133.361899,34.4699,0 133.361927,34.469873,0 133.361955,34.469845,0 133.361985,34.469818,0 133.362013,34.469791,0 133.362041,34.469764,0 133.36207,34.469737,0 133.362099,34.46971,0 133.362128,34.469682,0 133.362156,34.469655,0 133.362185,34.469628,0 133.362214,34.469601,0 133.362243,34.469574,0 133.362271,34.469547,0 133.362301,34.46952,0 133.362329,34.469493,0 133.362359,34.469466,0 133.362387,34.469439,0 133.362415,34.469412,0 133.362445,34.469385,0 133.362473,34.469358,0 133.362501,34.469331,0 133.36253,34.469303,0 133.362558,34.469276,0 133.362586,34.469249,0 133.362616,34.469222,0 133.362644,34.469194,0 133.362672,34.469167,0 133.362701,34.46914,0 133.362729,34.469112,0 133.362757,34.469085,0 133.362786,34.469058,0 133.362815,34.469031,0 133.362844,34.469003,0 133.362872,34.468976,0 133.362901,34.468948,0 133.36293,34.468921,0 133.362959,34.468894,0 133.362987,34.468867,0 133.363017,34.46884,0 133.363045,34.468814,0 133.363075,34.468787,0 133.363103,34.468759,0 133.363131,34.468732,0 133.363161,34.468705,0 133.363189,34.468678,0 133.363218,34.468651,0 133.363247,34.468624,0 133.363275,34.468597,0 133.363305,34.46857,0 133.363333,34.468543,0 133.363362,34.468516,0 133.363391,34.468489,0 133.36342,34.468462,0 133.363448,34.468435,0 133.363478,34.468408,0 133.363506,34.468382,0 133.363536,34.468355,0 133.363564,34.468327,0 133.363593,34.4683,0 133.363622,34.468273,0 133.363651,34.468246,0 133.36368,34.468218,0 133.363708,34.468191,0 133.363737,34.468164,0 133.363766,34.468137,0 133.363795,34.46811,0 133.363823,34.468083,0 133.363852,34.468056,0 133.363881,34.468029,0 133.363909,34.468002,0 133.363939,34.467975,0 133.363967,34.467948,0 133.363997,34.467921,0 133.364025,34.467894,0 133.364054,34.467868,0 133.364084,34.467841,0 133.364112,34.467814,0 133.364142,34.467787,0 133.364171,34.467761,0 133.3642,34.467734,0 133.36423,34.467706,0 133.364258,34.467679,0 133.364288,34.467653,0 133.364317,34.467626,0 133.364345,34.467599,0 133.364375,34.467572,0 133.364403,34.467545,0 133.364433,34.467518,0 133.364461,34.467491,0 133.364489,34.467464,0 133.364519,34.467436,0 133.364547,34.467409,0 133.364575,34.467382,0 133.364604,34.467355,0 133.364632,34.467328,0 133.364661,34.4673,0 133.36469,34.467273,0 133.364718,34.467246,0 133.364747,34.467219,0 133.364776,34.467192,0 133.364804,34.467164,0 133.364833,34.467137,0 133.364862,34.46711,0 133.36489,34.467084,0 133.36492,34.467057,0 133.364949,34.46703,0 133.364978,34.467003,0 133.365007,34.466976,0 133.365036,34.466949,0 133.365065,34.466922,0 133.365094,34.466895,0 133.365124,34.466868,0 133.365152,34.466841,0 133.365181,34.466814,0 133.36521,34.466787,0 133.365239,34.46676,0 133.365267,34.466733,0 133.365297,34.466706,0 133.365325,34.466679,0 133.365355,34.466653,0 133.365384,34.466626,0 133.365412,34.466599,0 133.365442,34.466572,0 133.365471,34.466546,0 133.365501,34.466519,0 133.36553,34.466492,0 133.365558,34.466464,0 133.365588,34.466438,0 133.365617,34.466411,0 133.365646,34.466384,0 133.365675,34.466357,0 133.365703,34.46633,0 133.365732,34.466303,0 133.365761,34.466276,0 133.36579,34.466248,0 133.365818,34.466221,0 133.365846,34.466194,0 133.365876,34.466167,0 133.365904,34.46614,0 133.365934,34.466114,0 133.365964,34.466088,0 133.365996,34.466063,0 133.366027,34.466037,0 133.366059,34.466013,0 133.36609,34.465989,0 133.366122,34.465963,0 133.366151,34.465937,0 133.36618,34.465909,0 133.366207,34.465881,0 133.366232,34.465852,0 133.366258,34.465823,0 133.366283,34.465793,0 133.366308,34.465764,0 133.366334,34.465735,0 133.366362,34.465706,0 133.366388,34.465679,0 133.366416,34.465651,0 133.366443,34.465623,0 133.366471,34.465595,0 133.366499,34.465567,0 133.366526,34.465539,0 133.366554,34.465511,0 133.366582,34.465483,0 133.36661,34.465456,0 133.366639,34.465428,0 133.366667,34.465401,0 133.366695,34.465374,0 133.366725,34.465347,0 133.366754,34.465321,0 133.366783,34.465294,0 133.366813,34.465268,0 133.366842,34.465241,0 133.366872,34.465214,0 133.366901,34.465188,0 133.366931,34.465161,0 133.36696,34.465134,0 133.366989,34.465107,0 133.367018,34.46508,0 133.367047,34.465053,0 133.367076,34.465026,0 133.367105,34.464999,0 133.367133,34.464973,0 133.367163,34.464946,0 133.367191,34.464919,0 133.367221,34.464892,0 133.367249,34.464865,0 133.367278,34.464838,0 133.367308,34.464811,0 133.367336,34.464784,0 133.367365,34.464757,0 133.367394,34.464729,0 133.367423,34.464702,0 133.367452,34.464676,0 133.367481,34.464649,0 133.367509,34.464622,0 133.367539,34.464595,0 133.367568,34.464568,0 133.367597,34.464541,0 133.367625,34.464514,0 133.367654,34.464487,0 133.367683,34.46446,0 133.367712,34.464433,0 133.36774,34.464406,0 133.367769,34.464378,0 133.367798,34.464351,0 133.367826,34.464324,0 133.367855,34.464297,0 133.367884,34.46427,0 133.367913,34.464243,0 133.367941,34.464216,0 133.36797,34.464189,0 133.367999,34.464162,0 133.368027,34.464135,0 133.368056,34.464107,0 133.368085,34.46408,0 133.368113,34.464053,0 133.368143,34.464026,0 133.368171,34.463999,0 133.368199,34.463971,0 133.368229,34.463944,0 133.368257,34.463917,0 133.368285,34.46389,0 133.368315,34.463862,0 133.368343,34.463835,0 133.368373,34.463808,0 133.368401,34.463781,0 133.368429,34.463754,0 133.368459,34.463727,0 133.368487,34.4637,0 133.368516,34.463673,0 133.368545,34.463646,0 133.368574,34.463619,0 133.368602,34.463592,0 133.368632,34.463565,0 133.36866,34.463538,0 133.36869,34.463512,0 133.368719,34.463485,0 133.368747,34.463458,0 133.368777,34.463431,0 133.368806,34.463405,0 133.368836,34.463378,0 133.368864,34.46335,0 133.368893,34.463323,0 133.368923,34.463297,0 133.368952,34.46327,0 133.368982,34.463244,0 133.369011,34.463217,0 133.369041,34.46319,0 133.36907,34.463164,0 133.369099,34.463137,0 133.369129,34.463111,0 133.369158,34.463085,0 133.369188,34.463058,0 133.369217,34.463031,0 133.369247,34.463005,0 133.369277,34.462978,0 133.369307,34.462952,0 133.369336,34.462926,0 133.369365,34.462899,0 133.369396,34.462873,0 133.369425,34.462847,0 133.369455,34.462821,0 133.369485,34.462794,0 133.369515,34.462768,0 133.369545,34.462742,0 133.369576,34.462716,0 133.369606,34.462691,0 133.369637,34.462665,0 133.369667,34.462639,0 133.369699,34.462613,0 133.369729,34.462588,0 133.36976,34.462563,0 133.36979,34.462537,0 133.369822,34.462511,0 133.369853,34.462486,0 133.369884,34.462461,0 133.369916,34.462437,0 133.369947,34.462411,0 133.369979,34.462386,0 133.370011,34.462362,0 133.370042,34.462337,0 133.370075,34.462313,0 133.370108,34.462289,0 133.370139,34.462264,0 133.370172,34.46224,0 133.370204,34.462216,0 133.370235,34.462191,0 133.370267,34.462167,0 133.370299,34.462142,0 133.370331,34.462117,0 133.370363,34.462093,0 133.370395,34.462069,0 133.370428,34.462044,0 133.370461,34.462021,0 133.370493,34.461998,0 133.370527,34.461975,0 133.370561,34.461952,0 133.370595,34.461929,0 133.37063,34.461907,0 133.370663,34.461885,0 133.370698,34.461863,0 133.370733,34.461841,0 133.370768,34.461819,0 133.370803,34.461798,0 133.370838,34.461776,0 133.370873,34.461754,0 133.370908,34.461734,0 133.370944,34.461712,0 133.370978,34.461691,0 133.371014,34.46167,0 133.371049,34.46165,0 133.371085,34.461629,0 133.371121,34.461608,0 133.371157,34.461588,0 133.371193,34.461567,0 133.371229,34.461547,0 133.371265,34.461526,0 133.371301,34.461506,0 133.371337,34.461487,0 133.371374,34.461467,0 133.37141,34.461447,0 133.371447,34.461427,0 133.371483,34.461408,0 133.37152,34.461388,0 133.371557,34.461369,0 133.371594,34.46135,0 133.371631,34.461332,0 133.371668,34.461313,0 133.371705,34.461293,0 133.371742,34.461274,0 133.371779,34.461255,0 133.371815,34.461235,0 133.371853,34.461215,0 133.371888,34.461195,0 133.371924,34.461176,0 133.371961,34.461156,0 133.371997,34.461136,0 133.372035,34.461116,0 133.37207,34.461096,0 133.372108,34.461077,0 133.372143,34.461058,0 133.372181,34.461038,0 133.372218,34.461019,0 133.372255,34.461,0 133.372292,34.46098,0 133.372328,34.460961,0 133.372365,34.460941,0 133.372402,34.460922,0 133.372439,34.460903,0 133.372476,34.460884,0 133.372513,34.460866,0 133.37255,34.460847,0 133.372587,34.460828,0 133.372624,34.460809,0 133.372661,34.46079,0 133.372698,34.460771,0 133.372735,34.460752,0 133.372772,34.460732,0 133.372808,34.460712,0 133.372845,34.460693,0 133.372881,34.460673,0 133.372917,34.460652,0 133.372953,34.460632,0 133.372989,34.460611,0 133.373025,34.460592,0 133.373062,34.460572,0 133.373098,34.460552,0 133.373135,34.460533,0 133.373172,34.460513,0 133.373208,34.460494,0 133.373245,34.460474,0 133.373282,34.460455,0 133.373319,34.460437,0 133.373357,34.460418,0 133.373394,34.460399,0 133.373431,34.46038,0 133.373468,34.460361,0 133.373506,34.460342,0 133.373543,34.460324,0 133.37358,34.460305,0 133.373617,34.460286,0 133.373654,34.460268,0 133.373692,34.460249,0 133.373729,34.46023,0 133.373766,34.460211,0 133.373803,34.460192,0 133.37384,34.460173,0 133.373877,34.460154,0 133.373915,34.460136,0 133.373952,34.460117,0 133.37399,34.460099,0 133.374027,34.46008,0 133.374064,34.460062,0 133.374102,34.460044,0 133.374139,34.460025,0 133.374177,34.460007,0 133.374214,34.459988,0 133.374251,34.45997,0 133.374289,34.459951,0 133.374327,34.459932,0 133.374364,34.459913,0 133.374401,34.459894,0 133.374438,34.459875,0 133.374475,34.459856,0 133.374512,34.459837,0 133.374549,34.459818,0 133.374587,34.4598,0 133.374625,34.459783,0 133.374663,34.459766,0 133.374701,34.459749,0 133.37474,34.459732,0 133.374779,34.459716,0 133.374817,34.459698,0 133.374856,34.459682,0 133.374894,34.459665,0 133.374934,34.459648,0 133.374972,34.459632,0 133.37501,34.459615,0 133.375048,34.459597,0 133.375086,34.45958,0 133.375125,34.459563,0 133.375164,34.459546,0 133.375202,34.459529,0 133.37524,34.459512,0 133.375279,34.459495,0 133.375317,34.459478,0 133.375356,34.459461,0 133.375395,34.459444,0 133.375433,34.459428,0 133.375472,34.459412,0 133.375511,34.459395,0 133.375549,34.459378,0 133.375589,34.459362,0 133.375627,34.459345,0 133.375666,34.459329,0 133.375704,34.459312,0 133.375743,34.459295,0 133.375782,34.459278,0 133.375821,34.459262,0 133.37586,34.459247,0 133.375899,34.459231,0 133.375938,34.459215,0 133.375978,34.4592,0 133.376018,34.459186,0 133.376057,34.45917,0 133.376098,34.459157,0 133.376138,34.459142,0 133.376178,34.459129,0 133.376219,34.459116,0 133.37626,34.459104,0 133.376301,34.459092,0 133.376342,34.45908,0 133.376383,34.459069,0 133.376425,34.459058,0 133.376466,34.459045,0 133.376507,34.459033,0 133.376548,34.459021,0 133.376589,34.459008,0 133.376629,34.458996,0 133.376671,34.458984,0 133.376711,34.458971,0 133.376753,34.458958,0 133.376793,34.458946,0 133.376833,34.458932,0 133.376874,34.458919,0 133.376914,34.458904,0 133.376953,34.458889,0 133.376992,34.458873,0 133.377032,34.458857,0 133.37707,34.45884,0 133.377109,34.458823,0 133.377147,34.458805,0 133.377185,34.458788,0 133.377222,34.45877,0 133.37726,34.458752,0 133.377299,34.458735,0 133.377337,34.458717,0 133.377374,34.458699,0 133.377412,34.458682,0 133.37745,34.458664,0 133.377488,34.458647,0 133.377526,34.458629,0 133.377566,34.458611,0 133.377604,34.458594,0 133.377642,34.458577,0 133.37768,34.45856,0 133.377718,34.458542,0 133.377756,34.458525,0 133.377795,34.458508,0 133.377833,34.45849,0 133.377871,34.458473,0 133.377909,34.458455,0 133.377946,34.458437,0 133.377984,34.458419,0 133.378022,34.458401,0 133.378059,34.458382,0 133.378097,34.458364,0 133.378135,34.458346,0 133.378173,34.458328,0 133.37821,34.45831,0 133.378248,34.458292,0 133.378286,34.458274,0 133.378324,34.458257,0 133.378362,34.458239,0 133.3784,34.458222,0 133.378439,34.458204,0 133.378477,34.458187,0 133.378515,34.45817,0 133.378553,34.458152,0 133.378591,34.458135,0 133.378629,34.458117,0 133.378667,34.458099,0 133.378706,34.458082,0 133.378744,34.458064,0 133.378782,34.458047,0 133.37882,34.45803,0 133.378858,34.458013,0 133.378897,34.457997,0 133.378936,34.45798,0 133.378975,34.457964,0 133.379014,34.457948,0 133.379053,34.457933,0 133.379093,34.457916,0 133.379132,34.457901,0 133.379171,34.457884,0 133.379209,34.457867,0 133.379247,34.45785,0 133.379285,34.457832,0 133.379323,34.457814,0 133.37936,34.457796,0 133.379398,34.457777,0 133.379435,34.457758,0 133.379472,34.45774,0 133.37951,34.457721,0 133.379547,34.457703,0 133.379585,34.457685,0 133.379623,34.457667,0 133.37966,34.45765,0 133.379699,34.457632,0 133.379738,34.457615,0 133.379776,34.457597,0 133.379814,34.45758,0 133.379852,34.457562,0 133.37989,34.457545,0 133.379927,34.457527,0 133.379966,34.457509,0 133.380004,34.457491,0 133.380041,34.457473,0 133.380078,34.457454,0 133.380115,34.457434,0 133.380151,34.457414,0 133.380187,34.457394,0 133.380222,34.457373,0 133.380257,34.45735,0 133.380291,34.457329,0 133.380325,34.457305,0 133.380358,34.457283,0 133.380392,34.457259,0 133.380424,34.457235,0 133.380457,34.457212,0 133.38049,34.457188,0 133.380522,34.457165,0 133.380556,34.457141,0 133.38059,34.457119,0 133.380624,34.457096,0 133.380659,34.457075,0 133.380695,34.457053,0 133.38073,34.457032,0 133.380766,34.457012,0 133.380801,34.456992,0 133.380839,34.456972,0 133.380874,34.456952,0 133.380912,34.456932,0 133.380948,34.456913,0 133.380985,34.456894,0 133.381022,34.456875,0 133.381059,34.456856,0 133.381096,34.456837,0 133.381134,34.456819,0 133.381171,34.456801,0 133.381209,34.456783,0 133.381247,34.456766,0 133.381285,34.456747,0 133.381324,34.45673,0 133.381362,34.456713,0 133.381401,34.456696,0 133.381439,34.456679,0 133.381477,34.456662,0 133.381515,34.456644,0 133.381553,34.456627,0 133.381591,34.456609,0 133.381629,34.456591,0 133.381667,34.456573,0 133.381705,34.456555,0 133.381742,34.456537,0 133.38178,34.456519,0 133.381818,34.456502,0 133.381856,34.456485,0 133.381896,34.456468,0 133.381934,34.456451,0 133.381972,34.456434,0 133.382011,34.456418,0 133.382049,34.456401,0 133.382089,34.456384,0 133.382128,34.456368,0 133.382166,34.456351,0 133.382204,34.456334,0 133.382242,34.456316,0 133.382279,34.456298,0 133.382316,34.456278,0 133.382353,34.456259,0 133.382389,34.456239,0 133.382425,34.456219,0 133.382462,34.4562,0 133.382498,34.45618,0 133.382535,34.45616,0 133.382573,34.456141,0 133.38261,34.456122,0 133.382647,34.456103,0 133.382684,34.456085,0 133.382722,34.456066,0 133.382759,34.456048,0 133.382797,34.45603,0 133.382834,34.456012,0 133.382872,34.455994,0 133.38291,34.455976,0 133.382947,34.455958,0 133.382986,34.45594,0 133.383023,34.455921,0 133.383061,34.455903,0 133.383098,34.455884,0 133.383136,34.455866,0 133.383173,34.455847,0 133.38321,34.455829,0 133.383247,34.45581,0 133.383284,34.455791,0 133.383321,34.455771,0 133.383358,34.455752,0 133.383394,34.455733,0 133.383431,34.455713,0 133.383467,34.455694,0 133.383504,34.455674,0 133.383541,34.455656,0 133.38358,34.455637,0 133.383618,34.45562,0 133.383656,34.455603,0 133.383694,34.455586,0 133.383733,34.455569,0 133.383771,34.455551,0 133.38381,34.455534,0 133.383848,34.455517,0 133.383886,34.455499,0 133.383923,34.455481,0 133.383961,34.455463,0 133.383998,34.455444,0 133.384036,34.455426,0 133.384073,34.455407,0 133.38411,34.455389,0 133.384147,34.45537,0 133.384186,34.455351,0 133.384223,34.455333,0 133.38426,34.455314,0 133.384298,34.455295,0 133.384335,34.455277,0 133.384372,34.455259,0 133.384409,34.45524,0 133.384446,34.455221,0 133.384483,34.455202,0 133.38452,34.455184,0 133.384558,34.455165,0 133.384595,34.455146,0 133.384632,34.455127,0 133.384669,34.455109,0 133.384708,34.45509,0 133.384745,34.455072,0 133.384783,34.455054,0 133.38482,34.455036,0 133.384858,34.455017,0 133.384895,34.454999,0 133.384932,34.45498,0 133.384969,34.45496,0 133.385006,34.454941,0 133.385043,34.454922,0 133.385079,34.454903,0 133.385116,34.454884,0 133.385153,34.454864,0 133.38519,34.454845,0 133.385227,34.454826,0 133.385265,34.454807,0 133.385302,34.454788,0 133.385339,34.45477,0 133.385377,34.454752,0 133.385414,34.454733,0 133.385452,34.454715,0 133.385489,34.454697,0 133.385526,34.454678,0 133.385563,34.454659,0 133.3856,34.454639,0 133.385637,34.45462,0 133.385673,34.4546,0 133.385709,34.45458,0 133.385745,34.454559,0 133.385781,34.454539,0 133.385818,34.454519,0 133.385854,34.4545,0 133.385891,34.45448,0 133.385927,34.45446,0 133.385964,34.454441,0 133.386,34.454421,0 133.386037,34.454402,0 133.386074,34.454382,0 133.386111,34.454363,0 133.386147,34.454344,0 133.386184,34.454324,0 133.386221,34.454305,0 133.386257,34.454285,0 133.386294,34.454265,0 133.386332,34.454246,0 133.386367,34.454227,0 133.386405,34.454207,0 133.38644,34.454188,0 133.386478,34.454168,0 133.386515,34.454148,0 133.386551,34.454129,0 133.386588,34.454109,0 133.386624,34.45409,0 133.386661,34.45407,0 133.386697,34.454051,0 133.386734,34.454031,0 133.386771,34.454011,0 133.386807,34.453992,0 133.386844,34.453972,0 133.38688,34.453953,0 133.386917,34.453933,0 133.386953,34.453913,0 133.38699,34.453893,0 133.387026,34.453874,0 133.387063,34.453854,0 133.3871,34.453834,0 133.387136,34.453815,0 133.387173,34.453796,0 133.38721,34.453776,0 133.387246,34.453757,0 133.387283,34.453738,0 133.38732,34.453718,0 133.387357,34.453699,0 133.387393,34.453679,0 133.38743,34.45366,0 133.387467,34.453641,0 133.387503,34.453621,0 133.38754,34.453601,0 133.387576,34.453581,0 133.387612,34.453561,0 133.387649,34.453542,0 133.387685,34.453521,0 133.387721,34.4535,0 133.387756,34.453479,0 133.387792,34.453459,0 133.387828,34.453438,0 133.387863,34.453417,0 133.387899,34.453396,0 133.387935,34.453376,0 133.387971,34.453356,0 133.388008,34.453336,0 133.388045,34.453318,0 133.388083,34.4533,0 133.388121,34.453284,0 133.38816,34.453268,0 133.388201,34.453253,0 133.388241,34.453239,0 133.388281,34.453225,0 133.388321,34.453211,0 133.388361,34.453196,0 133.3884,34.453181,0 133.388439,34.453166,0 133.388479,34.453149,0 133.388518,34.453133,0 133.388556,34.453116,0 133.388594,34.453099,0 133.388633,34.453082,0 133.388671,34.453066,0 133.38871,34.453049,0 133.388749,34.453032,0 133.388787,34.453015,0 133.388826,34.452999,0 133.388865,34.452983,0 133.388905,34.452967,0 133.388943,34.45295,0 133.388982,34.452934,0 133.389021,34.452919,0 133.389061,34.452903,0 133.389099,34.452886,0 133.389138,34.45287,0 133.389177,34.452854,0 133.389216,34.452838,0 133.389256,34.452821,0 133.389294,34.452805,0 133.389333,34.45279,0 133.389372,34.452774,0 133.389413,34.452759,0 133.389452,34.452744,0 133.389492,34.45273,0 133.389532,34.452716,0 133.389573,34.452703,0 133.389613,34.45269,0 133.389655,34.452676,0 133.389694,34.452663,0 133.389734,34.452648,0 133.389773,34.452632,0 133.389813,34.452616,0 133.389851,34.452599,0 133.389889,34.452582,0 133.389927,34.452564,0 133.389964,34.452546,0 133.390002,34.452527,0 133.390039,34.452509,0 133.390076,34.452491,0 133.390114,34.452472,0 133.390152,34.452453,0 133.390189,34.452434,0 133.390226,34.452415,0 133.390263,34.452396,0 133.390299,34.452376,0 133.390336,34.452356,0 133.390372,34.452337,0 133.390408,34.452317,0 133.390445,34.452297,0 133.390481,34.452277,0 133.390517,34.452257,0 133.390554,34.452237,0 133.39059,34.452218,0 133.390627,34.452198,0 133.390663,34.452178,0 133.3907,34.452158,0 133.390736,34.452138,0 133.390772,34.452117,0 133.390808,34.452097,0 133.390843,34.452076,0 133.390877,34.452054,0 133.390912,34.452033,0 133.390947,34.45201,0 133.390981,34.451988,0 133.391015,34.451965,0 133.391047,34.451942,0 133.39108,34.451918,0 133.391113,34.451894,0 133.391145,34.45187,0 133.391178,34.451845,0 133.39121,34.451821,0 133.391241,34.451796,0 133.391272,34.45177,0 133.391301,34.451744,0 133.39133,34.451716,0 133.391356,34.451688,0 133.391379,34.451657,0 133.391395,34.451624,0 133.391404,34.451588,0 133.391403,34.451552,0 133.391392,34.451517,0 133.391373,34.451485,0 133.39135,34.451454,0 133.391325,34.451425,0 133.391297,34.451397,0 133.391269,34.45137,0 133.391238,34.451344,0 133.391208,34.451318,0 133.391177,34.451293,0 133.391147,34.451267,0 133.391116,34.451241,0 133.391086,34.451215,0 133.391055,34.45119,0 133.391025,34.451164,0 133.390994,34.451139,0 133.390963,34.451113,0 133.390933,34.451086,0 133.390904,34.45106,0 133.390874,34.451034,0 133.390844,34.451008,0 133.390814,34.450981,0 133.390784,34.450955,0 133.390754,34.450929,0 133.390724,34.450903,0 133.390694,34.450876,0 133.390664,34.450851,0 133.390633,34.450825,0 133.390603,34.4508,0 133.390572,34.450774,0 133.390542,34.450748,0 133.390511,34.450722,0 133.39048,34.450697,0 133.390449,34.450671,0 133.390419,34.450646,0 133.390389,34.45062,0 133.390359,34.450593,0 133.390328,34.450567,0 133.390299,34.450541,0 133.390268,34.450515,0 133.390239,34.450489,0 133.390209,34.450462,0 133.390179,34.450436,0 133.390149,34.45041,0 133.390119,34.450383,0 133.390088,34.450358,0 133.390059,34.450332,0 133.390028,34.450306,0 133.389997,34.450281,0 133.389966,34.450254,0 133.389936,34.450229,0 133.389905,34.450204,0 133.389875,34.450178,0 133.389844,34.450153,0 133.389814,34.450126,0 133.389783,34.4501,0 133.389754,34.450074,0 133.389723,34.450048,0 133.389694,34.450022,0 133.389663,34.449996,0 133.389634,34.44997,0 133.389604,34.449943,0 133.389574,34.449916,0 133.389544,34.44989,0 133.389514,34.449864,0 133.389483,34.449838,0 133.389454,34.449813,0 133.389423,34.449787,0 133.389393,34.449761,0 133.389362,34.449734,0 133.389332,34.449709,0 133.389301,34.449683,0 133.389271,34.449658,0 133.38924,34.449632,0 133.38921,34.449606,0 133.389179,34.44958,0 133.389149,34.449555,0 133.389117,34.44953,0 133.389087,34.449504,0 133.389056,34.449478,0 133.389027,34.449452,0 133.388996,34.449426,0 133.388966,34.4494,0 133.388936,34.449374,0 133.388906,34.449348,0 133.388876,34.449322,0 133.388846,34.449295,0 133.388815,34.449269,0 133.388786,34.449243,0 133.388755,34.449218,0 133.388725,34.449192,0 133.388694,34.449167,0 133.388663,34.44914,0 133.388632,34.449115,0 133.388602,34.449089,0 133.388571,34.449064,0 133.388541,34.449038,0 133.38851,34.449012,0 133.388481,34.448986,0 133.38845,34.44896,0 133.388421,34.448934,0 133.38839,34.448907,0 133.388361,34.448881,0 133.388331,34.448855,0 133.388301,34.448829,0 133.388271,34.448802,0 133.388241,34.448776,0 133.38821,34.44875,0 133.38818,34.448725,0 133.388149,34.448699,0 133.388119,34.448674,0 133.388088,34.448647,0 133.388058,34.448622,0 133.388027,34.448596,0 133.387997,34.448571,0 133.387966,34.448545,0 133.387936,34.448519,0 133.387905,34.448493,0 133.387876,34.448467,0 133.387845,34.448441,0 133.387816,34.448414,0 133.387786,34.448388,0 133.387757,34.448362,0 133.387728,34.448335,0 133.387698,34.448309,0 133.387669,34.448282,0 133.387639,34.448254,0 133.38761,34.448228,0 133.387581,34.448201,0 133.387551,34.448175,0 133.387521,34.448149,0 133.387491,34.448123,0 133.387461,34.448097,0 133.387431,34.448071,0 133.387401,34.448044,0 133.38737,34.448018,0 133.38734,34.447993,0 133.387309,34.447967,0 133.387279,34.447941,0 133.387248,34.447916,0 133.387218,34.447889,0 133.387188,34.447863,0 133.387158,34.447837,0 133.387128,34.447811,0 133.387098,34.447785,0 133.387068,34.447759,0 133.387038,34.447733,0 133.387008,34.447706,0 133.386979,34.44768,0 133.386948,34.447654,0 133.386918,34.447628,0 133.386887,34.447602,0 133.386857,34.447576,0 133.386826,34.447551,0 133.386796,34.447524,0 133.386765,34.447499,0 133.386735,34.447474,0 133.386704,34.447448,0 133.386674,34.447423,0 133.386643,34.447396,0 133.386613,34.44737,0 133.386583,34.447344,0 133.386553,34.447318,0 133.386523,34.447292,0 133.386494,34.447265,0 133.386466,34.447238,0 133.386436,34.447211,0 133.386408,34.447184,0 133.386379,34.447156,0 133.386351,34.447129,0 133.386324,34.447101,0 133.386297,34.447073,0 133.386269,34.447044,0 133.386243,34.447015,0 133.386218,34.446986,0 133.386193,34.446957,0 133.386169,34.446926,0 133.386146,34.446895,0 133.386123,34.446865,0 133.386103,34.446833,0 133.386081,34.446802,0 133.38606,34.44677,0 133.386041,34.446738,0 133.38602,34.446706,0 133.386001,34.446674,0 133.385983,34.446641,0 133.385964,34.446609,0 133.385947,34.446575,0 133.38593,34.446542,0 133.385915,34.446509,0 133.3859,34.446474,0 133.385887,34.44644,0 133.385874,34.446406,0 133.385861,34.446372,0 133.385849,34.446337,0 133.385838,34.446301,0 133.385828,34.446266,0 133.385818,34.446231,0 133.385809,34.446196,0 133.385802,34.446161,0 133.385794,34.446125,0 133.385788,34.44609,0 133.385782,34.446053,0 133.385778,34.446017,0 133.385773,34.445982,0 133.385769,34.445946,0 133.385766,34.44591,0 133.385764,34.445874,0 133.385762,34.445838,0 133.385759,34.445802,0 133.385758,34.445766,0 133.385756,34.44573,0 133.385755,34.445694,0 133.385753,34.445658,0 133.385751,34.445622,0 133.385748,34.445586,0 133.385746,34.44555,0 133.385743,34.445514,0 133.385741,34.445478,0 133.385739,34.445442,0 133.385738,34.445406,0 133.385736,34.44537,0 133.385735,34.445334,0 133.385734,34.445298,0 133.385732,34.445262,0 133.38573,34.445226,0 133.385728,34.44519,0 133.385726,34.445154,0 133.385722,34.445118,0 133.38572,34.445082,0 133.385718,34.445046,0 133.385716,34.44501,0 133.385715,34.444974,0 133.385714,34.444938,0 133.385712,34.444902,0 133.385711,34.444866,0 133.38571,34.44483,0 133.385708,34.444793,0 133.385706,34.444757,0 133.385704,34.444721,0 133.3857,34.444685,0 133.385698,34.444649,0 133.385696,34.444613,0 133.385694,34.444578,0 133.385693,34.444542,0 133.385692,34.444506,0 133.385692,34.44447,0 133.385691,34.444434,0 133.38569,34.444398,0 133.385688,34.444362,0 133.385686,34.444326,0 133.385684,34.44429,0 133.385682,34.444254,0 133.385679,34.444218,0 133.385676,34.444181,0 133.385674,34.444145,0 133.385672,34.444109,0 133.385671,34.444073,0 133.38567,34.444037,0 133.38567,34.444001,0 133.385669,34.443965,0 133.385668,34.443929,0 133.385666,34.443893,0 133.385663,34.443857,0 133.385661,34.443821,0 133.385659,34.443785,0 133.385656,34.443749,0 133.385654,34.443713,0 133.385651,34.443677,0 133.38565,34.443641,0 133.385649,34.443605,0 133.385648,34.443569,0 133.385647,34.443533,0 133.385645,34.443497,0 133.385643,34.443461,0 133.385641,34.443425,0 133.385638,34.443389,0 133.385635,34.443353,0 133.385633,34.443317,0 133.385631,34.443281,0 133.385629,34.443245,0 133.385627,34.443209,0 133.385626,34.443173,0 133.385625,34.443137,0 133.385625,34.443101,0 133.385623,34.443065,0 133.385622,34.443029,0 133.385619,34.442993,0 133.385617,34.442957,0 133.385613,34.442921,0 133.385611,34.442884,0 133.385609,34.442848,0 133.385607,34.442812,0 133.385606,34.442776,0 133.385605,34.44274,0 133.385603,34.442704,0 133.385602,34.442668,0 133.3856,34.442632,0 133.385599,34.442597,0 133.385596,34.442561,0 133.385594,34.442525,0 133.38559,34.442489,0 133.385588,34.442453,0 133.385586,34.442417,0 133.385585,34.442381,0 133.385583,34.442345,0 133.385582,34.442309,0 133.385581,34.442273,0 133.385578,34.442236,0 133.385577,34.4422,0 133.385574,34.442164,0 133.385572,34.442128,0 133.385569,34.442092,0 133.385566,34.442056,0 133.385564,34.44202,0 133.385563,34.441984,0 133.385561,34.441948,0 133.38556,34.441912,0 133.385559,34.441876,0 133.385558,34.44184,0 133.385556,34.441805,0 133.385552,34.441769,0 133.38555,34.441733,0 133.385547,34.441697,0 133.385545,34.441661,0 133.385542,34.441624,0 133.385541,34.441588,0 133.385539,34.441552,0 133.385538,34.441516,0 133.385536,34.44148,0 133.385535,34.441444,0 133.385532,34.441408,0 133.385529,34.441372,0 133.385527,34.441336,0 133.385524,34.4413,0 133.385522,34.441264,0 133.38552,34.441228,0 133.385516,34.441192,0 133.385512,34.441157,0 133.385505,34.441121,0 133.385497,34.441085,0 133.385486,34.44105,0 133.385473,34.441016,0 133.385457,34.440982,0 133.385443,34.440948,0 133.385428,34.440914,0 133.385416,34.44088,0 133.385405,34.440845,0 133.385397,34.44081,0 133.385392,34.440774,0 133.385389,34.440738,0 133.385388,34.440702,0 133.385387,34.440665,0 133.385387,34.440629,0 133.385387,34.440593,0 133.385387,34.440557,0 133.385387,34.440521,0 133.385385,34.440485,0 133.385384,34.440449,0 133.385382,34.440413,0 133.38538,34.440377,0 133.385378,34.440341,0 133.385376,34.440305,0 133.385372,34.440269,0 133.38537,34.440234,0 133.385368,34.440198,0 133.385367,34.440162,0 133.385366,34.440126,0 133.385365,34.44009,0 133.385365,34.440053,0 133.385365,34.440017,0 133.385365,34.439981,0 133.385365,34.439945,0 133.385365,34.439909,0 133.385365,34.439873,0 133.385365,34.439837,0 133.385365,34.439801,0 133.385365,34.439765,0 133.385365,34.439729,0 133.385365,34.439693,0 133.385365,34.439657,0 133.385365,34.439621,0 133.385365,34.439585,0 133.385365,34.439549,0 133.385365,34.439513,0 133.385366,34.439477,0 133.385366,34.439441,0 133.385366,34.439405,0 133.385366,34.439368,0 133.385366,34.439332,0 133.385366,34.439296,0 133.385366,34.43926,0 133.385366,34.439224,0 133.385366,34.439188,0 133.385365,34.439152,0 133.385365,34.439116,0 133.385365,34.43908,0 133.385365,34.439044,0 133.385365,34.439008,0 133.385365,34.438972,0 133.385365,34.438936,0 133.385365,34.4389,0 133.385365,34.438864,0 133.385365,34.438828,0 133.385365,34.438792,0 133.385365,34.438756,0 133.385365,34.43872,0 133.385365,34.438684,0 133.385365,34.438647,0 133.385365,34.438611,0 133.385365,34.438575,0 133.385365,34.438539,0 133.385365,34.438503,0 133.385366,34.438467,0 133.385367,34.438431,0 133.385368,34.438395,0 133.38537,34.438359,0 133.385372,34.438323,0 133.385375,34.438287,0 133.385378,34.438251,0 133.38538,34.438215,0 133.385382,34.438179,0 133.385384,34.438143,0 133.385385,34.438107,0 133.385385,34.438071,0 133.385387,34.438035,0 133.385387,34.437999,0 133.385387,34.437962,0 133.385387,34.437926,0 133.385387,34.43789,0 133.385387,34.437854,0 133.385387,34.437818,0 133.385387,34.437782,0 133.385387,34.437746,0 133.385387,34.43771,0 133.385387,34.437674,0 133.385387,34.437638,0 133.385387,34.437602,0 133.385387,34.437566,0 133.385387,34.43753,0 133.385387,34.437494,0 133.385387,34.437458,0 133.385387,34.437422,0 133.385387,34.437386,0 133.385387,34.43735,0 133.385387,34.437314,0 133.385387,34.437277,0 133.385387,34.437241,0 133.385387,34.437205,0 133.385387,34.437169,0 133.385387,34.437133,0 133.385387,34.437097,0 133.385387,34.437061,0 133.385387,34.437025,0 133.385387,34.436989,0 133.385387,34.436953,0 133.385387,34.436917,0 133.385387,34.436881,0 133.385387,34.436845,0 133.385387,34.436809,0 133.385387,34.436773,0 133.385387,34.436737,0 133.385387,34.436701,0 133.385387,34.436665,0 133.385387,34.436629,0 133.385387,34.436592,0 133.385387,34.436556,0 133.385387,34.43652,0 133.385387,34.436484,0 133.385387,34.436448,0 133.385387,34.436412,0 133.385387,34.436376,0 133.385387,34.43634,0 133.385387,34.436304,0 133.385387,34.436268,0 133.385387,34.436232,0 133.385387,34.436196,0 133.385388,34.43616,0 133.385388,34.436124,0 133.385389,34.436088,0 133.38539,34.436052,0 133.385391,34.436016,0 133.385391,34.43598,0 133.385392,34.435944,0 133.385392,34.435907,0 133.385392,34.435871,0 133.385391,34.435835,0 133.38539,34.435799,0 133.385389,34.435763,0 133.385388,34.435727,0 133.385388,34.435691,0 133.385387,34.435655,0 133.385387,34.435619,0 133.385387,34.435583,0 133.385387,34.435547,0 133.385387,34.435511,0 133.385387,34.435475,0 133.385387,34.435439,0 133.385387,34.435403,0 133.385387,34.435367,0 133.385387,34.435331,0 133.385387,34.435295,0 133.385387,34.435259,0 133.385387,34.435222,0 133.385387,34.435186,0 133.385387,34.43515,0 133.385385,34.435114,0 133.385384,34.435078,0 133.385383,34.435042,0 133.385381,34.435006,0 133.385379,34.43497,0 133.385377,34.434934,0 133.385374,34.434898,0 133.38537,34.434863,0 133.385367,34.434827,0 133.385364,34.434791,0 133.38536,34.434755,0 133.385357,34.434719,0 133.385354,34.434683,0 133.385351,34.434647,0 133.385348,34.434611,0 133.385346,34.434574,0 133.385344,34.434538,0 133.385342,34.434502,0 133.38534,34.434467,0 133.385338,34.434431,0 133.385334,34.434395,0 133.385332,34.434359,0 133.385329,34.434323,0 133.385327,34.434287,0 133.385323,34.434251,0 133.385321,34.434215,0 133.385319,34.434179,0 133.385317,34.434143,0 133.385315,34.434107,0 133.385311,34.434071,0 133.385309,34.434035,0 133.385306,34.433999,0 133.385304,34.433962,0 133.385303,34.433927,0 133.385302,34.433891,0 133.3853,34.433855,0 133.385302,34.433819,0 133.385303,34.433783,0 133.385305,34.433747,0 133.385307,34.433711,0 133.38531,34.433675,0 133.385315,34.433639,0 133.385319,34.433603,0 133.385323,34.433567,0 133.385329,34.433532,0 133.385334,34.433496,0 133.38534,34.43346,0 133.385345,34.433424,0 133.385352,34.433388,0 133.385358,34.433353,0 133.385365,34.433317,0 133.38537,34.433281,0 133.385377,34.433246,0 133.385383,34.43321,0 133.385389,34.433175,0 133.385395,34.433139,0 133.385402,34.433103,0 133.385408,34.433067,0 133.385416,34.433031,0 133.385424,34.432996,0 133.385433,34.432961,0 133.385442,34.432926,0 133.385453,34.432891,0 133.385464,34.432856,0 133.385475,34.432821,0 133.385487,34.432786,0 133.3855,34.432752,0 133.385513,34.432718,0 133.385527,34.432684,0 133.385541,34.432649,0 133.385557,34.432616,0 133.385572,34.432583,0 133.385588,34.432548,0 133.385606,34.432515,0 133.385622,34.432483,0 133.385639,34.432449,0 133.385658,34.432416,0 133.385675,34.432383,0 133.385694,34.432351,0 133.385712,34.432318,0 133.385731,34.432285,0 133.38575,34.432253,0 133.385768,34.43222,0 133.385788,34.432188,0 133.385806,34.432155,0 133.385826,34.432123,0 133.385844,34.43209,0 133.385864,34.432058,0 133.385884,34.432026,0 133.385902,34.431993,0 133.385921,34.431961,0 133.385939,34.431928,0 133.385958,34.431896,0 133.385976,34.431862,0 133.385995,34.43183,0 133.386012,34.431798,0 133.386031,34.431764,0 133.386049,34.431732,0 133.386067,34.431699,0 133.386085,34.431666,0 133.386103,34.431633,0 133.386119,34.4316,0 133.386135,34.431566,0 133.386151,34.431533,0 133.386166,34.431499,0 133.386181,34.431465,0 133.386196,34.431432,0 133.386213,34.431398,0 133.386229,34.431364,0 133.386245,34.431331,0 133.386262,34.431297,0 133.386278,34.431264,0 133.386294,34.431231,0 133.38631,34.431197,0 133.386326,34.431163,0 133.386341,34.43113,0 133.386355,34.431095,0 133.38637,34.431061,0 133.386383,34.431027,0 133.386396,34.430993,0 133.386408,34.430958,0 133.386419,34.430923,0 133.386429,34.430888,0 133.386437,34.430853,0 133.386445,34.430817,0 133.386451,34.430782,0 133.386458,34.430746,0 133.386462,34.430711,0 133.386467,34.430674,0 133.38647,34.430638,0 133.386472,34.430602,0 133.386473,34.430566,0 133.386472,34.43053,0 133.386471,34.430494,0 133.386469,34.430458,0 133.386466,34.430422,0 133.386463,34.430386,0 133.38646,34.43035,0 133.386457,34.430314,0 133.386455,34.430278,0 133.386452,34.430242,0 133.386449,34.430207,0 133.386446,34.430171,0 133.38644,34.430135,0 133.386434,34.430099,0 133.386423,34.430064,0 133.386409,34.43003,0 133.386389,34.429998,0 133.386365,34.429968,0 133.386338,34.42994,0 133.386309,34.429913,0 133.386278,34.429888,0 133.386247,34.429862,0 133.386217,34.429835,0 133.386189,34.429808,0 133.386161,34.42978,0 133.386135,34.429751,0 133.386111,34.429721,0 133.386088,34.42969,0 133.386067,34.42966,0 133.386046,34.429628,0 133.386024,34.429597,0 133.386005,34.429564,0 133.385984,34.429533,0 133.385964,34.4295,0 133.385945,34.429468,0 133.385925,34.429436,0 133.385905,34.429404,0 133.385887,34.429371,0 133.385867,34.429339,0 133.385849,34.429306,0 133.38583,34.429274,0 133.385812,34.429241,0 133.385792,34.429208,0 133.385773,34.429176,0 133.385755,34.429143,0 133.385736,34.429111,0 133.385718,34.429078,0 133.385699,34.429046,0 133.385681,34.429012,0 133.385661,34.42898,0 133.385643,34.428948,0 133.385623,34.428916,0 133.385603,34.428884,0 133.385584,34.428851,0 133.385564,34.428819,0 133.385546,34.428787,0 133.385526,34.428755,0 133.385506,34.428722,0 133.385487,34.42869,0 133.385468,34.428657,0 133.385449,34.428625,0 133.385429,34.428592,0 133.385409,34.428561,0 133.385391,34.428528,0 133.385371,34.428496,0 133.385353,34.428464,0 133.385333,34.428431,0 133.385315,34.428398,0 133.385297,34.428365,0 133.38528,34.428333,0 133.385262,34.4283,0 133.385247,34.428265,0 133.385232,34.428232,0 133.385218,34.428198,0 133.385205,34.428163,0 133.385194,34.428128,0 133.385183,34.428093,0 133.385173,34.428058,0 133.385163,34.428023,0 133.385154,34.427988,0 133.385145,34.427953,0 133.385136,34.427917,0 133.385127,34.427882,0 133.385118,34.427847,0 133.38511,34.427811,0 133.3851,34.427776,0 133.385091,34.427741,0 133.385081,34.427706,0 133.385072,34.42767,0 133.385063,34.427635,0 133.385054,34.4276,0 133.385045,34.427565,0 133.385037,34.427529,0 133.385029,34.427494,0 133.385019,34.427459,0 133.385011,34.427423,0 133.385001,34.427388,0 133.384991,34.427353,0 133.384981,34.427318,0 133.38497,34.427283,0 133.384958,34.427249,0 133.384947,34.427213,0 133.384935,34.427179,0 133.384924,34.427144,0 133.384912,34.427109,0 133.384902,34.427075,0 133.384891,34.42704,0 133.38488,34.427004,0 133.384869,34.426969,0 133.384859,34.426934,0 133.38485,34.426899,0 133.384842,34.426864,0 133.384833,34.426829,0 133.384826,34.426793,0 133.38482,34.426757,0 133.384814,34.426721,0 133.38481,34.426685,0 133.384806,34.42665,0 133.384804,34.426614,0 133.384801,34.426578,0 133.384801,34.426542,0 133.384801,34.426506,0 133.384802,34.42647,0 133.384805,34.426434,0 133.384808,34.426398,0 133.384811,34.426362,0 133.384814,34.426326,0 133.384819,34.42629,0 133.384823,34.426254,0 133.384826,34.426218,0 133.384831,34.426182,0 133.384835,34.426146,0 133.384841,34.42611,0 133.384845,34.426074,0 133.38485,34.426039,0 133.384855,34.426003,0 133.38486,34.425967,0 133.384866,34.425932,0 133.38487,34.425896,0 133.384875,34.42586,0 133.38488,34.425824,0 133.384884,34.425789,0 133.384889,34.425752,0 133.384894,34.425716,0 133.384898,34.42568,0 133.384903,34.425644,0 133.384907,34.425609,0 133.384911,34.425573,0 133.384916,34.425537,0 133.384921,34.425501,0 133.384926,34.425465,0 133.38493,34.42543,0 133.384935,34.425394,0 133.384942,34.425358,0 133.384948,34.425323,0 133.384956,34.425286,0 133.384964,34.425251,0 133.384971,34.425216,0 133.384979,34.42518,0 133.384986,34.425145,0 133.384993,34.425109,0 133.385,34.425074,0 133.385005,34.425038,0 133.385012,34.425003,0 133.385018,34.424967,0 133.385025,34.424931,0 133.385032,34.424895,0 133.38504,34.42486,0 133.385049,34.424825,0 133.385056,34.424789,0 133.385066,34.424754,0 133.385075,34.424719,0 133.385084,34.424684,0 133.385093,34.424648,0 133.385103,34.424613,0 133.385113,34.424578,0 133.385123,34.424543,0 133.385133,34.424508,0 133.385142,34.424473,0 133.385152,34.424437,0 133.385162,34.424402,0 133.385171,34.424367,0 133.385181,34.424332,0 133.385189,34.424297,0 133.385199,34.424262,0 133.385208,34.424226,0 133.385217,34.42419,0 133.385225,34.424155,0 133.385234,34.42412,0 133.385243,34.424085,0 133.38525,34.424049,0 133.385258,34.424014,0 133.385266,34.423979,0 133.385272,34.423943,0 133.385278,34.423907,0 133.385282,34.423871,0 133.385285,34.423835,0 133.385286,34.423799,0 133.385286,34.423763,0 133.385285,34.423727,0 133.385283,34.423691,0 133.385279,34.423655,0 133.385275,34.423619,0 133.38527,34.423583,0 133.385266,34.423548,0 133.385261,34.423512,0 133.385256,34.423476,0 133.385251,34.42344,0 133.385247,34.423404,0 133.385244,34.423368,0 133.385241,34.423332,0 133.385238,34.423296,0 133.385236,34.42326,0 133.385235,34.423224,0 133.385234,34.423188,0 133.385233,34.423152,0 133.385232,34.423116,0 133.385231,34.42308,0 133.385229,34.423044,0 133.385226,34.423008,0 133.385223,34.422972,0 133.385221,34.422936,0 133.38522,34.4229,0 133.385219,34.422864,0 133.38522,34.422828,0 133.385221,34.422792,0 133.385225,34.422756,0 133.385231,34.42272,0 133.385237,34.422684,0 133.385245,34.422649,0 133.385255,34.422614,0 133.385265,34.422579,0 133.385277,34.422544,0 133.385288,34.42251,0 133.385302,34.422475,0 133.385315,34.422441,0 133.385328,34.422406,0 133.385341,34.422372,0 133.385355,34.422337,0 133.385368,34.422303,0 133.385381,34.422269,0 133.385394,34.422235,0 133.385407,34.4222,0 133.385421,34.422166,0 133.385435,34.422132,0 133.385449,34.422098,0 133.385464,34.422064,0 133.38548,34.422031,0 133.385499,34.421998,0 133.38552,34.421966,0 133.385541,34.421935,0 133.385565,34.421905,0 133.385589,34.421874,0 133.385613,34.421844,0 133.385635,34.421813,0 133.385654,34.42178,0 133.385667,34.421746,0 133.385672,34.42171,0 133.38567,34.421675,0 133.385662,34.421639,0 133.38565,34.421605,0 133.385636,34.42157,0 133.385621,34.421536,0 133.385603,34.421503,0 133.385587,34.42147,0 133.38557,34.421437,0 133.385552,34.421404,0 133.385534,34.421371,0 133.385515,34.421339,0 133.385497,34.421305,0 133.385478,34.421273,0 133.38546,34.421241,0 133.38544,34.421208,0 133.385421,34.421176,0 133.385402,34.421144,0 133.385382,34.421112,0 133.385364,34.421079,0 133.385344,34.421047,0 133.385326,34.421014,0 133.385306,34.420982,0 133.385286,34.420949,0 133.385267,34.420917,0 133.385247,34.420885,0 133.385227,34.420853,0 133.385208,34.420821,0 133.385188,34.420788,0 133.38517,34.420757,0 133.38515,34.420724,0 133.38513,34.420692,0 133.385111,34.420659,0 133.385091,34.420627,0 133.385073,34.420594,0 133.385053,34.420562,0 133.385035,34.420529,0 133.385016,34.420497,0 133.384999,34.420464,0 133.384981,34.420431,0 133.384964,34.420398,0 133.384947,34.420364,0 133.384932,34.42033,0 133.384918,34.420297,0 133.384904,34.420263,0 133.38489,34.420228,0 133.384878,34.420194,0 133.384865,34.420159,0 133.384854,34.420125,0 133.384844,34.42009,0 133.384834,34.420054,0 133.384826,34.420018,0 133.38482,34.419983,0 133.384814,34.419947,0 133.38481,34.419911,0 133.384808,34.419875,0 133.384807,34.419839,0 133.384807,34.419803,0 133.384809,34.419767,0 133.384812,34.419732,0 133.384815,34.419696,0 133.38482,34.41966,0 133.384824,34.419624,0 133.384829,34.419588,0 133.384834,34.419552,0 133.384839,34.419516,0 133.384846,34.41948,0 133.384851,34.419445,0 133.384858,34.419409,0 133.384863,34.419374,0 133.38487,34.419338,0 133.384877,34.419302,0 133.384883,34.419267,0 133.384889,34.419231,0 133.384893,34.419195,0 133.384897,34.419159,0 133.384901,34.419123,0 133.384903,34.419087,0 133.384903,34.419051,0 133.384902,34.419015,0 133.384899,34.418979,0 133.384896,34.418943,0 133.384891,34.418907,0 133.384885,34.418872,0 133.384879,34.418836,0 133.384871,34.418801,0 133.384863,34.418765,0 133.384856,34.418729,0 133.384848,34.418693,0 133.384841,34.418658,0 133.384834,34.418623,0 133.384826,34.418587,0 133.38482,34.418552,0 133.384812,34.418516,0 133.384805,34.418481,0 133.384798,34.418445,0 133.38479,34.41841,0 133.384784,34.418373,0 133.384777,34.418338,0 133.38477,34.418302,0 133.384763,34.418267,0 133.384757,34.418231,0 133.38475,34.418196,0 133.384744,34.41816,0 133.384737,34.418125,0 133.38473,34.418089,0 133.384723,34.418053,0 133.384716,34.418017,0 133.38471,34.417982,0 133.384703,34.417946,0 133.384697,34.41791,0 133.38469,34.417875,0 133.384684,34.417839,0 133.384677,34.417804,0 133.384671,34.417768,0 133.384664,34.417733,0 133.384657,34.417697,0 133.384651,34.417661,0 133.384645,34.417625,0 133.384639,34.417589,0 133.384632,34.417554,0 133.384626,34.417518,0 133.384619,34.417483,0 133.384613,34.417447,0 133.384606,34.417412,0 133.3846,34.417376,0 133.384593,34.417341,0 133.384587,34.417305,0 133.38458,34.417268,0 133.384574,34.417233,0 133.384567,34.417197,0 133.38456,34.417162,0 133.384554,34.417126,0 133.384547,34.417091,0 133.384541,34.417055,0 133.384534,34.41702,0 133.384528,34.416984,0 133.384521,34.416948,0 133.384515,34.416912,0 133.384508,34.416876,0 133.384502,34.416841,0 133.384495,34.416805,0 133.384489,34.41677,0 133.384482,34.416734,0 133.384477,34.416699,0 133.38447,34.416663,0 133.384463,34.416627,0 133.384457,34.416592,0 133.384451,34.416556,0 133.384445,34.41652,0 133.384438,34.416484,0 133.384431,34.416449,0 133.384424,34.416413,0 133.384418,34.416378,0 133.384411,34.416342,0 133.384404,34.416307,0 133.384397,34.416271,0 133.38439,34.416236,0 133.384384,34.4162,0 133.384377,34.416164,0 133.384371,34.416128,0 133.384363,34.416093,0 133.384357,34.416057,0 133.38435,34.416021,0 133.384344,34.415986,0 133.384338,34.41595,0 133.384332,34.415915,0 133.384325,34.415879,0 133.384319,34.415843,0 133.384313,34.415807,0 133.384307,34.415771,0 133.3843,34.415736,0 133.384295,34.4157,0 133.384288,34.415665,0 133.384281,34.415629,0 133.384276,34.415593,0 133.384269,34.415558,0 133.384264,34.415522,0 133.384257,34.415487,0 133.384251,34.415451,0 133.384245,34.415414,0 133.38424,34.415379,0 133.384235,34.415343,0 133.384228,34.415307,0 133.384223,34.415272,0 133.384217,34.415236,0 133.384212,34.4152,0 133.384206,34.415165,0 133.384201,34.415129,0 133.384195,34.415093,0 133.384189,34.415058,0 133.384183,34.415021,0 133.384178,34.414985,0 133.384172,34.41495,0 133.384167,34.414914,0 133.384162,34.414878,0 133.384156,34.414843,0 133.384152,34.414807,0 133.384147,34.414771,0 133.384143,34.414735,0 133.384139,34.414699,0 133.384134,34.414664,0 133.38413,34.414628,0 133.384127,34.414592,0 133.384122,34.414556,0 133.384119,34.414519,0 133.384116,34.414483,0 133.384111,34.414447,0 133.384108,34.414412,0 133.384104,34.414376,0 133.384101,34.41434,0 133.384096,34.414304,0 133.384092,34.414268,0 133.384087,34.414232,0 133.384083,34.414197,0 133.38408,34.414161,0 133.384075,34.414125,0 133.384071,34.414089,0 133.384068,34.414053,0 133.384063,34.414017,0 133.38406,34.413981,0 133.384056,34.413945,0 133.384053,34.413909,0 133.384047,34.413873,0 133.384042,34.413838,0 133.384035,34.413802,0 133.384028,34.413767,0 133.384019,34.413731,0 133.384009,34.413696,0 133.383998,34.413661,0 133.383987,34.413626,0 133.383975,34.413592,0 133.383962,34.413557,0 133.38395,34.413523,0 133.383936,34.413488,0 133.383923,34.413454,0 133.38391,34.41342,0 133.383897,34.413386,0 133.383883,34.413351,0 133.383869,34.413317,0 133.383856,34.413283,0 133.383842,34.413249,0 133.383829,34.413213,0 133.383816,34.413179,0 133.383803,34.413145,0 133.383791,34.413111,0 133.383778,34.413076,0 133.383765,34.413041,0 133.383752,34.413007,0 133.383739,34.412973,0 133.383726,34.412939,0 133.383711,34.412904,0 133.383697,34.41287,0 133.383683,34.412836,0 133.383669,34.412802,0 133.383655,34.412768,0 133.383641,34.412734,0 133.383626,34.4127,0 133.383612,34.412665,0 133.383598,34.412631,0 133.383585,34.412597,0 133.383571,34.412563,0 133.383558,34.412528,0 133.383544,34.412494,0 133.383531,34.41246,0 133.383517,34.412426,0 133.383503,34.412391,0 133.38349,34.412357,0 133.383477,34.412323,0 133.383464,34.412289,0 133.383452,34.412254,0 133.383439,34.412219,0 133.383426,34.412185,0 133.383413,34.412151,0 133.3834,34.412117,0 133.383387,34.412082,0 133.383374,34.412047,0 133.383362,34.412013,0 133.383349,34.411979,0 133.383335,34.411944,0 133.383323,34.411909,0 133.38331,34.411875,0 133.383298,34.411841,0 133.383285,34.411806,0 133.383273,34.411771,0 133.38326,34.411737,0 133.383248,34.411702,0 133.383236,34.411668,0 133.383224,34.411633,0 133.383212,34.411598,0 133.3832,34.411563,0 133.383188,34.411529,0 133.383176,34.411495,0 133.383164,34.41146,0 133.383152,34.411425,0 133.38314,34.41139,0 133.383129,34.411356,0 133.383117,34.411321,0 133.383105,34.411286,0 133.383093,34.411251,0 133.383081,34.411217,0 133.383071,34.411182,0 133.383059,34.411147,0 133.383047,34.411113,0 133.383036,34.411077,0 133.383025,34.411043,0 133.383014,34.411008,0 133.383002,34.410973,0 133.382991,34.410939,0 133.38298,34.410903,0 133.382969,34.410868,0 133.382958,34.410833,0 133.382947,34.410799,0 133.382935,34.410764,0 133.382925,34.410729,0 133.382915,34.410694,0 133.382904,34.410659,0 133.382894,34.410624,0 133.382883,34.410589,0 133.382874,34.410554,0 133.382865,34.410519,0 133.382855,34.410483,0 133.382846,34.410448,0 133.382837,34.410413,0 133.382829,34.410377,0 133.38282,34.410342,0 133.382812,34.410307,0 133.382806,34.410271,0 133.382798,34.410236,0 133.382793,34.4102,0 133.382786,34.410164,0 133.38278,34.410128,0 133.382774,34.410092,0 133.382768,34.410057,0 133.382762,34.410021,0 133.382756,34.409985,0 133.38275,34.40995,0 133.382744,34.409914,0 133.382737,34.409879,0 133.382732,34.409843,0 133.382725,34.409807,0 133.382719,34.409771,0 133.382712,34.409735,0 133.382707,34.4097,0 133.3827,34.409664,0 133.382694,34.409629,0 133.382687,34.409593,0 133.38268,34.409558,0 133.382673,34.409522,0 133.382666,34.409487,0 133.382659,34.409451,0 133.382651,34.409415,0 133.382643,34.409379,0 133.382635,34.409344,0 133.382626,34.409309,0 133.382616,34.409274,0 133.382606,34.409239,0 133.382595,34.409204,0 133.382585,34.409169,0 133.382573,34.409134,0 133.382561,34.4091,0 133.382549,34.409065,0 133.382535,34.409031,0 133.382522,34.408996,0 133.382509,34.408962,0 133.382495,34.408928,0 133.382481,34.408894,0 133.382467,34.408859,0 133.382452,34.408826,0 133.382436,34.408792,0 133.382421,34.408758,0 133.382406,34.408724,0 133.382389,34.408691,0 133.382374,34.408657,0 133.382359,34.408623,0 133.382343,34.40859,0 133.382327,34.408556,0 133.382312,34.408522,0 133.382297,34.408489,0 133.382282,34.408455,0 133.382265,34.408421,0 133.38225,34.408388,0 133.382235,34.408354,0 133.382219,34.40832,0 133.382204,34.408287,0 133.382188,34.408253,0 133.382173,34.408219,0 133.382157,34.408185,0 133.382142,34.408152,0 133.382127,34.408118,0 133.38211,34.408084,0 133.382095,34.408051,0 133.38208,34.408017,0 133.382064,34.407983,0 133.382047,34.40795,0 133.382032,34.407916,0 133.382016,34.407883,0 133.381998,34.40785,0 133.381982,34.407816,0 133.381964,34.407783,0 133.381947,34.407751,0 133.381928,34.407717,0 133.38191,34.407685,0 133.381891,34.407652,0 133.381872,34.40762,0 133.381853,34.407588,0 133.381834,34.407555,0 133.381813,34.407524,0 133.381793,34.407491,0 133.381773,34.40746,0 133.381752,34.407428,0 133.381731,34.407396,0 133.38171,34.407364,0 133.38169,34.407332,0 133.381668,34.407302,0 133.381647,34.40727,0 133.381625,34.407239,0 133.381605,34.407207,0 133.381583,34.407176,0 133.381562,34.407144,0 133.38154,34.407113,0 133.38152,34.407081,0 133.381498,34.407049,0 133.381477,34.407018,0 133.381458,34.406986,0 133.381438,34.406954,0 133.381418,34.406921,0 133.381401,34.406888,0 133.381383,34.406856,0 133.381368,34.406821,0 133.381353,34.406788,0 133.38134,34.406753,0 133.381328,34.406719,0 133.381318,34.406684,0 133.381308,34.406648,0 133.3813,34.406613,0 133.381291,34.406578,0 133.381283,34.406542,0 133.381274,34.406507,0 133.381267,34.406472,0 133.381259,34.406436,0 133.381252,34.4064,0 133.381243,34.406365,0 133.381235,34.406329,0 133.381228,34.406294,0 133.38122,34.406259,0 133.381212,34.406223,0 133.381205,34.406188,0 133.381198,34.406152,0 133.381191,34.406117,0 133.381184,34.406081,0 133.381176,34.406045,0 133.38117,34.406009,0 133.381162,34.405974,0 133.381156,34.405939,0 133.381148,34.405903,0 133.38114,34.405868,0 133.381133,34.405832,0 133.381126,34.405797,0 133.381119,34.405761,0 133.381111,34.405725,0 133.381104,34.40569,0 133.381097,34.405654,0 133.38109,34.405619,0 133.381083,34.405583,0 133.381076,34.405548,0 133.381068,34.405512,0 133.381062,34.405477,0 133.381054,34.405441,0 133.381048,34.405405,0 133.38104,34.405369,0 133.381033,34.405334,0 133.381025,34.405299,0 133.381018,34.405263,0 133.381011,34.405228,0 133.381003,34.405192,0 133.380995,34.405157,0 133.380989,34.405121,0 133.380981,34.405085,0 133.380975,34.405049,0 133.380968,34.405014,0 133.380962,34.404978,0 133.380955,34.404943,0 133.380949,34.404907,0 133.380941,34.404872,0 133.380934,34.404836,0 133.380927,34.404801,0 133.380919,34.404766,0 133.380912,34.404729,0 133.380903,34.404694,0 133.380895,34.404659,0 133.380888,34.404623,0 133.38088,34.404588,0 133.380872,34.404552,0 133.380865,34.404517,0 133.380857,34.404482,0 133.380851,34.404446,0 133.380843,34.40441,0 133.380836,34.404374,0 133.380829,34.404339,0 133.380821,34.404303,0 133.380815,34.404268,0 133.380807,34.404232,0 133.380799,34.404197,0 133.380792,34.404162,0 133.380784,34.404126,0 133.380776,34.40409,0 133.380769,34.404055,0 133.380761,34.404019,0 133.380755,34.403984,0 133.380747,34.403948,0 133.380739,34.403913,0 133.380733,34.403877,0 133.380725,34.403842,0 133.380719,34.403806,0 133.380711,34.40377,0 133.380703,34.403735,0 133.380696,34.403699,0 133.380689,34.403664,0 133.380682,34.403628,0 133.380675,34.403593,0 133.380669,34.403557,0 133.380662,34.403522,0 133.380655,34.403486,0 133.380649,34.403451,0 133.380642,34.403414,0 133.380636,34.403378,0 133.380628,34.403343,0 133.380622,34.403307,0 133.380615,34.403272,0 133.380609,34.403236,0 133.380602,34.403201,0 133.380595,34.403165,0 133.380588,34.40313,0 133.380581,34.403094,0 133.380575,34.403058,0 133.380567,34.403022,0 133.380561,34.402987,0 133.380553,34.402951,0 133.380546,34.402916,0 133.38054,34.40288,0 133.380533,34.402845,0 133.380527,34.402809,0 133.38052,34.402774,0 133.380514,34.402738,0 133.380507,34.402702,0 133.380502,34.402666,0 133.380495,34.40263,0 133.380489,34.402595,0 133.380483,34.402559,0 133.380477,34.402524,0 133.38047,34.402488,0 133.380465,34.402452,0 133.380458,34.402417,0 133.380452,34.402381,0 133.380445,34.402346,0 133.380439,34.402309,0 133.380432,34.402274,0 133.380424,34.402238,0 133.380418,34.402203,0 133.38041,34.402167,0 133.380403,34.402132,0 133.380395,34.402097,0 133.380386,34.402061,0 133.380378,34.402026,0 133.380369,34.40199,0 133.380359,34.401955,0 133.380349,34.40192,0 133.380339,34.401885,0 133.380328,34.40185,0 133.380318,34.401815,0 133.380307,34.40178,0 133.380295,34.401745,0 133.380283,34.401711,0 133.38027,34.401677,0 133.380257,34.401642,0 133.380242,34.401608,0 133.380228,34.401574,0 133.380214,34.40154,0 133.3802,34.401505,0 133.380186,34.401472,0 133.38017,34.401438,0 133.380156,34.401404,0 133.380141,34.40137,0 133.380127,34.401336,0 133.380112,34.401302,0 133.380096,34.401268,0 133.380082,34.401234,0 133.380068,34.4012,0 133.380053,34.401167,0 133.380039,34.401132,0 133.380024,34.401098,0 133.380009,34.401064,0 133.379995,34.401031,0 133.379981,34.400996,0 133.379966,34.400962,0 133.379951,34.400929,0 133.379936,34.400894,0 133.379922,34.40086,0 133.379907,34.400827,0 133.379891,34.400793,0 133.379877,34.400759,0 133.379862,34.400725,0 133.379848,34.400691,0 133.379833,34.400657,0 133.379818,34.400623,0 133.379803,34.400589,0 133.379789,34.400556,0 133.379774,34.400521,0 133.37976,34.400487,0 133.379745,34.400454,0 133.379731,34.400419,0 133.379717,34.400385,0 133.379702,34.400351,0 133.379688,34.400317,0 133.379673,34.400283,0 133.379659,34.400249,0 133.379644,34.400215,0 133.379629,34.400181,0 133.379612,34.400148,0 133.379597,34.400114,0 133.379581,34.400081,0 133.379566,34.400047,0 133.379549,34.400014,0 133.379533,34.39998,0 133.379517,34.399947,0 133.3795,34.399914,0 133.379484,34.39988,0 133.379466,34.399847,0 133.37945,34.399814,0 133.379434,34.39978,0 133.379416,34.399747,0 133.3794,34.399714,0 133.379384,34.39968,0 133.379366,34.399647,0 133.37935,34.399614,0 133.379333,34.39958,0 133.379317,34.399547,0 133.379301,34.399514,0 133.379284,34.39948,0 133.379268,34.399446,0 133.379253,34.399413,0 133.379239,34.399378,0 133.379224,34.399345,0 133.37921,34.399311,0 133.379197,34.399276,0 133.379185,34.399241,0 133.379174,34.399206,0 133.379164,34.399171,0 133.379156,34.399136,0 133.379148,34.399101,0 133.379143,34.399065,0 133.379138,34.399029,0 133.379135,34.398993,0 133.379133,34.398957,0 133.379132,34.398921,0 133.379131,34.398884,0 133.379131,34.398848,0 133.379131,34.398812,0 133.379131,34.398776,0 133.379131,34.39874,0 133.379131,34.398704,0 133.379132,34.398668,0 133.379133,34.398632,0 133.379134,34.398596,0 133.379136,34.39856,0 133.379139,34.398525,0 133.379142,34.398489,0 133.379145,34.398453,0 133.379147,34.398417,0 133.379149,34.398381,0 133.37915,34.398345,0 133.379151,34.398309,0 133.379152,34.398273,0 133.379152,34.398236,0 133.379152,34.3982,0 133.379154,34.398164,0 133.379154,34.398128,0 133.379156,34.398092,0 133.379157,34.398056,0 133.379159,34.39802,0 133.379162,34.397984,0 133.379164,34.397948,0 133.379168,34.397912,0 133.37917,34.397876,0 133.379171,34.39784,0 133.379173,34.397804,0 133.379173,34.397768,0 133.379174,34.397732,0 133.379174,34.397696,0 133.379174,34.39766,0 133.379175,34.397624,0 133.379175,34.397588,0 133.379176,34.397551,0 133.379179,34.397515,0 133.37918,34.397479,0 133.379181,34.397443,0 133.379182,34.397407,0 133.379182,34.397371,0 133.379182,34.397335,0 133.379181,34.397299,0 133.37918,34.397263,0 133.379179,34.397227,0 133.379176,34.397191,0 133.379175,34.397155,0 133.379175,34.397119,0 133.379174,34.397083,0 133.379174,34.397047,0 133.379175,34.397011,0 133.379176,34.396975,0 133.379178,34.396939,0 133.379181,34.396903,0 133.379183,34.396867,0 133.379187,34.396831,0 133.379191,34.396795,0 133.379195,34.396759,0 133.379199,34.396723,0 133.379204,34.396688,0 133.379209,34.396652,0 133.379214,34.396616,0 133.379218,34.39658,0 133.379222,34.396544,0 133.379226,34.396509,0 133.37923,34.396473,0 133.379232,34.396437,0 133.379235,34.3964,0 133.379238,34.396364,0 133.379241,34.396328,0 133.379243,34.396292,0 133.379246,34.396256,0 133.379251,34.39622,0 133.379255,34.396185,0 133.37926,34.396149,0 133.379267,34.396113,0 133.379275,34.396078,0 133.379281,34.396043,0 133.379289,34.396007,0 133.379295,34.395971,0 133.379303,34.395935,0 133.379308,34.395899,0 133.379315,34.395864,0 133.37932,34.395828,0 133.379326,34.395793,0 133.379331,34.395757,0 133.379337,34.395721,0 133.379342,34.395685,0 133.379348,34.39565,0 133.379353,34.395614,0 133.379358,34.395578,0 133.379364,34.395542,0 133.379369,34.395506,0 133.379375,34.39547,0 133.37938,34.395435,0 133.379386,34.395399,0 133.379391,34.395363,0 133.379397,34.395328,0 133.379402,34.395292,0 133.379408,34.395256,0 133.379413,34.39522,0 133.379418,34.395185,0 133.379424,34.395149,0 133.379429,34.395113,0 133.379436,34.395077,0 133.379441,34.395041,0 133.379447,34.395006,0 133.379452,34.39497,0 133.379459,34.394934,0 133.379464,34.394899,0 133.37947,34.394863,0 133.379476,34.394827,0 133.379482,34.394792,0 133.379487,34.394756,0 133.379493,34.39472,0 133.379499,34.394684,0 133.379505,34.394648,0 133.37951,34.394612,0 133.379515,34.394577,0 133.379521,34.394541,0 133.379526,34.394505,0 133.379532,34.39447,0 133.379537,34.394434,0 133.379542,34.394398,0 133.379547,34.394362,0 133.379552,34.394327,0 133.379558,34.394291,0 133.379562,34.394254,0 133.379568,34.394219,0 133.379572,34.394183,0 133.379578,34.394147,0 133.379582,34.394111,0 133.379587,34.394076,0 133.379592,34.39404,0 133.379597,34.394004,0 133.379603,34.393968,0 133.379607,34.393933,0 133.379612,34.393897,0 133.379618,34.393861,0 133.379623,34.393825,0 133.379629,34.393789,0 133.379634,34.393753,0 133.37964,34.393717,0 133.379645,34.393682,0 133.379651,34.393646,0 133.379656,34.39361,0 133.379661,34.393575,0 133.379667,34.393539,0 133.379672,34.393503,0 133.379678,34.393468,0 133.379683,34.393432,0 133.379689,34.393396,0 133.379693,34.39336,0 133.379699,34.393324,0 133.379704,34.393288,0 133.379709,34.393252,0 133.379714,34.393217,0 133.379719,34.393181,0 133.379725,34.393145,0 133.37973,34.39311,0 133.379736,34.393074,0 133.379741,34.393038,0 133.379748,34.393003,0 133.379754,34.392967,0 133.379762,34.392931,0 133.37977,34.392896,0 133.37978,34.39286,0 133.37979,34.392826,0 133.379802,34.392791,0 133.379814,34.392757,0 133.379827,34.392722,0 133.379841,34.392688,0 133.379855,34.392654,0 133.37987,34.39262,0 133.379885,34.392585,0 133.379899,34.392552,0 133.379913,34.392518,0 133.379928,34.392483,0 133.379943,34.392449,0 133.379957,34.392416,0 133.379971,34.392382,0 133.379985,34.392347,0 133.38,34.392314,0 133.380015,34.39228,0 133.380029,34.392245,0 133.380044,34.392211,0 133.380058,34.392177,0 133.380071,34.392144,0 133.380085,34.392109,0 133.3801,34.392075,0 133.380113,34.392041,0 133.380127,34.392007,0 133.38014,34.391972,0 133.380154,34.391938,0 133.380168,34.391904,0 133.380182,34.39187,0 133.380197,34.391835,0 133.380212,34.391802,0 133.380226,34.391768,0 133.380241,34.391734,0 133.380255,34.3917,0 133.38027,34.391666,0 133.380285,34.391632,0 133.380299,34.391598,0 133.380313,34.391564,0 133.380327,34.39153,0 133.38034,34.391496,0 133.380355,34.391461,0 133.380369,34.391427,0 133.380382,34.391393,0 133.380396,34.391359,0 133.380409,34.391324,0 133.380423,34.39129,0 133.380436,34.391256,0 133.380451,34.391222,0 133.380464,34.391187,0 133.380478,34.391153,0 133.380491,34.391119,0 133.380505,34.391085,0 133.380519,34.39105,0 133.380533,34.391016,0 133.380546,34.390982,0 133.380561,34.390948,0 133.380575,34.390914,0 133.380589,34.39088,0 133.380602,34.390846,0 133.380616,34.390811,0 133.380629,34.390777,0 133.380643,34.390743,0 133.380657,34.390709,0 133.380671,34.390674,0 133.380684,34.39064,0 133.380698,34.390606,0 133.380712,34.390572,0 133.380726,34.390537,0 133.380739,34.390503,0 133.380754,34.390469,0 133.380768,34.390435,0 133.380782,34.3904,0 133.380796,34.390367,0 133.380811,34.390333,0 133.380828,34.3903,0 133.380845,34.390266,0 133.380863,34.390234,0 133.380881,34.390201,0 133.380901,34.390169,0 133.38092,34.390136,0 133.380941,34.390105,0 133.380961,34.390072,0 133.380981,34.390041,0 133.381002,34.390009,0 133.381023,34.389978,0 133.381043,34.389945,0 133.381064,34.389914,0 133.381085,34.389882,0 133.381106,34.389851,0 133.381126,34.389818,0 133.381146,34.389787,0 133.381167,34.389755,0 133.381187,34.389723,0 133.381207,34.389691,0 133.381228,34.389659,0 133.381247,34.389627,0 133.381267,34.389595,0 133.381288,34.389563,0 133.381307,34.389531,0 133.381327,34.389499,0 133.381346,34.389467,0 133.381367,34.389434,0 133.381387,34.389403,0 133.381406,34.38937,0 133.381426,34.389338,0 133.381446,34.389306,0 133.381465,34.389274,0 133.381486,34.389242,0 133.381506,34.38921,0 133.381525,34.389177,0 133.381545,34.389146,0 133.381565,34.389113,0 133.381585,34.389082,0 133.381605,34.389049,0 133.381625,34.389018,0 133.381645,34.388985,0 133.381666,34.388954,0 133.381688,34.388922,0 133.381709,34.388891,0 133.381731,34.38886,0 133.381754,34.38883,0 133.381778,34.388799,0 133.381802,34.388769,0 133.381826,34.388738,0 133.38185,34.388709,0 133.381875,34.388679,0 133.381899,34.388649,0 133.381924,34.38862,0 133.381949,34.38859,0 133.381973,34.38856,0 133.381998,34.38853,0 133.382022,34.388501,0 133.382047,34.388471,0 133.382072,34.388441,0 133.382096,34.388411,0 133.382121,34.388382,0 133.382145,34.388352,0 133.38217,34.388322,0 133.382194,34.388292,0 133.382218,34.388262,0 133.382242,34.388232,0 133.382266,34.388201,0 133.38229,34.388172,0 133.382313,34.388141,0 133.382337,34.388111,0 133.382361,34.388081,0 133.382384,34.38805,0 133.382408,34.38802,0 133.382431,34.387989,0 133.382455,34.387959,0 133.382478,34.387928,0 133.382501,34.387898,0 133.382525,34.387868,0 133.382547,34.387837,0 133.38257,34.387807,0 133.382594,34.387776,0 133.382617,34.387746,0 133.382641,34.387716,0 133.382665,34.387686,0 133.38269,34.387655,0 133.382714,34.387625,0 133.382738,34.387596,0 133.382762,34.387566,0 133.382786,34.387535,0 133.38281,34.387505,0 133.382833,34.387475,0 133.382856,34.387444,0 133.382879,34.387414,0 133.382902,34.387382,0 133.382923,34.387351,0 133.382946,34.387321,0 133.382969,34.38729,0 133.382992,34.387259,0 133.383015,34.387229,0 133.383038,34.387198,0 133.383061,34.387168,0 133.383085,34.387137,0 133.383108,34.387106,0 133.383132,34.387076,0 133.383155,34.387046,0 133.383178,34.387015,0 133.383202,34.386985,0 133.383225,34.386955,0 133.383248,34.386924,0 133.383271,34.386894,0 133.383293,34.386862,0 133.383315,34.386831,0 133.383335,34.386799,0 133.383356,34.386767,0 133.383376,34.386735,0 133.383394,34.386702,0 133.383413,34.38667,0 133.383431,34.386638,0 133.383449,34.386604,0 133.383466,34.386571,0 133.383483,34.386538,0 133.3835,34.386505,0 133.383517,34.386472,0 133.383535,34.386438,0 133.383551,34.386405,0 133.383569,34.386373,0 133.383585,34.386339,0 133.383602,34.386306,0 133.383619,34.386273,0 133.383636,34.386239,0 133.383653,34.386206,0 133.38367,34.386172,0 133.383686,34.386139,0 133.383703,34.386106,0 133.38372,34.386072,0 133.383737,34.386039,0 133.383753,34.386006,0 133.38377,34.385973,0 133.383787,34.38594,0 133.383803,34.385907,0 133.38382,34.385873,0 133.383837,34.38584,0 133.383854,34.385807,0 133.383871,34.385773,0 133.383888,34.38574,0 133.383905,34.385707,0 133.383922,34.385674,0 133.383939,34.385641,0 133.383957,34.385607,0 133.383973,34.385574,0 133.38399,34.385542,0 133.384008,34.385508,0 133.384025,34.385475,0 133.384043,34.385442,0 133.384059,34.385409,0 133.384077,34.385376,0 133.384094,34.385342,0 133.384111,34.385309,0 133.384128,34.385276,0 133.384144,34.385242,0 133.384162,34.385209,0 133.384178,34.385176,0 133.384193,34.385142,0 133.38421,34.385109,0 133.384225,34.385075,0 133.38424,34.385041,0 133.384254,34.385007,0 133.384269,34.384974,0 133.384284,34.384939,0 133.384297,34.384905,0 133.384311,34.384871,0 133.384324,34.384837,0 133.384338,34.384802,0 133.384351,34.384768,0 133.384365,34.384734,0 133.384378,34.3847,0 133.384392,34.384665,0 133.384405,34.38463,0 133.384417,34.384596,0 133.384427,34.384561,0 133.384437,34.384526,0 133.384445,34.384491,0 133.38445,34.384455,0 133.384453,34.384419,0 133.384451,34.384382,0 133.384447,34.384347,0 133.384439,34.384311,0 133.384431,34.384276,0 133.384419,34.384241,0 133.384407,34.384207,0 133.384393,34.384172,0 133.38438,34.384138,0 133.384365,34.384104,0 133.384351,34.384071,0 133.384336,34.384036,0 133.384322,34.384002,0 133.384308,34.383968,0 133.384293,34.383935,0 133.384279,34.3839,0 133.384265,34.383866,0 133.384251,34.383832,0 133.384237,34.383798,0 133.384224,34.383763,0 133.38421,34.383729,0 133.384195,34.383695,0 133.384181,34.383661,0 133.384167,34.383627,0 133.384153,34.383593,0 133.384139,34.383559,0 133.384123,34.383524,0 133.384109,34.383491,0 133.384094,34.383457,0 133.38408,34.383423,0 133.384065,34.383389,0 133.38405,34.383355,0 133.384035,34.383321,0 133.384021,34.383287,0 133.384006,34.383253,0 133.38399,34.38322,0 133.383973,34.383186,0 133.383956,34.383154,0 133.383936,34.383122,0 133.383914,34.38309,0 133.383889,34.38306,0 133.383863,34.383031,0 133.383834,34.383005,0 133.383802,34.38298,0 133.383769,34.382957,0 133.383733,34.382936,0 133.383697,34.382916,0 133.38366,34.382897,0 133.383621,34.38288,0 133.383583,34.382865,0 133.383543,34.382849,0 133.383503,34.382834,0 133.383463,34.38282,0 133.383423,34.382806,0 133.383382,34.382793,0 133.383342,34.382778,0 133.383302,34.382765,0 133.383261,34.382751,0 133.383221,34.382738,0 133.383181,34.382723,0 133.383141,34.38271,0 133.383101,34.382695,0 133.383061,34.382682,0 133.38302,34.382668,0 133.38298,34.382655,0 133.382939,34.382641,0 133.382898,34.382628,0 133.382858,34.382614,0 133.382818,34.382601,0 133.382777,34.382588,0 133.382737,34.382574,0 133.382697,34.382561,0 133.382655,34.382547,0 133.382615,34.382535,0 133.382574,34.382524,0 133.382531,34.382515,0 133.382488,34.38251,0 133.382445,34.38251,0 133.382401,34.382515,0 133.382361,34.382528,0 133.382323,34.382546,0 133.382289,34.382568,0 133.382259,34.382594,0 133.382231,34.382622,0 133.382206,34.382652,0 133.382185,34.382683,0 133.382164,34.382714,0 133.382146,34.382747,0 133.382132,34.382782,0 133.382123,34.382817,0 133.382121,34.382853,0 133.382127,34.382889,0 133.382138,34.382923,0 133.382153,34.382958,0 133.382171,34.38299,0 133.382192,34.383021,0 133.382214,34.383053,0 133.382235,34.383085,0 133.382256,34.383116,0 133.382276,34.383148,0 133.382295,34.383181,0 133.382312,34.383213,0 133.382327,34.383248,0 133.382341,34.383282,0 133.382351,34.383316,0 133.382358,34.383352,0 133.382358,34.383388,0 133.382348,34.383423,0 133.382327,34.383454,0 133.382296,34.383479,0 133.382258,34.383497,0 133.382217,34.38351,0 133.382176,34.38352,0 133.382133,34.383528,0 133.38209,34.383534,0 133.382047,34.38354,0 133.382004,34.383545,0 133.38196,34.38355,0 133.381918,34.383554,0 133.381874,34.383558,0 133.38183,34.383561,0 133.381787,34.383565,0 133.381743,34.383568,0 133.381701,34.38357,0 133.381657,34.383573,0 133.381613,34.383575,0 133.38157,34.383578,0 133.381526,34.38358,0 133.381483,34.383582,0 133.381439,34.383585,0 133.381395,34.383587,0 133.381352,34.383588,0 133.381308,34.383589,0 133.381265,34.38359,0 133.381221,34.383588,0 133.381179,34.383584,0 133.381136,34.383576,0 133.381097,34.38356,0 133.381064,34.383537,0 133.38104,34.383506,0 133.381025,34.383473,0 133.381013,34.383438,0 133.381004,34.383403,0 133.380997,34.383368,0 133.38099,34.383332,0 133.380982,34.383296,0 133.380975,34.383261,0 133.380967,34.383225,0 133.380958,34.38319,0 133.38095,34.383155,0 133.380941,34.38312,0 133.380931,34.383085,0 133.380922,34.383049,0 133.380914,34.383013,0 133.380905,34.382978,0 133.380896,34.382943,0 133.380889,34.382907,0 133.380881,34.382872,0 133.380874,34.382836,0 133.380874,34.382835,0
  </coordinates></LineString></Placemark>

  <Placemark><name>スタート / ゴール</name><Point><coordinates>133.362325,34.488901,0</coordinates></Point></Placemark>
  <Placemark><name>福山駅</name><Point><coordinates>133.362325,34.488901,0</coordinates></Point></Placemark>
  <Placemark><name>入船町</name><Point><coordinates>133.373821,34.487551,0</coordinates></Point></Placemark>
  <Placemark><name>北吉津町</name><Point><coordinates>133.362136,34.493056,0</coordinates></Point></Placemark>
  <Placemark><name>福山城</name><Point><coordinates>133.362375,34.491205,0</coordinates></Point></Placemark>
  <Placemark><name>草戸稲荷神社</name><Point><coordinates>133.346829,34.479733,0</coordinates></Point></Placemark>
  <Placemark><name>草戸町</name><Point><coordinates>133.360111,34.471577,0</coordinates></Point></Placemark>
  <Placemark><name>水呑大橋</name><Point><coordinates>133.365558,34.466464,0</coordinates></Point></Placemark>
  <Placemark><name>箕島町</name><Point><coordinates>133.391241,34.451796,0</coordinates></Point></Placemark>
  <Placemark><name>芦田川大橋</name><Point><coordinates>133.389604,34.449943,0</coordinates></Point></Placemark>
  <Placemark><name>水呑町</name><Point><coordinates>133.385669,34.443983,0</coordinates></Point></Placemark>
  <Placemark><name>田尻町</name><Point><coordinates>133.38491,34.42028,0</coordinates></Point></Placemark>
  <Placemark><name>鞆の浦</name><Point><coordinates>133.383703,34.386106,0</coordinates></Point></Placemark>
  <Placemark><name>鞆港 常夜燈</name><Point><coordinates>133.380874,34.382835,0</coordinates></Point></Placemark>
</Document></kml>
