<?xml version="1.0" encoding="UTF-8"?>
<gpx version="1.1" creator="Fukuyama Kart" xmlns="http://www.topografix.com/GPX/1/1">
  <metadata><name>福山グランプリ コース</name><desc>福山駅 → 鞆の浦 常夜燈 20699m</desc></metadata>
  <wpt lat="34.488908" lon="133.362325"><name>福山駅</name></wpt>
  <wpt lat="34.487551" lon="133.373819"><name>入船町</name></wpt>
  <wpt lat="34.491205" lon="133.362375"><name>福山城</name></wpt>
  <wpt lat="34.479739" lon="133.346825"><name>草戸稲荷神社</name></wpt>
  <wpt lat="34.471571" lon="133.360117"><name>草戸町</name></wpt>
  <wpt lat="34.449948" lon="133.389611"><name>芦田川大橋</name></wpt>
  <wpt lat="34.44399" lon="133.38567"><name>水呑町</name></wpt>
  <wpt lat="34.420291" lon="133.384916"><name>田尻町</name></wpt>
  <wpt lat="34.3861" lon="133.383706"><name>鞆の浦</name></wpt>
  <wpt lat="34.382842" lon="133.380831"><name>鞆の浦 常夜燈</name></wpt>
  <trk><name>福山グランプリ コース</name><trkseg>
    <trkpt lat="34.488908" lon="133.362325"/>
    <trkpt lat="34.488913" lon="133.362368"/>
    <trkpt lat="34.488919" lon="133.362411"/>
    <trkpt lat="34.488925" lon="133.362453"/>
    <trkpt lat="34.488931" lon="133.362497"/>
    <trkpt lat="34.488939" lon="133.36254"/>
    <trkpt lat="34.488947" lon="133.362582"/>
    <trkpt lat="34.488955" lon="133.362625"/>
    <trkpt lat="34.488964" lon="133.362667"/>
    <trkpt lat="34.488972" lon="133.36271"/>
    <trkpt lat="34.488981" lon="133.362751"/>
    <trkpt lat="34.48899" lon="133.362793"/>
    <trkpt lat="34.488998" lon="133.362836"/>
    <trkpt lat="34.489006" lon="133.362878"/>
    <trkpt lat="34.489013" lon="133.362921"/>
    <trkpt lat="34.489019" lon="133.362965"/>
    <trkpt lat="34.489021" lon="133.363008"/>
    <trkpt lat="34.489018" lon="133.363052"/>
    <trkpt lat="34.489009" lon="133.363093"/>
    <trkpt lat="34.488994" lon="133.363133"/>
    <trkpt lat="34.488973" lon="133.363168"/>
    <trkpt lat="34.488948" lon="133.363199"/>
    <trkpt lat="34.488919" lon="133.363225"/>
    <trkpt lat="34.488887" lon="133.363247"/>
    <trkpt lat="34.488855" lon="133.363266"/>
    <trkpt lat="34.488821" lon="133.363283"/>
    <trkpt lat="34.488788" lon="133.363297"/>
    <trkpt lat="34.488753" lon="133.36331"/>
    <trkpt lat="34.488718" lon="133.363321"/>
    <trkpt lat="34.488683" lon="133.36333"/>
    <trkpt lat="34.488647" lon="133.363338"/>
    <trkpt lat="34.488612" lon="133.363345"/>
    <trkpt lat="34.488576" lon="133.363351"/>
    <trkpt lat="34.488541" lon="133.363358"/>
    <trkpt lat="34.488505" lon="133.363365"/>
    <trkpt lat="34.488469" lon="133.363371"/>
    <trkpt lat="34.488434" lon="133.363378"/>
    <trkpt lat="34.488398" lon="133.363384"/>
    <trkpt lat="34.488363" lon="133.363392"/>
    <trkpt lat="34.488327" lon="133.363397"/>
    <trkpt lat="34.488291" lon="133.363403"/>
    <trkpt lat="34.488255" lon="133.363406"/>
    <trkpt lat="34.488219" lon="133.363408"/>
    <trkpt lat="34.488183" lon="133.363407"/>
    <trkpt lat="34.488147" lon="133.363404"/>
    <trkpt lat="34.488111" lon="133.363398"/>
    <trkpt lat="34.488076" lon="133.36339"/>
    <trkpt lat="34.488041" lon="133.36338"/>
    <trkpt lat="34.488006" lon="133.363369"/>
    <trkpt lat="34.487971" lon="133.363358"/>
    <trkpt lat="34.487935" lon="133.363348"/>
    <trkpt lat="34.4879" lon="133.363342"/>
    <trkpt lat="34.487864" lon="133.363339"/>
    <trkpt lat="34.487828" lon="133.363341"/>
    <trkpt lat="34.487792" lon="133.363345"/>
    <trkpt lat="34.487757" lon="133.363353"/>
    <trkpt lat="34.487722" lon="133.363363"/>
    <trkpt lat="34.487688" lon="133.363375"/>
    <trkpt lat="34.487652" lon="133.363387"/>
    <trkpt lat="34.487618" lon="133.363401"/>
    <trkpt lat="34.487584" lon="133.363414"/>
    <trkpt lat="34.48755" lon="133.363427"/>
    <trkpt lat="34.487515" lon="133.36344"/>
    <trkpt lat="34.487481" lon="133.363453"/>
    <trkpt lat="34.487446" lon="133.363466"/>
    <trkpt lat="34.487412" lon="133.363479"/>
    <trkpt lat="34.487378" lon="133.363492"/>
    <trkpt lat="34.487343" lon="133.363504"/>
    <trkpt lat="34.487308" lon="133.363517"/>
    <trkpt lat="34.487274" lon="133.36353"/>
    <trkpt lat="34.48724" lon="133.363543"/>
    <trkpt lat="34.487205" lon="133.363556"/>
    <trkpt lat="34.487171" lon="133.363569"/>
    <trkpt lat="34.487137" lon="133.363583"/>
    <trkpt lat="34.487103" lon="133.363596"/>
    <trkpt lat="34.487067" lon="133.363609"/>
    <trkpt lat="34.487033" lon="133.363622"/>
    <trkpt lat="34.486999" lon="133.363635"/>
    <trkpt lat="34.486965" lon="133.363648"/>
    <trkpt lat="34.48693" lon="133.363661"/>
    <trkpt lat="34.486895" lon="133.363673"/>
    <trkpt lat="34.486861" lon="133.363685"/>
    <trkpt lat="34.486826" lon="133.363698"/>
    <trkpt lat="34.486792" lon="133.36371"/>
    <trkpt lat="34.486757" lon="133.363722"/>
    <trkpt lat="34.486722" lon="133.363734"/>
    <trkpt lat="34.486688" lon="133.363746"/>
    <trkpt lat="34.486653" lon="133.363757"/>
    <trkpt lat="34.486619" lon="133.363769"/>
    <trkpt lat="34.486583" lon="133.36378"/>
    <trkpt lat="34.486548" lon="133.363792"/>
    <trkpt lat="34.486514" lon="133.363803"/>
    <trkpt lat="34.486479" lon="133.363814"/>
    <trkpt lat="34.486444" lon="133.363824"/>
    <trkpt lat="34.48641" lon="133.363835"/>
    <trkpt lat="34.486374" lon="133.363846"/>
    <trkpt lat="34.486339" lon="133.363858"/>
    <trkpt lat="34.486305" lon="133.363869"/>
    <trkpt lat="34.48627" lon="133.36388"/>
    <trkpt lat="34.486235" lon="133.363891"/>
    <trkpt lat="34.4862" lon="133.363903"/>
    <trkpt lat="34.486165" lon="133.363914"/>
    <trkpt lat="34.48613" lon="133.363925"/>
    <trkpt lat="34.486095" lon="133.363936"/>
    <trkpt lat="34.486061" lon="133.363947"/>
    <trkpt lat="34.486026" lon="133.363957"/>
    <trkpt lat="34.48599" lon="133.363968"/>
    <trkpt lat="34.485956" lon="133.36398"/>
    <trkpt lat="34.485921" lon="133.363992"/>
    <trkpt lat="34.485887" lon="133.364004"/>
    <trkpt lat="34.485852" lon="133.364015"/>
    <trkpt lat="34.485817" lon="133.364027"/>
    <trkpt lat="34.485782" lon="133.364039"/>
    <trkpt lat="34.485747" lon="133.36405"/>
    <trkpt lat="34.485713" lon="133.36406"/>
    <trkpt lat="34.485678" lon="133.364071"/>
    <trkpt lat="34.485642" lon="133.364082"/>
    <trkpt lat="34.485607" lon="133.364093"/>
    <trkpt lat="34.485573" lon="133.364105"/>
    <trkpt lat="34.485539" lon="133.364118"/>
    <trkpt lat="34.485505" lon="133.364135"/>
    <trkpt lat="34.485475" lon="133.364157"/>
    <trkpt lat="34.485447" lon="133.364185"/>
    <trkpt lat="34.485425" lon="133.36422"/>
    <trkpt lat="34.485411" lon="133.364259"/>
    <trkpt lat="34.485405" lon="133.364302"/>
    <trkpt lat="34.485404" lon="133.364345"/>
    <trkpt lat="34.485407" lon="133.364389"/>
    <trkpt lat="34.485413" lon="133.364433"/>
    <trkpt lat="34.485421" lon="133.364475"/>
    <trkpt lat="34.485429" lon="133.364518"/>
    <trkpt lat="34.485438" lon="133.364559"/>
    <trkpt lat="34.485447" lon="133.364602"/>
    <trkpt lat="34.485456" lon="133.364644"/>
    <trkpt lat="34.485465" lon="133.364685"/>
    <trkpt lat="34.485475" lon="133.364728"/>
    <trkpt lat="34.485484" lon="133.36477"/>
    <trkpt lat="34.485493" lon="133.364812"/>
    <trkpt lat="34.485503" lon="133.364854"/>
    <trkpt lat="34.485512" lon="133.364897"/>
    <trkpt lat="34.485521" lon="133.364938"/>
    <trkpt lat="34.48553" lon="133.364981"/>
    <trkpt lat="34.485539" lon="133.365023"/>
    <trkpt lat="34.485548" lon="133.365065"/>
    <trkpt lat="34.485557" lon="133.365107"/>
    <trkpt lat="34.485566" lon="133.36515"/>
    <trkpt lat="34.485575" lon="133.365192"/>
    <trkpt lat="34.485583" lon="133.365235"/>
    <trkpt lat="34.485592" lon="133.365276"/>
    <trkpt lat="34.485601" lon="133.365319"/>
    <trkpt lat="34.48561" lon="133.365361"/>
    <trkpt lat="34.485619" lon="133.365404"/>
    <trkpt lat="34.485628" lon="133.365445"/>
    <trkpt lat="34.485636" lon="133.365488"/>
    <trkpt lat="34.485645" lon="133.36553"/>
    <trkpt lat="34.485654" lon="133.365573"/>
    <trkpt lat="34.485662" lon="133.365615"/>
    <trkpt lat="34.485671" lon="133.365658"/>
    <trkpt lat="34.485679" lon="133.3657"/>
    <trkpt lat="34.485688" lon="133.365742"/>
    <trkpt lat="34.485697" lon="133.365784"/>
    <trkpt lat="34.485705" lon="133.365827"/>
    <trkpt lat="34.485714" lon="133.365869"/>
    <trkpt lat="34.485722" lon="133.365912"/>
    <trkpt lat="34.485731" lon="133.365954"/>
    <trkpt lat="34.48574" lon="133.365996"/>
    <trkpt lat="34.485748" lon="133.366038"/>
    <trkpt lat="34.485757" lon="133.366081"/>
    <trkpt lat="34.485766" lon="133.366123"/>
    <trkpt lat="34.485774" lon="133.366166"/>
    <trkpt lat="34.485783" lon="133.366207"/>
    <trkpt lat="34.485792" lon="133.366249"/>
    <trkpt lat="34.485801" lon="133.366292"/>
    <trkpt lat="34.485809" lon="133.366334"/>
    <trkpt lat="34.485818" lon="133.366377"/>
    <trkpt lat="34.485827" lon="133.366419"/>
    <trkpt lat="34.485835" lon="133.366461"/>
    <trkpt lat="34.485844" lon="133.366503"/>
    <trkpt lat="34.485853" lon="133.366546"/>
    <trkpt lat="34.485862" lon="133.366588"/>
    <trkpt lat="34.485871" lon="133.366631"/>
    <trkpt lat="34.48588" lon="133.366672"/>
    <trkpt lat="34.485889" lon="133.366715"/>
    <trkpt lat="34.485897" lon="133.366757"/>
    <trkpt lat="34.485906" lon="133.3668"/>
    <trkpt lat="34.485915" lon="133.366841"/>
    <trkpt lat="34.485924" lon="133.366884"/>
    <trkpt lat="34.485933" lon="133.366926"/>
    <trkpt lat="34.485943" lon="133.366969"/>
    <trkpt lat="34.485952" lon="133.36701"/>
    <trkpt lat="34.485961" lon="133.367053"/>
    <trkpt lat="34.48597" lon="133.367095"/>
    <trkpt lat="34.485979" lon="133.367137"/>
    <trkpt lat="34.485988" lon="133.367179"/>
    <trkpt lat="34.485997" lon="133.367222"/>
    <trkpt lat="34.486006" lon="133.367263"/>
    <trkpt lat="34.486015" lon="133.367306"/>
    <trkpt lat="34.486024" lon="133.367348"/>
    <trkpt lat="34.486033" lon="133.367391"/>
    <trkpt lat="34.486042" lon="133.367433"/>
    <trkpt lat="34.486051" lon="133.367474"/>
    <trkpt lat="34.48606" lon="133.367517"/>
    <trkpt lat="34.486069" lon="133.367559"/>
    <trkpt lat="34.486078" lon="133.367601"/>
    <trkpt lat="34.486088" lon="133.367643"/>
    <trkpt lat="34.486097" lon="133.367686"/>
    <trkpt lat="34.486106" lon="133.367727"/>
    <trkpt lat="34.486116" lon="133.36777"/>
    <trkpt lat="34.486125" lon="133.367812"/>
    <trkpt lat="34.486134" lon="133.367854"/>
    <trkpt lat="34.486143" lon="133.367896"/>
    <trkpt lat="34.486153" lon="133.367938"/>
    <trkpt lat="34.486162" lon="133.36798"/>
    <trkpt lat="34.486171" lon="133.368023"/>
    <trkpt lat="34.48618" lon="133.368065"/>
    <trkpt lat="34.486189" lon="133.368107"/>
    <trkpt lat="34.486198" lon="133.368149"/>
    <trkpt lat="34.486207" lon="133.368192"/>
    <trkpt lat="34.486216" lon="133.368233"/>
    <trkpt lat="34.486225" lon="133.368276"/>
    <trkpt lat="34.486234" lon="133.368318"/>
    <trkpt lat="34.486243" lon="133.368361"/>
    <trkpt lat="34.486252" lon="133.368403"/>
    <trkpt lat="34.486261" lon="133.368444"/>
    <trkpt lat="34.486269" lon="133.368487"/>
    <trkpt lat="34.486278" lon="133.368529"/>
    <trkpt lat="34.486286" lon="133.368572"/>
    <trkpt lat="34.486295" lon="133.368614"/>
    <trkpt lat="34.486303" lon="133.368657"/>
    <trkpt lat="34.486311" lon="133.368699"/>
    <trkpt lat="34.486318" lon="133.368742"/>
    <trkpt lat="34.486327" lon="133.368784"/>
    <trkpt lat="34.486334" lon="133.368827"/>
    <trkpt lat="34.486342" lon="133.36887"/>
    <trkpt lat="34.486349" lon="133.368912"/>
    <trkpt lat="34.486356" lon="133.368955"/>
    <trkpt lat="34.486364" lon="133.368998"/>
    <trkpt lat="34.48637" lon="133.369041"/>
    <trkpt lat="34.486377" lon="133.369083"/>
    <trkpt lat="34.486385" lon="133.369126"/>
    <trkpt lat="34.486392" lon="133.369168"/>
    <trkpt lat="34.486401" lon="133.369211"/>
    <trkpt lat="34.486411" lon="133.369252"/>
    <trkpt lat="34.486424" lon="133.369293"/>
    <trkpt lat="34.486438" lon="133.369334"/>
    <trkpt lat="34.486455" lon="133.369372"/>
    <trkpt lat="34.486474" lon="133.369409"/>
    <trkpt lat="34.486496" lon="133.369444"/>
    <trkpt lat="34.486518" lon="133.369479"/>
    <trkpt lat="34.48654" lon="133.369513"/>
    <trkpt lat="34.486563" lon="133.369546"/>
    <trkpt lat="34.486584" lon="133.369581"/>
    <trkpt lat="34.486605" lon="133.369617"/>
    <trkpt lat="34.486623" lon="133.369655"/>
    <trkpt lat="34.486639" lon="133.369693"/>
    <trkpt lat="34.486654" lon="133.369734"/>
    <trkpt lat="34.486666" lon="133.369774"/>
    <trkpt lat="34.486678" lon="133.369816"/>
    <trkpt lat="34.48669" lon="133.369857"/>
    <trkpt lat="34.486701" lon="133.369898"/>
    <trkpt lat="34.486711" lon="133.369941"/>
    <trkpt lat="34.486721" lon="133.369982"/>
    <trkpt lat="34.486732" lon="133.370024"/>
    <trkpt lat="34.486743" lon="133.370065"/>
    <trkpt lat="34.486753" lon="133.370108"/>
    <trkpt lat="34.486764" lon="133.370149"/>
    <trkpt lat="34.486775" lon="133.37019"/>
    <trkpt lat="34.486785" lon="133.370232"/>
    <trkpt lat="34.486795" lon="133.370273"/>
    <trkpt lat="34.486806" lon="133.370316"/>
    <trkpt lat="34.486817" lon="133.370357"/>
    <trkpt lat="34.486828" lon="133.370399"/>
    <trkpt lat="34.486838" lon="133.37044"/>
    <trkpt lat="34.486848" lon="133.370483"/>
    <trkpt lat="34.486859" lon="133.370524"/>
    <trkpt lat="34.48687" lon="133.370565"/>
    <trkpt lat="34.48688" lon="133.370607"/>
    <trkpt lat="34.48689" lon="133.370649"/>
    <trkpt lat="34.4869" lon="133.370691"/>
    <trkpt lat="34.48691" lon="133.370733"/>
    <trkpt lat="34.486919" lon="133.370776"/>
    <trkpt lat="34.486928" lon="133.370817"/>
    <trkpt lat="34.486937" lon="133.37086"/>
    <trkpt lat="34.486945" lon="133.370902"/>
    <trkpt lat="34.486954" lon="133.370945"/>
    <trkpt lat="34.486962" lon="133.370987"/>
    <trkpt lat="34.486971" lon="133.371029"/>
    <trkpt lat="34.486979" lon="133.371071"/>
    <trkpt lat="34.486988" lon="133.371114"/>
    <trkpt lat="34.486996" lon="133.371156"/>
    <trkpt lat="34.487005" lon="133.371199"/>
    <trkpt lat="34.487013" lon="133.371241"/>
    <trkpt lat="34.487021" lon="133.371284"/>
    <trkpt lat="34.48703" lon="133.371326"/>
    <trkpt lat="34.487038" lon="133.371369"/>
    <trkpt lat="34.487046" lon="133.371411"/>
    <trkpt lat="34.487053" lon="133.371454"/>
    <trkpt lat="34.487061" lon="133.371496"/>
    <trkpt lat="34.487069" lon="133.371539"/>
    <trkpt lat="34.487078" lon="133.371581"/>
    <trkpt lat="34.487086" lon="133.371624"/>
    <trkpt lat="34.487095" lon="133.371666"/>
    <trkpt lat="34.487103" lon="133.371708"/>
    <trkpt lat="34.487112" lon="133.37175"/>
    <trkpt lat="34.48712" lon="133.371793"/>
    <trkpt lat="34.487129" lon="133.371835"/>
    <trkpt lat="34.487137" lon="133.371878"/>
    <trkpt lat="34.487146" lon="133.37192"/>
    <trkpt lat="34.487155" lon="133.371963"/>
    <trkpt lat="34.487163" lon="133.372004"/>
    <trkpt lat="34.487172" lon="133.372046"/>
    <trkpt lat="34.48718" lon="133.372089"/>
    <trkpt lat="34.487189" lon="133.372132"/>
    <trkpt lat="34.487197" lon="133.372174"/>
    <trkpt lat="34.487206" lon="133.372217"/>
    <trkpt lat="34.487215" lon="133.372258"/>
    <trkpt lat="34.487224" lon="133.3723"/>
    <trkpt lat="34.487233" lon="133.372343"/>
    <trkpt lat="34.487241" lon="133.372385"/>
    <trkpt lat="34.48725" lon="133.372427"/>
    <trkpt lat="34.487259" lon="133.372469"/>
    <trkpt lat="34.487268" lon="133.372512"/>
    <trkpt lat="34.487276" lon="133.372554"/>
    <trkpt lat="34.487285" lon="133.372597"/>
    <trkpt lat="34.487293" lon="133.372639"/>
    <trkpt lat="34.487301" lon="133.372682"/>
    <trkpt lat="34.48731" lon="133.372724"/>
    <trkpt lat="34.487318" lon="133.372767"/>
    <trkpt lat="34.487326" lon="133.372808"/>
    <trkpt lat="34.487335" lon="133.372851"/>
    <trkpt lat="34.487343" lon="133.372893"/>
    <trkpt lat="34.487352" lon="133.372936"/>
    <trkpt lat="34.48736" lon="133.372978"/>
    <trkpt lat="34.487369" lon="133.373021"/>
    <trkpt lat="34.487378" lon="133.373062"/>
    <trkpt lat="34.487387" lon="133.373105"/>
    <trkpt lat="34.487396" lon="133.373147"/>
    <trkpt lat="34.487406" lon="133.373189"/>
    <trkpt lat="34.487416" lon="133.373231"/>
    <trkpt lat="34.487426" lon="133.373273"/>
    <trkpt lat="34.487435" lon="133.373315"/>
    <trkpt lat="34.487445" lon="133.373357"/>
    <trkpt lat="34.487455" lon="133.373399"/>
    <trkpt lat="34.487464" lon="133.373442"/>
    <trkpt lat="34.487474" lon="133.373483"/>
    <trkpt lat="34.487484" lon="133.373525"/>
    <trkpt lat="34.487493" lon="133.373567"/>
    <trkpt lat="34.487503" lon="133.373609"/>
    <trkpt lat="34.487513" lon="133.373651"/>
    <trkpt lat="34.487523" lon="133.373693"/>
    <trkpt lat="34.487532" lon="133.373735"/>
    <trkpt lat="34.487542" lon="133.373777"/>
    <trkpt lat="34.487551" lon="133.373819"/>
    <trkpt lat="34.48756" lon="133.373861"/>
    <trkpt lat="34.487569" lon="133.373904"/>
    <trkpt lat="34.487579" lon="133.373945"/>
    <trkpt lat="34.487588" lon="133.373988"/>
    <trkpt lat="34.487598" lon="133.37403"/>
    <trkpt lat="34.487607" lon="133.374071"/>
    <trkpt lat="34.487616" lon="133.374114"/>
    <trkpt lat="34.487625" lon="133.374156"/>
    <trkpt lat="34.487635" lon="133.374198"/>
    <trkpt lat="34.487644" lon="133.37424"/>
    <trkpt lat="34.487653" lon="133.374282"/>
    <trkpt lat="34.487663" lon="133.374324"/>
    <trkpt lat="34.487672" lon="133.374367"/>
    <trkpt lat="34.487681" lon="133.374409"/>
    <trkpt lat="34.48769" lon="133.374451"/>
    <trkpt lat="34.487698" lon="133.374493"/>
    <trkpt lat="34.487707" lon="133.374536"/>
    <trkpt lat="34.487716" lon="133.374578"/>
    <trkpt lat="34.487725" lon="133.374621"/>
    <trkpt lat="34.487733" lon="133.374663"/>
    <trkpt lat="34.487741" lon="133.374706"/>
    <trkpt lat="34.48775" lon="133.374747"/>
    <trkpt lat="34.487758" lon="133.37479"/>
    <trkpt lat="34.487767" lon="133.374832"/>
    <trkpt lat="34.487776" lon="133.374875"/>
    <trkpt lat="34.487785" lon="133.374917"/>
    <trkpt lat="34.487794" lon="133.374959"/>
    <trkpt lat="34.487802" lon="133.375001"/>
    <trkpt lat="34.487811" lon="133.375044"/>
    <trkpt lat="34.487819" lon="133.375086"/>
    <trkpt lat="34.487827" lon="133.375129"/>
    <trkpt lat="34.487834" lon="133.375171"/>
    <trkpt lat="34.487843" lon="133.375214"/>
    <trkpt lat="34.48785" lon="133.375256"/>
    <trkpt lat="34.487857" lon="133.375299"/>
    <trkpt lat="34.487864" lon="133.375342"/>
    <trkpt lat="34.487871" lon="133.375385"/>
    <trkpt lat="34.487879" lon="133.375427"/>
    <trkpt lat="34.487886" lon="133.37547"/>
    <trkpt lat="34.487894" lon="133.375512"/>
    <trkpt lat="34.487905" lon="133.375555"/>
    <trkpt lat="34.487917" lon="133.375595"/>
    <trkpt lat="34.487935" lon="133.375633"/>
    <trkpt lat="34.487959" lon="133.375666"/>
    <trkpt lat="34.487987" lon="133.375692"/>
    <trkpt lat="34.48802" lon="133.37571"/>
    <trkpt lat="34.488055" lon="133.375718"/>
    <trkpt lat="34.488091" lon="133.375722"/>
    <trkpt lat="34.488127" lon="133.37572"/>
    <trkpt lat="34.488163" lon="133.375717"/>
    <trkpt lat="34.4882" lon="133.375712"/>
    <trkpt lat="34.488235" lon="133.375706"/>
    <trkpt lat="34.488271" lon="133.3757"/>
    <trkpt lat="34.488306" lon="133.375693"/>
    <trkpt lat="34.488342" lon="133.375687"/>
    <trkpt lat="34.488377" lon="133.37568"/>
    <trkpt lat="34.488413" lon="133.375674"/>
    <trkpt lat="34.488449" lon="133.375667"/>
    <trkpt lat="34.488484" lon="133.375661"/>
    <trkpt lat="34.48852" lon="133.375654"/>
    <trkpt lat="34.488556" lon="133.375647"/>
    <trkpt lat="34.488592" lon="133.375642"/>
    <trkpt lat="34.488627" lon="133.375635"/>
    <trkpt lat="34.488663" lon="133.375629"/>
    <trkpt lat="34.488699" lon="133.375623"/>
    <trkpt lat="34.488734" lon="133.375617"/>
    <trkpt lat="34.48877" lon="133.37561"/>
    <trkpt lat="34.488805" lon="133.375605"/>
    <trkpt lat="34.488841" lon="133.375598"/>
    <trkpt lat="34.488877" lon="133.375592"/>
    <trkpt lat="34.488912" lon="133.375584"/>
    <trkpt lat="34.488948" lon="133.375578"/>
    <trkpt lat="34.488984" lon="133.37557"/>
    <trkpt lat="34.489019" lon="133.375562"/>
    <trkpt lat="34.489055" lon="133.375555"/>
    <trkpt lat="34.48909" lon="133.375548"/>
    <trkpt lat="34.489126" lon="133.375541"/>
    <trkpt lat="34.489161" lon="133.375533"/>
    <trkpt lat="34.489196" lon="133.375525"/>
    <trkpt lat="34.489232" lon="133.375518"/>
    <trkpt lat="34.489268" lon="133.37551"/>
    <trkpt lat="34.489304" lon="133.375502"/>
    <trkpt lat="34.489339" lon="133.375495"/>
    <trkpt lat="34.489374" lon="133.375487"/>
    <trkpt lat="34.48941" lon="133.37548"/>
    <trkpt lat="34.489445" lon="133.375472"/>
    <trkpt lat="34.489481" lon="133.375465"/>
    <trkpt lat="34.489516" lon="133.375458"/>
    <trkpt lat="34.489552" lon="133.375451"/>
    <trkpt lat="34.489588" lon="133.375445"/>
    <trkpt lat="34.489624" lon="133.375438"/>
    <trkpt lat="34.489659" lon="133.375431"/>
    <trkpt lat="34.489695" lon="133.375424"/>
    <trkpt lat="34.48973" lon="133.375417"/>
    <trkpt lat="34.489766" lon="133.37541"/>
    <trkpt lat="34.489801" lon="133.375403"/>
    <trkpt lat="34.489837" lon="133.375396"/>
    <trkpt lat="34.489872" lon="133.375389"/>
    <trkpt lat="34.489907" lon="133.375382"/>
    <trkpt lat="34.489944" lon="133.375375"/>
    <trkpt lat="34.489979" lon="133.375367"/>
    <trkpt lat="34.490015" lon="133.375361"/>
    <trkpt lat="34.49005" lon="133.375354"/>
    <trkpt lat="34.490086" lon="133.375347"/>
    <trkpt lat="34.490121" lon="133.37534"/>
    <trkpt lat="34.490157" lon="133.375334"/>
    <trkpt lat="34.490193" lon="133.375327"/>
    <trkpt lat="34.490228" lon="133.37532"/>
    <trkpt lat="34.490264" lon="133.375315"/>
    <trkpt lat="34.4903" lon="133.37531"/>
    <trkpt lat="34.490336" lon="133.375305"/>
    <trkpt lat="34.490372" lon="133.375302"/>
    <trkpt lat="34.490408" lon="133.375299"/>
    <trkpt lat="34.490444" lon="133.375295"/>
    <trkpt lat="34.49048" lon="133.375293"/>
    <trkpt lat="34.490516" lon="133.375291"/>
    <trkpt lat="34.490552" lon="133.375289"/>
    <trkpt lat="34.490588" lon="133.375286"/>
    <trkpt lat="34.490623" lon="133.375281"/>
    <trkpt lat="34.490659" lon="133.375276"/>
    <trkpt lat="34.490695" lon="133.37527"/>
    <trkpt lat="34.49073" lon="133.375265"/>
    <trkpt lat="34.490766" lon="133.375258"/>
    <trkpt lat="34.490802" lon="133.375252"/>
    <trkpt lat="34.490838" lon="133.375245"/>
    <trkpt lat="34.490874" lon="133.375239"/>
    <trkpt lat="34.490909" lon="133.375232"/>
    <trkpt lat="34.490945" lon="133.375226"/>
    <trkpt lat="34.49098" lon="133.375219"/>
    <trkpt lat="34.491016" lon="133.375213"/>
    <trkpt lat="34.491051" lon="133.375206"/>
    <trkpt lat="34.491087" lon="133.3752"/>
    <trkpt lat="34.491122" lon="133.375193"/>
    <trkpt lat="34.491158" lon="133.375185"/>
    <trkpt lat="34.491194" lon="133.375178"/>
    <trkpt lat="34.49123" lon="133.37517"/>
    <trkpt lat="34.491265" lon="133.375164"/>
    <trkpt lat="34.491301" lon="133.375156"/>
    <trkpt lat="34.491336" lon="133.375148"/>
    <trkpt lat="34.491371" lon="133.375141"/>
    <trkpt lat="34.491407" lon="133.375133"/>
    <trkpt lat="34.491442" lon="133.375124"/>
    <trkpt lat="34.491478" lon="133.375117"/>
    <trkpt lat="34.491514" lon="133.375109"/>
    <trkpt lat="34.491549" lon="133.3751"/>
    <trkpt lat="34.491584" lon="133.375093"/>
    <trkpt lat="34.49162" lon="133.375085"/>
    <trkpt lat="34.491655" lon="133.375076"/>
    <trkpt lat="34.49169" lon="133.375069"/>
    <trkpt lat="34.491726" lon="133.375061"/>
    <trkpt lat="34.491761" lon="133.375053"/>
    <trkpt lat="34.491797" lon="133.375046"/>
    <trkpt lat="34.491833" lon="133.375038"/>
    <trkpt lat="34.491868" lon="133.375029"/>
    <trkpt lat="34.491903" lon="133.375022"/>
    <trkpt lat="34.491939" lon="133.375014"/>
    <trkpt lat="34.491974" lon="133.375007"/>
    <trkpt lat="34.49201" lon="133.374999"/>
    <trkpt lat="34.492045" lon="133.374991"/>
    <trkpt lat="34.492081" lon="133.374984"/>
    <trkpt lat="34.492117" lon="133.374976"/>
    <trkpt lat="34.492152" lon="133.374968"/>
    <trkpt lat="34.492187" lon="133.374961"/>
    <trkpt lat="34.492223" lon="133.374953"/>
    <trkpt lat="34.492258" lon="133.374947"/>
    <trkpt lat="34.492294" lon="133.37494"/>
    <trkpt lat="34.492329" lon="133.374932"/>
    <trkpt lat="34.492365" lon="133.374926"/>
    <trkpt lat="34.4924" lon="133.374919"/>
    <trkpt lat="34.492437" lon="133.374912"/>
    <trkpt lat="34.492472" lon="133.374905"/>
    <trkpt lat="34.492508" lon="133.374899"/>
    <trkpt lat="34.492543" lon="133.374891"/>
    <trkpt lat="34.492579" lon="133.374885"/>
    <trkpt lat="34.492614" lon="133.374878"/>
    <trkpt lat="34.49265" lon="133.374871"/>
    <trkpt lat="34.492685" lon="133.374865"/>
    <trkpt lat="34.492721" lon="133.374858"/>
    <trkpt lat="34.492757" lon="133.374852"/>
    <trkpt lat="34.492793" lon="133.374844"/>
    <trkpt lat="34.492829" lon="133.374838"/>
    <trkpt lat="34.492864" lon="133.37483"/>
    <trkpt lat="34.492899" lon="133.374822"/>
    <trkpt lat="34.492935" lon="133.374815"/>
    <trkpt lat="34.49297" lon="133.374805"/>
    <trkpt lat="34.493005" lon="133.374795"/>
    <trkpt lat="34.49304" lon="133.374785"/>
    <trkpt lat="34.493075" lon="133.374773"/>
    <trkpt lat="34.49311" lon="133.374761"/>
    <trkpt lat="34.493144" lon="133.374749"/>
    <trkpt lat="34.493178" lon="133.374736"/>
    <trkpt lat="34.493213" lon="133.374724"/>
    <trkpt lat="34.493248" lon="133.374712"/>
    <trkpt lat="34.493283" lon="133.374701"/>
    <trkpt lat="34.493318" lon="133.374692"/>
    <trkpt lat="34.493353" lon="133.374683"/>
    <trkpt lat="34.493388" lon="133.374674"/>
    <trkpt lat="34.493423" lon="133.374667"/>
    <trkpt lat="34.49346" lon="133.374659"/>
    <trkpt lat="34.493495" lon="133.374651"/>
    <trkpt lat="34.493531" lon="133.374645"/>
    <trkpt lat="34.493566" lon="133.374638"/>
    <trkpt lat="34.493602" lon="133.374631"/>
    <trkpt lat="34.493637" lon="133.374624"/>
    <trkpt lat="34.493673" lon="133.374618"/>
    <trkpt lat="34.493708" lon="133.374611"/>
    <trkpt lat="34.493744" lon="133.374604"/>
    <trkpt lat="34.493779" lon="133.374597"/>
    <trkpt lat="34.493816" lon="133.37459"/>
    <trkpt lat="34.493851" lon="133.374583"/>
    <trkpt lat="34.493887" lon="133.374576"/>
    <trkpt lat="34.493922" lon="133.374568"/>
    <trkpt lat="34.493958" lon="133.374562"/>
    <trkpt lat="34.493993" lon="133.374554"/>
    <trkpt lat="34.494029" lon="133.374548"/>
    <trkpt lat="34.494064" lon="133.37454"/>
    <trkpt lat="34.4941" lon="133.374533"/>
    <trkpt lat="34.494136" lon="133.374525"/>
    <trkpt lat="34.494171" lon="133.374517"/>
    <trkpt lat="34.494207" lon="133.37451"/>
    <trkpt lat="34.494242" lon="133.374502"/>
    <trkpt lat="34.494278" lon="133.374495"/>
    <trkpt lat="34.494313" lon="133.374488"/>
    <trkpt lat="34.494348" lon="133.37448"/>
    <trkpt lat="34.494384" lon="133.374474"/>
    <trkpt lat="34.494419" lon="133.374467"/>
    <trkpt lat="34.494455" lon="133.374461"/>
    <trkpt lat="34.494491" lon="133.374453"/>
    <trkpt lat="34.494527" lon="133.374446"/>
    <trkpt lat="34.494562" lon="133.37444"/>
    <trkpt lat="34.494598" lon="133.374432"/>
    <trkpt lat="34.494633" lon="133.374426"/>
    <trkpt lat="34.494669" lon="133.374418"/>
    <trkpt lat="34.494704" lon="133.374412"/>
    <trkpt lat="34.49474" lon="133.374405"/>
    <trkpt lat="34.494775" lon="133.374397"/>
    <trkpt lat="34.494811" lon="133.374391"/>
    <trkpt lat="34.494847" lon="133.374384"/>
    <trkpt lat="34.494883" lon="133.374378"/>
    <trkpt lat="34.494918" lon="133.37437"/>
    <trkpt lat="34.494954" lon="133.374364"/>
    <trkpt lat="34.494989" lon="133.374356"/>
    <trkpt lat="34.495025" lon="133.374349"/>
    <trkpt lat="34.49506" lon="133.374342"/>
    <trkpt lat="34.495096" lon="133.374334"/>
    <trkpt lat="34.495131" lon="133.374328"/>
    <trkpt lat="34.495167" lon="133.37432"/>
    <trkpt lat="34.495203" lon="133.374311"/>
    <trkpt lat="34.495237" lon="133.3743"/>
    <trkpt lat="34.495271" lon="133.374286"/>
    <trkpt lat="34.495304" lon="133.374268"/>
    <trkpt lat="34.495332" lon="133.374242"/>
    <trkpt lat="34.495355" lon="133.374207"/>
    <trkpt lat="34.495368" lon="133.374166"/>
    <trkpt lat="34.495373" lon="133.374124"/>
    <trkpt lat="34.495373" lon="133.37408"/>
    <trkpt lat="34.495368" lon="133.374037"/>
    <trkpt lat="34.495361" lon="133.373994"/>
    <trkpt lat="34.495352" lon="133.373952"/>
    <trkpt lat="34.495342" lon="133.37391"/>
    <trkpt lat="34.495332" lon="133.373868"/>
    <trkpt lat="34.495322" lon="133.373826"/>
    <trkpt lat="34.495311" lon="133.373785"/>
    <trkpt lat="34.4953" lon="133.373743"/>
    <trkpt lat="34.495289" lon="133.373702"/>
    <trkpt lat="34.495279" lon="133.37366"/>
    <trkpt lat="34.495268" lon="133.373618"/>
    <trkpt lat="34.495259" lon="133.373577"/>
    <trkpt lat="34.495248" lon="133.373534"/>
    <trkpt lat="34.495238" lon="133.373493"/>
    <trkpt lat="34.495228" lon="133.373451"/>
    <trkpt lat="34.495217" lon="133.373409"/>
    <trkpt lat="34.495207" lon="133.373367"/>
    <trkpt lat="34.495196" lon="133.373326"/>
    <trkpt lat="34.495186" lon="133.373285"/>
    <trkpt lat="34.495176" lon="133.373242"/>
    <trkpt lat="34.495165" lon="133.373201"/>
    <trkpt lat="34.495153" lon="133.373159"/>
    <trkpt lat="34.495142" lon="133.373118"/>
    <trkpt lat="34.495131" lon="133.373076"/>
    <trkpt lat="34.49512" lon="133.373035"/>
    <trkpt lat="34.495108" lon="133.372994"/>
    <trkpt lat="34.495096" lon="133.372952"/>
    <trkpt lat="34.495085" lon="133.372911"/>
    <trkpt lat="34.495075" lon="133.372869"/>
    <trkpt lat="34.495064" lon="133.372828"/>
    <trkpt lat="34.495053" lon="133.372787"/>
    <trkpt lat="34.495044" lon="133.372744"/>
    <trkpt lat="34.495034" lon="133.372702"/>
    <trkpt lat="34.495026" lon="133.37266"/>
    <trkpt lat="34.495018" lon="133.372618"/>
    <trkpt lat="34.49501" lon="133.372575"/>
    <trkpt lat="34.495003" lon="133.372533"/>
    <trkpt lat="34.494994" lon="133.372489"/>
    <trkpt lat="34.494987" lon="133.372446"/>
    <trkpt lat="34.49498" lon="133.372404"/>
    <trkpt lat="34.494973" lon="133.372361"/>
    <trkpt lat="34.494966" lon="133.372319"/>
    <trkpt lat="34.494958" lon="133.372276"/>
    <trkpt lat="34.49495" lon="133.372234"/>
    <trkpt lat="34.494942" lon="133.372191"/>
    <trkpt lat="34.494934" lon="133.372148"/>
    <trkpt lat="34.494927" lon="133.372105"/>
    <trkpt lat="34.494919" lon="133.372063"/>
    <trkpt lat="34.494911" lon="133.37202"/>
    <trkpt lat="34.494903" lon="133.371978"/>
    <trkpt lat="34.494896" lon="133.371935"/>
    <trkpt lat="34.494889" lon="133.371893"/>
    <trkpt lat="34.494882" lon="133.37185"/>
    <trkpt lat="34.494875" lon="133.371807"/>
    <trkpt lat="34.494868" lon="133.371764"/>
    <trkpt lat="34.494862" lon="133.371722"/>
    <trkpt lat="34.494856" lon="133.371678"/>
    <trkpt lat="34.494848" lon="133.371636"/>
    <trkpt lat="34.494842" lon="133.371593"/>
    <trkpt lat="34.494835" lon="133.37155"/>
    <trkpt lat="34.494829" lon="133.371507"/>
    <trkpt lat="34.494822" lon="133.371465"/>
    <trkpt lat="34.494815" lon="133.371421"/>
    <trkpt lat="34.494809" lon="133.371378"/>
    <trkpt lat="34.494802" lon="133.371336"/>
    <trkpt lat="34.494796" lon="133.371292"/>
    <trkpt lat="34.49479" lon="133.37125"/>
    <trkpt lat="34.494783" lon="133.371207"/>
    <trkpt lat="34.494776" lon="133.371164"/>
    <trkpt lat="34.494768" lon="133.371121"/>
    <trkpt lat="34.494761" lon="133.371079"/>
    <trkpt lat="34.494752" lon="133.371036"/>
    <trkpt lat="34.494743" lon="133.370995"/>
    <trkpt lat="34.494733" lon="133.370952"/>
    <trkpt lat="34.494723" lon="133.370911"/>
    <trkpt lat="34.494713" lon="133.370868"/>
    <trkpt lat="34.494702" lon="133.370827"/>
    <trkpt lat="34.494693" lon="133.370786"/>
    <trkpt lat="34.494682" lon="133.370743"/>
    <trkpt lat="34.494672" lon="133.370702"/>
    <trkpt lat="34.494662" lon="133.37066"/>
    <trkpt lat="34.494653" lon="133.370618"/>
    <trkpt lat="34.494643" lon="133.370575"/>
    <trkpt lat="34.494634" lon="133.370534"/>
    <trkpt lat="34.494624" lon="133.370491"/>
    <trkpt lat="34.494615" lon="133.37045"/>
    <trkpt lat="34.494606" lon="133.370407"/>
    <trkpt lat="34.494597" lon="133.370365"/>
    <trkpt lat="34.494588" lon="133.370322"/>
    <trkpt lat="34.494579" lon="133.370281"/>
    <trkpt lat="34.494571" lon="133.370238"/>
    <trkpt lat="34.494562" lon="133.370196"/>
    <trkpt lat="34.494553" lon="133.370153"/>
    <trkpt lat="34.494545" lon="133.370111"/>
    <trkpt lat="34.494536" lon="133.370068"/>
    <trkpt lat="34.494527" lon="133.370027"/>
    <trkpt lat="34.494519" lon="133.369984"/>
    <trkpt lat="34.49451" lon="133.369942"/>
    <trkpt lat="34.494502" lon="133.369899"/>
    <trkpt lat="34.494494" lon="133.369857"/>
    <trkpt lat="34.494487" lon="133.369814"/>
    <trkpt lat="34.494479" lon="133.369772"/>
    <trkpt lat="34.494472" lon="133.369728"/>
    <trkpt lat="34.494464" lon="133.369686"/>
    <trkpt lat="34.494457" lon="133.369643"/>
    <trkpt lat="34.49445" lon="133.369601"/>
    <trkpt lat="34.494443" lon="133.369558"/>
    <trkpt lat="34.494435" lon="133.369516"/>
    <trkpt lat="34.494427" lon="133.369473"/>
    <trkpt lat="34.494419" lon="133.369431"/>
    <trkpt lat="34.494411" lon="133.369388"/>
    <trkpt lat="34.494403" lon="133.369346"/>
    <trkpt lat="34.494395" lon="133.369303"/>
    <trkpt lat="34.494386" lon="133.369261"/>
    <trkpt lat="34.494377" lon="133.369218"/>
    <trkpt lat="34.494368" lon="133.369176"/>
    <trkpt lat="34.494359" lon="133.369134"/>
    <trkpt lat="34.494349" lon="133.369092"/>
    <trkpt lat="34.49434" lon="133.369049"/>
    <trkpt lat="34.494331" lon="133.369008"/>
    <trkpt lat="34.494322" lon="133.368965"/>
    <trkpt lat="34.494314" lon="133.368923"/>
    <trkpt lat="34.494305" lon="133.36888"/>
    <trkpt lat="34.494297" lon="133.368838"/>
    <trkpt lat="34.494288" lon="133.368796"/>
    <trkpt lat="34.49428" lon="133.368754"/>
    <trkpt lat="34.494271" lon="133.368711"/>
    <trkpt lat="34.494262" lon="133.368669"/>
    <trkpt lat="34.494252" lon="133.368628"/>
    <trkpt lat="34.494243" lon="133.368585"/>
    <trkpt lat="34.494234" lon="133.368543"/>
    <trkpt lat="34.494225" lon="133.3685"/>
    <trkpt lat="34.494217" lon="133.368459"/>
    <trkpt lat="34.494208" lon="133.368416"/>
    <trkpt lat="34.494199" lon="133.368374"/>
    <trkpt lat="34.49419" lon="133.368331"/>
    <trkpt lat="34.494181" lon="133.368289"/>
    <trkpt lat="34.494172" lon="133.368247"/>
    <trkpt lat="34.494163" lon="133.368205"/>
    <trkpt lat="34.494155" lon="133.368162"/>
    <trkpt lat="34.494147" lon="133.36812"/>
    <trkpt lat="34.494138" lon="133.368077"/>
    <trkpt lat="34.49413" lon="133.368035"/>
    <trkpt lat="34.494122" lon="133.367992"/>
    <trkpt lat="34.494113" lon="133.36795"/>
    <trkpt lat="34.494105" lon="133.367908"/>
    <trkpt lat="34.494096" lon="133.367866"/>
    <trkpt lat="34.494087" lon="133.367823"/>
    <trkpt lat="34.494078" lon="133.367781"/>
    <trkpt lat="34.494069" lon="133.367739"/>
    <trkpt lat="34.494059" lon="133.367697"/>
    <trkpt lat="34.49405" lon="133.367654"/>
    <trkpt lat="34.494041" lon="133.367613"/>
    <trkpt lat="34.494032" lon="133.36757"/>
    <trkpt lat="34.494024" lon="133.367528"/>
    <trkpt lat="34.494015" lon="133.367485"/>
    <trkpt lat="34.494007" lon="133.367443"/>
    <trkpt lat="34.493999" lon="133.3674"/>
    <trkpt lat="34.49399" lon="133.367358"/>
    <trkpt lat="34.493982" lon="133.367315"/>
    <trkpt lat="34.493974" lon="133.367273"/>
    <trkpt lat="34.493965" lon="133.367231"/>
    <trkpt lat="34.493956" lon="133.367189"/>
    <trkpt lat="34.493947" lon="133.367146"/>
    <trkpt lat="34.493938" lon="133.367105"/>
    <trkpt lat="34.493928" lon="133.367062"/>
    <trkpt lat="34.493919" lon="133.36702"/>
    <trkpt lat="34.49391" lon="133.366979"/>
    <trkpt lat="34.493901" lon="133.366936"/>
    <trkpt lat="34.493892" lon="133.366894"/>
    <trkpt lat="34.493883" lon="133.366851"/>
    <trkpt lat="34.493873" lon="133.36681"/>
    <trkpt lat="34.493864" lon="133.366767"/>
    <trkpt lat="34.493856" lon="133.366725"/>
    <trkpt lat="34.493847" lon="133.366682"/>
    <trkpt lat="34.493838" lon="133.366641"/>
    <trkpt lat="34.49383" lon="133.366598"/>
    <trkpt lat="34.493822" lon="133.366556"/>
    <trkpt lat="34.493814" lon="133.366513"/>
    <trkpt lat="34.493806" lon="133.366471"/>
    <trkpt lat="34.493798" lon="133.366428"/>
    <trkpt lat="34.493789" lon="133.366386"/>
    <trkpt lat="34.493781" lon="133.366343"/>
    <trkpt lat="34.493773" lon="133.366301"/>
    <trkpt lat="34.493765" lon="133.366258"/>
    <trkpt lat="34.493757" lon="133.366216"/>
    <trkpt lat="34.493748" lon="133.366173"/>
    <trkpt lat="34.49374" lon="133.366131"/>
    <trkpt lat="34.493731" lon="133.366088"/>
    <trkpt lat="34.493723" lon="133.366047"/>
    <trkpt lat="34.493714" lon="133.366004"/>
    <trkpt lat="34.493706" lon="133.365962"/>
    <trkpt lat="34.493697" lon="133.365919"/>
    <trkpt lat="34.493689" lon="133.365877"/>
    <trkpt lat="34.493681" lon="133.365834"/>
    <trkpt lat="34.493673" lon="133.365792"/>
    <trkpt lat="34.493666" lon="133.365749"/>
    <trkpt lat="34.493658" lon="133.365707"/>
    <trkpt lat="34.493651" lon="133.365664"/>
    <trkpt lat="34.493643" lon="133.365621"/>
    <trkpt lat="34.493635" lon="133.365578"/>
    <trkpt lat="34.493628" lon="133.365536"/>
    <trkpt lat="34.493621" lon="133.365493"/>
    <trkpt lat="34.493614" lon="133.365451"/>
    <trkpt lat="34.493606" lon="133.365408"/>
    <trkpt lat="34.493599" lon="133.365364"/>
    <trkpt lat="34.493592" lon="133.365322"/>
    <trkpt lat="34.493585" lon="133.365279"/>
    <trkpt lat="34.493578" lon="133.365237"/>
    <trkpt lat="34.493571" lon="133.365193"/>
    <trkpt lat="34.493564" lon="133.365151"/>
    <trkpt lat="34.493558" lon="133.365108"/>
    <trkpt lat="34.493552" lon="133.365065"/>
    <trkpt lat="34.493546" lon="133.365022"/>
    <trkpt lat="34.49354" lon="133.36498"/>
    <trkpt lat="34.493533" lon="133.364936"/>
    <trkpt lat="34.493526" lon="133.364894"/>
    <trkpt lat="34.493519" lon="133.364851"/>
    <trkpt lat="34.493511" lon="133.364809"/>
    <trkpt lat="34.493504" lon="133.364766"/>
    <trkpt lat="34.493496" lon="133.364724"/>
    <trkpt lat="34.493487" lon="133.364681"/>
    <trkpt lat="34.493479" lon="133.364639"/>
    <trkpt lat="34.493472" lon="133.364596"/>
    <trkpt lat="34.493465" lon="133.364553"/>
    <trkpt lat="34.493458" lon="133.36451"/>
    <trkpt lat="34.493451" lon="133.364467"/>
    <trkpt lat="34.493444" lon="133.364425"/>
    <trkpt lat="34.493437" lon="133.364381"/>
    <trkpt lat="34.49343" lon="133.364339"/>
    <trkpt lat="34.493423" lon="133.364296"/>
    <trkpt lat="34.493416" lon="133.364254"/>
    <trkpt lat="34.493409" lon="133.36421"/>
    <trkpt lat="34.493402" lon="133.364168"/>
    <trkpt lat="34.493395" lon="133.364125"/>
    <trkpt lat="34.493388" lon="133.364083"/>
    <trkpt lat="34.493381" lon="133.364039"/>
    <trkpt lat="34.493374" lon="133.363997"/>
    <trkpt lat="34.493367" lon="133.363954"/>
    <trkpt lat="34.493359" lon="133.363912"/>
    <trkpt lat="34.493352" lon="133.363869"/>
    <trkpt lat="34.493345" lon="133.363826"/>
    <trkpt lat="34.493339" lon="133.363783"/>
    <trkpt lat="34.493332" lon="133.363741"/>
    <trkpt lat="34.493324" lon="133.363698"/>
    <trkpt lat="34.493317" lon="133.363654"/>
    <trkpt lat="34.49331" lon="133.363612"/>
    <trkpt lat="34.493303" lon="133.363569"/>
    <trkpt lat="34.493295" lon="133.363527"/>
    <trkpt lat="34.493288" lon="133.363484"/>
    <trkpt lat="34.493281" lon="133.363441"/>
    <trkpt lat="34.493274" lon="133.363398"/>
    <trkpt lat="34.493268" lon="133.363356"/>
    <trkpt lat="34.49326" lon="133.363313"/>
    <trkpt lat="34.493254" lon="133.36327"/>
    <trkpt lat="34.493248" lon="133.363227"/>
    <trkpt lat="34.493241" lon="133.363185"/>
    <trkpt lat="34.493234" lon="133.363141"/>
    <trkpt lat="34.493228" lon="133.363099"/>
    <trkpt lat="34.493221" lon="133.363056"/>
    <trkpt lat="34.493213" lon="133.363014"/>
    <trkpt lat="34.493206" lon="133.36297"/>
    <trkpt lat="34.493199" lon="133.362928"/>
    <trkpt lat="34.493193" lon="133.362885"/>
    <trkpt lat="34.493186" lon="133.362842"/>
    <trkpt lat="34.493178" lon="133.362799"/>
    <trkpt lat="34.493171" lon="133.362756"/>
    <trkpt lat="34.493165" lon="133.362714"/>
    <trkpt lat="34.493158" lon="133.362671"/>
    <trkpt lat="34.49315" lon="133.362628"/>
    <trkpt lat="34.493144" lon="133.362585"/>
    <trkpt lat="34.493137" lon="133.362543"/>
    <trkpt lat="34.49313" lon="133.3625"/>
    <trkpt lat="34.493122" lon="133.362457"/>
    <trkpt lat="34.493115" lon="133.362414"/>
    <trkpt lat="34.493109" lon="133.362372"/>
    <trkpt lat="34.493102" lon="133.362329"/>
    <trkpt lat="34.493094" lon="133.362287"/>
    <trkpt lat="34.493085" lon="133.362244"/>
    <trkpt lat="34.493076" lon="133.362202"/>
    <trkpt lat="34.493063" lon="133.362161"/>
    <trkpt lat="34.493047" lon="133.362122"/>
    <trkpt lat="34.493025" lon="133.362087"/>
    <trkpt lat="34.492997" lon="133.36206"/>
    <trkpt lat="34.492965" lon="133.362041"/>
    <trkpt lat="34.49293" lon="133.362033"/>
    <trkpt lat="34.492894" lon="133.362031"/>
    <trkpt lat="34.492857" lon="133.362033"/>
    <trkpt lat="34.492821" lon="133.362037"/>
    <trkpt lat="34.492785" lon="133.362044"/>
    <trkpt lat="34.49275" lon="133.36205"/>
    <trkpt lat="34.492714" lon="133.362058"/>
    <trkpt lat="34.492679" lon="133.362065"/>
    <trkpt lat="34.492644" lon="133.362073"/>
    <trkpt lat="34.492608" lon="133.36208"/>
    <trkpt lat="34.492573" lon="133.362087"/>
    <trkpt lat="34.492537" lon="133.362095"/>
    <trkpt lat="34.492501" lon="133.362101"/>
    <trkpt lat="34.492465" lon="133.362108"/>
    <trkpt lat="34.49243" lon="133.362114"/>
    <trkpt lat="34.492394" lon="133.36212"/>
    <trkpt lat="34.492358" lon="133.362125"/>
    <trkpt lat="34.492323" lon="133.362131"/>
    <trkpt lat="34.492287" lon="133.362136"/>
    <trkpt lat="34.492251" lon="133.362142"/>
    <trkpt lat="34.492216" lon="133.362148"/>
    <trkpt lat="34.49218" lon="133.362156"/>
    <trkpt lat="34.492145" lon="133.362163"/>
    <trkpt lat="34.492109" lon="133.362172"/>
    <trkpt lat="34.492074" lon="133.362181"/>
    <trkpt lat="34.492038" lon="133.36219"/>
    <trkpt lat="34.492003" lon="133.362198"/>
    <trkpt lat="34.491968" lon="133.362207"/>
    <trkpt lat="34.491933" lon="133.362216"/>
    <trkpt lat="34.491898" lon="133.362223"/>
    <trkpt lat="34.491862" lon="133.362232"/>
    <trkpt lat="34.491826" lon="133.36224"/>
    <trkpt lat="34.491791" lon="133.362247"/>
    <trkpt lat="34.491755" lon="133.362256"/>
    <trkpt lat="34.49172" lon="133.362264"/>
    <trkpt lat="34.491684" lon="133.362271"/>
    <trkpt lat="34.491649" lon="133.362279"/>
    <trkpt lat="34.491614" lon="133.362287"/>
    <trkpt lat="34.491578" lon="133.362295"/>
    <trkpt lat="34.491542" lon="133.362303"/>
    <trkpt lat="34.491507" lon="133.362311"/>
    <trkpt lat="34.491472" lon="133.362319"/>
    <trkpt lat="34.491436" lon="133.362327"/>
    <trkpt lat="34.491401" lon="133.362335"/>
    <trkpt lat="34.491365" lon="133.362342"/>
    <trkpt lat="34.49133" lon="133.36235"/>
    <trkpt lat="34.491295" lon="133.362357"/>
    <trkpt lat="34.491259" lon="133.362365"/>
    <trkpt lat="34.491223" lon="133.362372"/>
    <trkpt lat="34.491187" lon="133.362379"/>
    <trkpt lat="34.491152" lon="133.362386"/>
    <trkpt lat="34.491116" lon="133.362393"/>
    <trkpt lat="34.491081" lon="133.3624"/>
    <trkpt lat="34.491045" lon="133.362408"/>
    <trkpt lat="34.49101" lon="133.362414"/>
    <trkpt lat="34.490974" lon="133.362421"/>
    <trkpt lat="34.490939" lon="133.362426"/>
    <trkpt lat="34.490903" lon="133.362433"/>
    <trkpt lat="34.490866" lon="133.362438"/>
    <trkpt lat="34.490831" lon="133.362444"/>
    <trkpt lat="34.490795" lon="133.36245"/>
    <trkpt lat="34.49076" lon="133.362457"/>
    <trkpt lat="34.490724" lon="133.362463"/>
    <trkpt lat="34.490689" lon="133.36247"/>
    <trkpt lat="34.490653" lon="133.362477"/>
    <trkpt lat="34.490618" lon="133.362485"/>
    <trkpt lat="34.490583" lon="133.362494"/>
    <trkpt lat="34.490547" lon="133.362501"/>
    <trkpt lat="34.490511" lon="133.36251"/>
    <trkpt lat="34.490476" lon="133.362518"/>
    <trkpt lat="34.49044" lon="133.362525"/>
    <trkpt lat="34.490405" lon="133.362532"/>
    <trkpt lat="34.490369" lon="133.362538"/>
    <trkpt lat="34.490333" lon="133.362543"/>
    <trkpt lat="34.490297" lon="133.362545"/>
    <trkpt lat="34.490261" lon="133.362545"/>
    <trkpt lat="34.490226" lon="133.36254"/>
    <trkpt lat="34.49019" lon="133.362531"/>
    <trkpt lat="34.490155" lon="133.362519"/>
    <trkpt lat="34.490122" lon="133.362502"/>
    <trkpt lat="34.49009" lon="133.362483"/>
    <trkpt lat="34.490058" lon="133.362461"/>
    <trkpt lat="34.490028" lon="133.362438"/>
    <trkpt lat="34.489999" lon="133.362413"/>
    <trkpt lat="34.48997" lon="133.362388"/>
    <trkpt lat="34.489942" lon="133.36236"/>
    <trkpt lat="34.489915" lon="133.362331"/>
    <trkpt lat="34.489889" lon="133.3623"/>
    <trkpt lat="34.489865" lon="133.362268"/>
    <trkpt lat="34.489843" lon="133.362233"/>
    <trkpt lat="34.489824" lon="133.362196"/>
    <trkpt lat="34.489807" lon="133.362158"/>
    <trkpt lat="34.489792" lon="133.362118"/>
    <trkpt lat="34.489779" lon="133.362077"/>
    <trkpt lat="34.489769" lon="133.362036"/>
    <trkpt lat="34.489759" lon="133.361993"/>
    <trkpt lat="34.48975" lon="133.361951"/>
    <trkpt lat="34.489742" lon="133.36191"/>
    <trkpt lat="34.489733" lon="133.361867"/>
    <trkpt lat="34.489724" lon="133.361825"/>
    <trkpt lat="34.489715" lon="133.361782"/>
    <trkpt lat="34.489706" lon="133.361741"/>
    <trkpt lat="34.489696" lon="133.361698"/>
    <trkpt lat="34.489685" lon="133.361657"/>
    <trkpt lat="34.489674" lon="133.361615"/>
    <trkpt lat="34.489662" lon="133.361574"/>
    <trkpt lat="34.48965" lon="133.361534"/>
    <trkpt lat="34.489636" lon="133.361493"/>
    <trkpt lat="34.489622" lon="133.361453"/>
    <trkpt lat="34.489606" lon="133.361414"/>
    <trkpt lat="34.489591" lon="133.361373"/>
    <trkpt lat="34.489575" lon="133.361334"/>
    <trkpt lat="34.48956" lon="133.361296"/>
    <trkpt lat="34.489543" lon="133.361257"/>
    <trkpt lat="34.489528" lon="133.361217"/>
    <trkpt lat="34.489512" lon="133.361178"/>
    <trkpt lat="34.489496" lon="133.361138"/>
    <trkpt lat="34.489482" lon="133.361099"/>
    <trkpt lat="34.489468" lon="133.361058"/>
    <trkpt lat="34.489453" lon="133.361018"/>
    <trkpt lat="34.489441" lon="133.360978"/>
    <trkpt lat="34.489427" lon="133.360937"/>
    <trkpt lat="34.489415" lon="133.360896"/>
    <trkpt lat="34.489405" lon="133.360855"/>
    <trkpt lat="34.489395" lon="133.360813"/>
    <trkpt lat="34.489385" lon="133.360771"/>
    <trkpt lat="34.489377" lon="133.360728"/>
    <trkpt lat="34.489369" lon="133.360686"/>
    <trkpt lat="34.489363" lon="133.360643"/>
    <trkpt lat="34.489358" lon="133.3606"/>
    <trkpt lat="34.489353" lon="133.360556"/>
    <trkpt lat="34.489349" lon="133.360513"/>
    <trkpt lat="34.489345" lon="133.36047"/>
    <trkpt lat="34.489342" lon="133.360426"/>
    <trkpt lat="34.489339" lon="133.360383"/>
    <trkpt lat="34.489336" lon="133.360339"/>
    <trkpt lat="34.489333" lon="133.360295"/>
    <trkpt lat="34.489331" lon="133.360252"/>
    <trkpt lat="34.489329" lon="133.360208"/>
    <trkpt lat="34.489327" lon="133.360166"/>
    <trkpt lat="34.489325" lon="133.360122"/>
    <trkpt lat="34.489324" lon="133.360079"/>
    <trkpt lat="34.489323" lon="133.360035"/>
    <trkpt lat="34.489323" lon="133.359991"/>
    <trkpt lat="34.489322" lon="133.359948"/>
    <trkpt lat="34.489321" lon="133.359904"/>
    <trkpt lat="34.489318" lon="133.359861"/>
    <trkpt lat="34.489315" lon="133.359817"/>
    <trkpt lat="34.489312" lon="133.359773"/>
    <trkpt lat="34.489308" lon="133.35973"/>
    <trkpt lat="34.489304" lon="133.359687"/>
    <trkpt lat="34.489299" lon="133.359644"/>
    <trkpt lat="34.489295" lon="133.3596"/>
    <trkpt lat="34.489292" lon="133.359557"/>
    <trkpt lat="34.489288" lon="133.359513"/>
    <trkpt lat="34.489286" lon="133.35947"/>
    <trkpt lat="34.489283" lon="133.359427"/>
    <trkpt lat="34.48928" lon="133.359383"/>
    <trkpt lat="34.489277" lon="133.35934"/>
    <trkpt lat="34.489273" lon="133.359296"/>
    <trkpt lat="34.489268" lon="133.359254"/>
    <trkpt lat="34.489262" lon="133.35921"/>
    <trkpt lat="34.489257" lon="133.359167"/>
    <trkpt lat="34.48925" lon="133.359124"/>
    <trkpt lat="34.489243" lon="133.359081"/>
    <trkpt lat="34.489237" lon="133.359039"/>
    <trkpt lat="34.48923" lon="133.358995"/>
    <trkpt lat="34.489222" lon="133.358953"/>
    <trkpt lat="34.489215" lon="133.35891"/>
    <trkpt lat="34.489207" lon="133.358868"/>
    <trkpt lat="34.489199" lon="133.358825"/>
    <trkpt lat="34.48919" lon="133.358783"/>
    <trkpt lat="34.48918" lon="133.358741"/>
    <trkpt lat="34.489169" lon="133.3587"/>
    <trkpt lat="34.489158" lon="133.358658"/>
    <trkpt lat="34.489145" lon="133.358617"/>
    <trkpt lat="34.489132" lon="133.358577"/>
    <trkpt lat="34.489119" lon="133.358536"/>
    <trkpt lat="34.489106" lon="133.358496"/>
    <trkpt lat="34.489092" lon="133.358456"/>
    <trkpt lat="34.489077" lon="133.358415"/>
    <trkpt lat="34.489061" lon="133.358376"/>
    <trkpt lat="34.489041" lon="133.35834"/>
    <trkpt lat="34.489018" lon="133.358308"/>
    <trkpt lat="34.488989" lon="133.358282"/>
    <trkpt lat="34.488955" lon="133.358266"/>
    <trkpt lat="34.48892" lon="133.35826"/>
    <trkpt lat="34.488884" lon="133.35826"/>
    <trkpt lat="34.488848" lon="133.358263"/>
    <trkpt lat="34.488812" lon="133.35827"/>
    <trkpt lat="34.488777" lon="133.358279"/>
    <trkpt lat="34.488742" lon="133.358289"/>
    <trkpt lat="34.488707" lon="133.358299"/>
    <trkpt lat="34.488672" lon="133.35831"/>
    <trkpt lat="34.488637" lon="133.358322"/>
    <trkpt lat="34.488602" lon="133.358334"/>
    <trkpt lat="34.488568" lon="133.358347"/>
    <trkpt lat="34.488534" lon="133.35836"/>
    <trkpt lat="34.4885" lon="133.358373"/>
    <trkpt lat="34.488465" lon="133.358387"/>
    <trkpt lat="34.488431" lon="133.358401"/>
    <trkpt lat="34.488397" lon="133.358414"/>
    <trkpt lat="34.488363" lon="133.358427"/>
    <trkpt lat="34.488327" lon="133.35844"/>
    <trkpt lat="34.488293" lon="133.358454"/>
    <trkpt lat="34.488259" lon="133.358466"/>
    <trkpt lat="34.488225" lon="133.358479"/>
    <trkpt lat="34.48819" lon="133.358491"/>
    <trkpt lat="34.488155" lon="133.358504"/>
    <trkpt lat="34.488121" lon="133.358516"/>
    <trkpt lat="34.488086" lon="133.358528"/>
    <trkpt lat="34.488052" lon="133.358541"/>
    <trkpt lat="34.488017" lon="133.358553"/>
    <trkpt lat="34.487982" lon="133.358565"/>
    <trkpt lat="34.487948" lon="133.358578"/>
    <trkpt lat="34.487913" lon="133.35859"/>
    <trkpt lat="34.487879" lon="133.358602"/>
    <trkpt lat="34.487844" lon="133.358615"/>
    <trkpt lat="34.487809" lon="133.358627"/>
    <trkpt lat="34.487775" lon="133.358639"/>
    <trkpt lat="34.48774" lon="133.358651"/>
    <trkpt lat="34.487706" lon="133.358663"/>
    <trkpt lat="34.487671" lon="133.358675"/>
    <trkpt lat="34.487636" lon="133.358687"/>
    <trkpt lat="34.487602" lon="133.358699"/>
    <trkpt lat="34.487567" lon="133.358711"/>
    <trkpt lat="34.487532" lon="133.358722"/>
    <trkpt lat="34.487497" lon="133.358734"/>
    <trkpt lat="34.487462" lon="133.358743"/>
    <trkpt lat="34.487427" lon="133.358754"/>
    <trkpt lat="34.487392" lon="133.358765"/>
    <trkpt lat="34.487358" lon="133.358775"/>
    <trkpt lat="34.487323" lon="133.358786"/>
    <trkpt lat="34.487287" lon="133.358796"/>
    <trkpt lat="34.487252" lon="133.358806"/>
    <trkpt lat="34.487217" lon="133.358815"/>
    <trkpt lat="34.487182" lon="133.358824"/>
    <trkpt lat="34.487146" lon="133.358832"/>
    <trkpt lat="34.487111" lon="133.358839"/>
    <trkpt lat="34.487075" lon="133.358845"/>
    <trkpt lat="34.487039" lon="133.35885"/>
    <trkpt lat="34.487003" lon="133.358854"/>
    <trkpt lat="34.486967" lon="133.358856"/>
    <trkpt lat="34.486931" lon="133.358858"/>
    <trkpt lat="34.486895" lon="133.358858"/>
    <trkpt lat="34.486859" lon="133.358859"/>
    <trkpt lat="34.486823" lon="133.35886"/>
    <trkpt lat="34.486787" lon="133.35886"/>
    <trkpt lat="34.486751" lon="133.358862"/>
    <trkpt lat="34.486715" lon="133.358863"/>
    <trkpt lat="34.486679" lon="133.358867"/>
    <trkpt lat="34.486643" lon="133.358869"/>
    <trkpt lat="34.486607" lon="133.358871"/>
    <trkpt lat="34.486571" lon="133.358874"/>
    <trkpt lat="34.486535" lon="133.358876"/>
    <trkpt lat="34.486499" lon="133.358879"/>
    <trkpt lat="34.486463" lon="133.35888"/>
    <trkpt lat="34.486427" lon="133.35888"/>
    <trkpt lat="34.486391" lon="133.358881"/>
    <trkpt lat="34.486355" lon="133.358881"/>
    <trkpt lat="34.486318" lon="133.358881"/>
    <trkpt lat="34.486282" lon="133.358881"/>
    <trkpt lat="34.486246" lon="133.358881"/>
    <trkpt lat="34.48621" lon="133.358881"/>
    <trkpt lat="34.486174" lon="133.358882"/>
    <trkpt lat="34.486138" lon="133.358882"/>
    <trkpt lat="34.486102" lon="133.358884"/>
    <trkpt lat="34.486066" lon="133.358885"/>
    <trkpt lat="34.48603" lon="133.358887"/>
    <trkpt lat="34.485994" lon="133.358891"/>
    <trkpt lat="34.485958" lon="133.358893"/>
    <trkpt lat="34.485922" lon="133.358896"/>
    <trkpt lat="34.485886" lon="133.358898"/>
    <trkpt lat="34.485851" lon="133.358899"/>
    <trkpt lat="34.485815" lon="133.358899"/>
    <trkpt lat="34.485779" lon="133.358899"/>
    <trkpt lat="34.485743" lon="133.358897"/>
    <trkpt lat="34.485706" lon="133.358895"/>
    <trkpt lat="34.48567" lon="133.358893"/>
    <trkpt lat="34.485634" lon="133.35889"/>
    <trkpt lat="34.485598" lon="133.358886"/>
    <trkpt lat="34.485562" lon="133.358882"/>
    <trkpt lat="34.485526" lon="133.358876"/>
    <trkpt lat="34.485491" lon="133.358868"/>
    <trkpt lat="34.485457" lon="133.358855"/>
    <trkpt lat="34.485425" lon="133.358834"/>
    <trkpt lat="34.485397" lon="133.358807"/>
    <trkpt lat="34.485377" lon="133.358772"/>
    <trkpt lat="34.485364" lon="133.35873"/>
    <trkpt lat="34.485358" lon="133.358688"/>
    <trkpt lat="34.485358" lon="133.358644"/>
    <trkpt lat="34.48536" lon="133.358601"/>
    <trkpt lat="34.485366" lon="133.358557"/>
    <trkpt lat="34.485372" lon="133.358515"/>
    <trkpt lat="34.485379" lon="133.358472"/>
    <trkpt lat="34.485387" lon="133.35843"/>
    <trkpt lat="34.485395" lon="133.358387"/>
    <trkpt lat="34.485402" lon="133.358345"/>
    <trkpt lat="34.485409" lon="133.358301"/>
    <trkpt lat="34.485416" lon="133.358258"/>
    <trkpt lat="34.485423" lon="133.358216"/>
    <trkpt lat="34.48543" lon="133.358173"/>
    <trkpt lat="34.485436" lon="133.35813"/>
    <trkpt lat="34.485442" lon="133.358087"/>
    <trkpt lat="34.48545" lon="133.358045"/>
    <trkpt lat="34.485456" lon="133.358001"/>
    <trkpt lat="34.485462" lon="133.357959"/>
    <trkpt lat="34.485469" lon="133.357916"/>
    <trkpt lat="34.485476" lon="133.357873"/>
    <trkpt lat="34.485482" lon="133.35783"/>
    <trkpt lat="34.485489" lon="133.357788"/>
    <trkpt lat="34.485496" lon="133.357745"/>
    <trkpt lat="34.485503" lon="133.357702"/>
    <trkpt lat="34.485509" lon="133.357659"/>
    <trkpt lat="34.485515" lon="133.357615"/>
    <trkpt lat="34.485521" lon="133.357573"/>
    <trkpt lat="34.485526" lon="133.357529"/>
    <trkpt lat="34.485531" lon="133.357487"/>
    <trkpt lat="34.485535" lon="133.357443"/>
    <trkpt lat="34.485541" lon="133.3574"/>
    <trkpt lat="34.485545" lon="133.357357"/>
    <trkpt lat="34.48555" lon="133.357314"/>
    <trkpt lat="34.485554" lon="133.35727"/>
    <trkpt lat="34.485559" lon="133.357227"/>
    <trkpt lat="34.485563" lon="133.357184"/>
    <trkpt lat="34.485568" lon="133.35714"/>
    <trkpt lat="34.485571" lon="133.357097"/>
    <trkpt lat="34.485575" lon="133.357054"/>
    <trkpt lat="34.485579" lon="133.357011"/>
    <trkpt lat="34.485583" lon="133.356967"/>
    <trkpt lat="34.485587" lon="133.356923"/>
    <trkpt lat="34.48559" lon="133.356881"/>
    <trkpt lat="34.485593" lon="133.356837"/>
    <trkpt lat="34.485597" lon="133.356794"/>
    <trkpt lat="34.4856" lon="133.35675"/>
    <trkpt lat="34.485603" lon="133.356706"/>
    <trkpt lat="34.485606" lon="133.356663"/>
    <trkpt lat="34.485608" lon="133.356619"/>
    <trkpt lat="34.485611" lon="133.356576"/>
    <trkpt lat="34.485614" lon="133.356533"/>
    <trkpt lat="34.485615" lon="133.35649"/>
    <trkpt lat="34.485618" lon="133.356446"/>
    <trkpt lat="34.485621" lon="133.356402"/>
    <trkpt lat="34.485624" lon="133.356359"/>
    <trkpt lat="34.485627" lon="133.356315"/>
    <trkpt lat="34.48563" lon="133.356272"/>
    <trkpt lat="34.485633" lon="133.356228"/>
    <trkpt lat="34.485635" lon="133.356186"/>
    <trkpt lat="34.485638" lon="133.356142"/>
    <trkpt lat="34.485641" lon="133.356098"/>
    <trkpt lat="34.485643" lon="133.356055"/>
    <trkpt lat="34.485646" lon="133.356011"/>
    <trkpt lat="34.485649" lon="133.355968"/>
    <trkpt lat="34.485652" lon="133.355924"/>
    <trkpt lat="34.485654" lon="133.35588"/>
    <trkpt lat="34.485657" lon="133.355837"/>
    <trkpt lat="34.48566" lon="133.355794"/>
    <trkpt lat="34.485662" lon="133.355751"/>
    <trkpt lat="34.485665" lon="133.355707"/>
    <trkpt lat="34.485669" lon="133.355663"/>
    <trkpt lat="34.485671" lon="133.35562"/>
    <trkpt lat="34.485674" lon="133.355576"/>
    <trkpt lat="34.485677" lon="133.355533"/>
    <trkpt lat="34.485679" lon="133.355489"/>
    <trkpt lat="34.485683" lon="133.355447"/>
    <trkpt lat="34.485686" lon="133.355403"/>
    <trkpt lat="34.485688" lon="133.355359"/>
    <trkpt lat="34.485691" lon="133.355316"/>
    <trkpt lat="34.485694" lon="133.355272"/>
    <trkpt lat="34.485697" lon="133.355229"/>
    <trkpt lat="34.485699" lon="133.355185"/>
    <trkpt lat="34.485702" lon="133.355141"/>
    <trkpt lat="34.485705" lon="133.355098"/>
    <trkpt lat="34.485707" lon="133.355055"/>
    <trkpt lat="34.485709" lon="133.355012"/>
    <trkpt lat="34.485712" lon="133.354968"/>
    <trkpt lat="34.485715" lon="133.354925"/>
    <trkpt lat="34.485717" lon="133.354881"/>
    <trkpt lat="34.48572" lon="133.354837"/>
    <trkpt lat="34.485723" lon="133.354794"/>
    <trkpt lat="34.485725" lon="133.35475"/>
    <trkpt lat="34.485727" lon="133.354707"/>
    <trkpt lat="34.48573" lon="133.354664"/>
    <trkpt lat="34.485733" lon="133.35462"/>
    <trkpt lat="34.485735" lon="133.354577"/>
    <trkpt lat="34.485738" lon="133.354533"/>
    <trkpt lat="34.485741" lon="133.35449"/>
    <trkpt lat="34.485743" lon="133.354446"/>
    <trkpt lat="34.485746" lon="133.354402"/>
    <trkpt lat="34.485749" lon="133.354359"/>
    <trkpt lat="34.485752" lon="133.354315"/>
    <trkpt lat="34.485754" lon="133.354272"/>
    <trkpt lat="34.485757" lon="133.354229"/>
    <trkpt lat="34.48576" lon="133.354186"/>
    <trkpt lat="34.485762" lon="133.354142"/>
    <trkpt lat="34.485765" lon="133.354098"/>
    <trkpt lat="34.485768" lon="133.354055"/>
    <trkpt lat="34.48577" lon="133.354011"/>
    <trkpt lat="34.485773" lon="133.353968"/>
    <trkpt lat="34.485776" lon="133.353924"/>
    <trkpt lat="34.485779" lon="133.353882"/>
    <trkpt lat="34.485781" lon="133.353838"/>
    <trkpt lat="34.485784" lon="133.353794"/>
    <trkpt lat="34.485787" lon="133.353751"/>
    <trkpt lat="34.48579" lon="133.353707"/>
    <trkpt lat="34.485793" lon="133.353664"/>
    <trkpt lat="34.485796" lon="133.35362"/>
    <trkpt lat="34.485798" lon="133.353576"/>
    <trkpt lat="34.485801" lon="133.353533"/>
    <trkpt lat="34.485803" lon="133.35349"/>
    <trkpt lat="34.485806" lon="133.353447"/>
    <trkpt lat="34.485808" lon="133.353403"/>
    <trkpt lat="34.485811" lon="133.353359"/>
    <trkpt lat="34.485814" lon="133.353316"/>
    <trkpt lat="34.485816" lon="133.353272"/>
    <trkpt lat="34.485819" lon="133.353229"/>
    <trkpt lat="34.485822" lon="133.353185"/>
    <trkpt lat="34.485825" lon="133.353141"/>
    <trkpt lat="34.485827" lon="133.353099"/>
    <trkpt lat="34.48583" lon="133.353055"/>
    <trkpt lat="34.485833" lon="133.353012"/>
    <trkpt lat="34.485835" lon="133.352968"/>
    <trkpt lat="34.485837" lon="133.352925"/>
    <trkpt lat="34.48584" lon="133.352881"/>
    <trkpt lat="34.485841" lon="133.352837"/>
    <trkpt lat="34.485842" lon="133.352794"/>
    <trkpt lat="34.485843" lon="133.35275"/>
    <trkpt lat="34.485843" lon="133.352707"/>
    <trkpt lat="34.485843" lon="133.352663"/>
    <trkpt lat="34.485843" lon="133.352619"/>
    <trkpt lat="34.485843" lon="133.352576"/>
    <trkpt lat="34.485843" lon="133.352532"/>
    <trkpt lat="34.485843" lon="133.352489"/>
    <trkpt lat="34.485843" lon="133.352445"/>
    <trkpt lat="34.485843" lon="133.352401"/>
    <trkpt lat="34.485843" lon="133.352358"/>
    <trkpt lat="34.485843" lon="133.352314"/>
    <trkpt lat="34.485843" lon="133.352271"/>
    <trkpt lat="34.485843" lon="133.352227"/>
    <trkpt lat="34.485843" lon="133.352183"/>
    <trkpt lat="34.485842" lon="133.35214"/>
    <trkpt lat="34.485842" lon="133.352096"/>
    <trkpt lat="34.48584" lon="133.352053"/>
    <trkpt lat="34.485839" lon="133.352009"/>
    <trkpt lat="34.485837" lon="133.351966"/>
    <trkpt lat="34.485834" lon="133.351922"/>
    <trkpt lat="34.485833" lon="133.351878"/>
    <trkpt lat="34.485831" lon="133.351835"/>
    <trkpt lat="34.485828" lon="133.351791"/>
    <trkpt lat="34.485827" lon="133.351749"/>
    <trkpt lat="34.485825" lon="133.351705"/>
    <trkpt lat="34.485825" lon="133.351661"/>
    <trkpt lat="34.485823" lon="133.351618"/>
    <trkpt lat="34.485821" lon="133.351574"/>
    <trkpt lat="34.485819" lon="133.351531"/>
    <trkpt lat="34.485816" lon="133.351487"/>
    <trkpt lat="34.485815" lon="133.351443"/>
    <trkpt lat="34.485813" lon="133.3514"/>
    <trkpt lat="34.485811" lon="133.351356"/>
    <trkpt lat="34.485809" lon="133.351313"/>
    <trkpt lat="34.485808" lon="133.351269"/>
    <trkpt lat="34.485807" lon="133.351225"/>
    <trkpt lat="34.485807" lon="133.351182"/>
    <trkpt lat="34.485806" lon="133.351138"/>
    <trkpt lat="34.485804" lon="133.351095"/>
    <trkpt lat="34.485802" lon="133.351051"/>
    <trkpt lat="34.4858" lon="133.351008"/>
    <trkpt lat="34.485798" lon="133.350964"/>
    <trkpt lat="34.485796" lon="133.35092"/>
    <trkpt lat="34.485793" lon="133.350877"/>
    <trkpt lat="34.485791" lon="133.350833"/>
    <trkpt lat="34.48579" lon="133.350791"/>
    <trkpt lat="34.485789" lon="133.350747"/>
    <trkpt lat="34.485787" lon="133.350703"/>
    <trkpt lat="34.485785" lon="133.35066"/>
    <trkpt lat="34.485783" lon="133.350616"/>
    <trkpt lat="34.48578" lon="133.350573"/>
    <trkpt lat="34.485777" lon="133.350529"/>
    <trkpt lat="34.485774" lon="133.350485"/>
    <trkpt lat="34.48577" lon="133.350442"/>
    <trkpt lat="34.485767" lon="133.350399"/>
    <trkpt lat="34.485764" lon="133.350356"/>
    <trkpt lat="34.485761" lon="133.350312"/>
    <trkpt lat="34.485759" lon="133.350269"/>
    <trkpt lat="34.485756" lon="133.350225"/>
    <trkpt lat="34.485754" lon="133.350181"/>
    <trkpt lat="34.485752" lon="133.350138"/>
    <trkpt lat="34.485751" lon="133.350094"/>
    <trkpt lat="34.485748" lon="133.350051"/>
    <trkpt lat="34.485746" lon="133.350007"/>
    <trkpt lat="34.485743" lon="133.349963"/>
    <trkpt lat="34.485742" lon="133.34992"/>
    <trkpt lat="34.48574" lon="133.349876"/>
    <trkpt lat="34.485738" lon="133.349834"/>
    <trkpt lat="34.485737" lon="133.34979"/>
    <trkpt lat="34.485736" lon="133.349747"/>
    <trkpt lat="34.485735" lon="133.349703"/>
    <trkpt lat="34.485734" lon="133.349659"/>
    <trkpt lat="34.485734" lon="133.349616"/>
    <trkpt lat="34.485732" lon="133.349572"/>
    <trkpt lat="34.48573" lon="133.349529"/>
    <trkpt lat="34.485728" lon="133.349485"/>
    <trkpt lat="34.485725" lon="133.349441"/>
    <trkpt lat="34.485724" lon="133.349398"/>
    <trkpt lat="34.485722" lon="133.349354"/>
    <trkpt lat="34.48572" lon="133.349311"/>
    <trkpt lat="34.485718" lon="133.349267"/>
    <trkpt lat="34.485716" lon="133.349223"/>
    <trkpt lat="34.485715" lon="133.34918"/>
    <trkpt lat="34.485713" lon="133.349136"/>
    <trkpt lat="34.485711" lon="133.349093"/>
    <trkpt lat="34.485707" lon="133.349049"/>
    <trkpt lat="34.485705" lon="133.349007"/>
    <trkpt lat="34.485701" lon="133.348963"/>
    <trkpt lat="34.485697" lon="133.348919"/>
    <trkpt lat="34.485694" lon="133.348876"/>
    <trkpt lat="34.485689" lon="133.348832"/>
    <trkpt lat="34.485686" lon="133.34879"/>
    <trkpt lat="34.485682" lon="133.348746"/>
    <trkpt lat="34.485678" lon="133.348702"/>
    <trkpt lat="34.485673" lon="133.348659"/>
    <trkpt lat="34.485669" lon="133.348616"/>
    <trkpt lat="34.485664" lon="133.348573"/>
    <trkpt lat="34.485659" lon="133.34853"/>
    <trkpt lat="34.485653" lon="133.348487"/>
    <trkpt lat="34.485648" lon="133.348443"/>
    <trkpt lat="34.485642" lon="133.348401"/>
    <trkpt lat="34.485638" lon="133.348357"/>
    <trkpt lat="34.485633" lon="133.348314"/>
    <trkpt lat="34.485628" lon="133.348271"/>
    <trkpt lat="34.485623" lon="133.348227"/>
    <trkpt lat="34.485617" lon="133.348185"/>
    <trkpt lat="34.485611" lon="133.348142"/>
    <trkpt lat="34.485604" lon="133.348099"/>
    <trkpt lat="34.485596" lon="133.348056"/>
    <trkpt lat="34.485587" lon="133.348015"/>
    <trkpt lat="34.485577" lon="133.347972"/>
    <trkpt lat="34.485566" lon="133.347931"/>
    <trkpt lat="34.485555" lon="133.347889"/>
    <trkpt lat="34.485542" lon="133.347848"/>
    <trkpt lat="34.485531" lon="133.347808"/>
    <trkpt lat="34.485517" lon="133.347766"/>
    <trkpt lat="34.485504" lon="133.347726"/>
    <trkpt lat="34.485489" lon="133.347687"/>
    <trkpt lat="34.485474" lon="133.347646"/>
    <trkpt lat="34.485459" lon="133.347607"/>
    <trkpt lat="34.485442" lon="133.347569"/>
    <trkpt lat="34.485425" lon="133.34753"/>
    <trkpt lat="34.485407" lon="133.347493"/>
    <trkpt lat="34.485388" lon="133.347455"/>
    <trkpt lat="34.485369" lon="133.347419"/>
    <trkpt lat="34.48535" lon="133.347381"/>
    <trkpt lat="34.48533" lon="133.347346"/>
    <trkpt lat="34.485309" lon="133.34731"/>
    <trkpt lat="34.485288" lon="133.347274"/>
    <trkpt lat="34.485267" lon="133.347239"/>
    <trkpt lat="34.485246" lon="133.347204"/>
    <trkpt lat="34.485224" lon="133.347169"/>
    <trkpt lat="34.485203" lon="133.347133"/>
    <trkpt lat="34.485181" lon="133.347098"/>
    <trkpt lat="34.48516" lon="133.347063"/>
    <trkpt lat="34.485139" lon="133.347028"/>
    <trkpt lat="34.485118" lon="133.346992"/>
    <trkpt lat="34.485097" lon="133.346958"/>
    <trkpt lat="34.485076" lon="133.346922"/>
    <trkpt lat="34.485056" lon="133.346886"/>
    <trkpt lat="34.485035" lon="133.34685"/>
    <trkpt lat="34.485014" lon="133.346815"/>
    <trkpt lat="34.484994" lon="133.346779"/>
    <trkpt lat="34.484973" lon="133.346743"/>
    <trkpt lat="34.484952" lon="133.346707"/>
    <trkpt lat="34.484932" lon="133.346671"/>
    <trkpt lat="34.484912" lon="133.346635"/>
    <trkpt lat="34.484891" lon="133.3466"/>
    <trkpt lat="34.48487" lon="133.346564"/>
    <trkpt lat="34.484849" lon="133.346528"/>
    <trkpt lat="34.484829" lon="133.346492"/>
    <trkpt lat="34.484808" lon="133.346456"/>
    <trkpt lat="34.484788" lon="133.34642"/>
    <trkpt lat="34.484767" lon="133.346384"/>
    <trkpt lat="34.484747" lon="133.346348"/>
    <trkpt lat="34.484727" lon="133.346312"/>
    <trkpt lat="34.484706" lon="133.346276"/>
    <trkpt lat="34.484686" lon="133.34624"/>
    <trkpt lat="34.484666" lon="133.346204"/>
    <trkpt lat="34.484646" lon="133.346168"/>
    <trkpt lat="34.484626" lon="133.346131"/>
    <trkpt lat="34.484606" lon="133.346095"/>
    <trkpt lat="34.484585" lon="133.346059"/>
    <trkpt lat="34.484565" lon="133.346024"/>
    <trkpt lat="34.484545" lon="133.345988"/>
    <trkpt lat="34.484524" lon="133.345952"/>
    <trkpt lat="34.484504" lon="133.345916"/>
    <trkpt lat="34.484483" lon="133.34588"/>
    <trkpt lat="34.484463" lon="133.345845"/>
    <trkpt lat="34.484442" lon="133.345809"/>
    <trkpt lat="34.484422" lon="133.345773"/>
    <trkpt lat="34.484401" lon="133.345737"/>
    <trkpt lat="34.484381" lon="133.345701"/>
    <trkpt lat="34.484361" lon="133.345665"/>
    <trkpt lat="34.48434" lon="133.345629"/>
    <trkpt lat="34.484319" lon="133.345593"/>
    <trkpt lat="34.4843" lon="133.345557"/>
    <trkpt lat="34.484279" lon="133.345521"/>
    <trkpt lat="34.484259" lon="133.345485"/>
    <trkpt lat="34.484238" lon="133.345449"/>
    <trkpt lat="34.484218" lon="133.345413"/>
    <trkpt lat="34.484198" lon="133.345377"/>
    <trkpt lat="34.484177" lon="133.345341"/>
    <trkpt lat="34.484157" lon="133.345305"/>
    <trkpt lat="34.484136" lon="133.345269"/>
    <trkpt lat="34.484116" lon="133.345233"/>
    <trkpt lat="34.484095" lon="133.345197"/>
    <trkpt lat="34.484074" lon="133.345161"/>
    <trkpt lat="34.484054" lon="133.345127"/>
    <trkpt lat="34.484034" lon="133.345091"/>
    <trkpt lat="34.484013" lon="133.345055"/>
    <trkpt lat="34.483992" lon="133.345019"/>
    <trkpt lat="34.483971" lon="133.344983"/>
    <trkpt lat="34.483951" lon="133.344948"/>
    <trkpt lat="34.48393" lon="133.344912"/>
    <trkpt lat="34.483909" lon="133.344876"/>
    <trkpt lat="34.483889" lon="133.34484"/>
    <trkpt lat="34.483869" lon="133.344804"/>
    <trkpt lat="34.483849" lon="133.344768"/>
    <trkpt lat="34.483828" lon="133.344732"/>
    <trkpt lat="34.483808" lon="133.344695"/>
    <trkpt lat="34.483789" lon="133.344659"/>
    <trkpt lat="34.48377" lon="133.344622"/>
    <trkpt lat="34.48375" lon="133.344585"/>
    <trkpt lat="34.483731" lon="133.344549"/>
    <trkpt lat="34.483711" lon="133.344512"/>
    <trkpt lat="34.48369" lon="133.344477"/>
    <trkpt lat="34.483668" lon="133.344442"/>
    <trkpt lat="34.483643" lon="133.34441"/>
    <trkpt lat="34.483616" lon="133.344381"/>
    <trkpt lat="34.483586" lon="133.344358"/>
    <trkpt lat="34.483552" lon="133.344343"/>
    <trkpt lat="34.483516" lon="133.344339"/>
    <trkpt lat="34.483481" lon="133.344344"/>
    <trkpt lat="34.483447" lon="133.344358"/>
    <trkpt lat="34.483414" lon="133.344378"/>
    <trkpt lat="34.483383" lon="133.3444"/>
    <trkpt lat="34.483353" lon="133.344424"/>
    <trkpt lat="34.483323" lon="133.344449"/>
    <trkpt lat="34.483295" lon="133.344475"/>
    <trkpt lat="34.483266" lon="133.344501"/>
    <trkpt lat="34.483238" lon="133.344527"/>
    <trkpt lat="34.483209" lon="133.344554"/>
    <trkpt lat="34.48318" lon="133.344581"/>
    <trkpt lat="34.483151" lon="133.344607"/>
    <trkpt lat="34.483122" lon="133.344632"/>
    <trkpt lat="34.483091" lon="133.344655"/>
    <trkpt lat="34.48306" lon="133.344676"/>
    <trkpt lat="34.483027" lon="133.344693"/>
    <trkpt lat="34.482992" lon="133.344705"/>
    <trkpt lat="34.482956" lon="133.344707"/>
    <trkpt lat="34.482921" lon="133.344699"/>
    <trkpt lat="34.482888" lon="133.344682"/>
    <trkpt lat="34.482857" lon="133.344658"/>
    <trkpt lat="34.48283" lon="133.34463"/>
    <trkpt lat="34.482804" lon="133.344599"/>
    <trkpt lat="34.48278" lon="133.344567"/>
    <trkpt lat="34.482757" lon="133.344535"/>
    <trkpt lat="34.482732" lon="133.344502"/>
    <trkpt lat="34.482705" lon="133.344474"/>
    <trkpt lat="34.482674" lon="133.344451"/>
    <trkpt lat="34.482639" lon="133.344444"/>
    <trkpt lat="34.482604" lon="133.344455"/>
    <trkpt lat="34.482573" lon="133.344476"/>
    <trkpt lat="34.482543" lon="133.3445"/>
    <trkpt lat="34.482513" lon="133.344526"/>
    <trkpt lat="34.482485" lon="133.344552"/>
    <trkpt lat="34.482456" lon="133.344579"/>
    <trkpt lat="34.482428" lon="133.344607"/>
    <trkpt lat="34.4824" lon="133.344633"/>
    <trkpt lat="34.482372" lon="133.34466"/>
    <trkpt lat="34.482343" lon="133.344686"/>
    <trkpt lat="34.482314" lon="133.344712"/>
    <trkpt lat="34.482286" lon="133.34474"/>
    <trkpt lat="34.482257" lon="133.344766"/>
    <trkpt lat="34.482228" lon="133.344793"/>
    <trkpt lat="34.4822" lon="133.344819"/>
    <trkpt lat="34.482172" lon="133.344846"/>
    <trkpt lat="34.482143" lon="133.344873"/>
    <trkpt lat="34.482115" lon="133.3449"/>
    <trkpt lat="34.482086" lon="133.344926"/>
    <trkpt lat="34.482058" lon="133.344953"/>
    <trkpt lat="34.482029" lon="133.344979"/>
    <trkpt lat="34.482001" lon="133.345007"/>
    <trkpt lat="34.481972" lon="133.345034"/>
    <trkpt lat="34.481944" lon="133.345061"/>
    <trkpt lat="34.481916" lon="133.345088"/>
    <trkpt lat="34.481889" lon="133.345117"/>
    <trkpt lat="34.481861" lon="133.345144"/>
    <trkpt lat="34.481834" lon="133.345172"/>
    <trkpt lat="34.481806" lon="133.3452"/>
    <trkpt lat="34.481778" lon="133.345228"/>
    <trkpt lat="34.48175" lon="133.345255"/>
    <trkpt lat="34.481722" lon="133.345283"/>
    <trkpt lat="34.481695" lon="133.345311"/>
    <trkpt lat="34.481666" lon="133.345338"/>
    <trkpt lat="34.481638" lon="133.345365"/>
    <trkpt lat="34.48161" lon="133.345392"/>
    <trkpt lat="34.481581" lon="133.34542"/>
    <trkpt lat="34.481553" lon="133.345446"/>
    <trkpt lat="34.481524" lon="133.345473"/>
    <trkpt lat="34.481496" lon="133.345499"/>
    <trkpt lat="34.481467" lon="133.345524"/>
    <trkpt lat="34.481437" lon="133.345549"/>
    <trkpt lat="34.481407" lon="133.345574"/>
    <trkpt lat="34.481378" lon="133.345598"/>
    <trkpt lat="34.481347" lon="133.345622"/>
    <trkpt lat="34.481316" lon="133.345645"/>
    <trkpt lat="34.481286" lon="133.345668"/>
    <trkpt lat="34.481254" lon="133.34569"/>
    <trkpt lat="34.481223" lon="133.345712"/>
    <trkpt lat="34.481192" lon="133.345734"/>
    <trkpt lat="34.48116" lon="133.345754"/>
    <trkpt lat="34.481129" lon="133.345776"/>
    <trkpt lat="34.481098" lon="133.345798"/>
    <trkpt lat="34.481067" lon="133.34582"/>
    <trkpt lat="34.481036" lon="133.345842"/>
    <trkpt lat="34.481004" lon="133.345864"/>
    <trkpt lat="34.480974" lon="133.345887"/>
    <trkpt lat="34.480943" lon="133.34591"/>
    <trkpt lat="34.480912" lon="133.345933"/>
    <trkpt lat="34.480882" lon="133.345956"/>
    <trkpt lat="34.480852" lon="133.34598"/>
    <trkpt lat="34.480821" lon="133.346004"/>
    <trkpt lat="34.480792" lon="133.346028"/>
    <trkpt lat="34.480761" lon="133.346052"/>
    <trkpt lat="34.480731" lon="133.346076"/>
    <trkpt lat="34.480702" lon="133.3461"/>
    <trkpt lat="34.480671" lon="133.346124"/>
    <trkpt lat="34.480641" lon="133.346148"/>
    <trkpt lat="34.480611" lon="133.346172"/>
    <trkpt lat="34.480581" lon="133.346196"/>
    <trkpt lat="34.480551" lon="133.34622"/>
    <trkpt lat="34.48052" lon="133.346244"/>
    <trkpt lat="34.48049" lon="133.346267"/>
    <trkpt lat="34.48046" lon="133.346291"/>
    <trkpt lat="34.480429" lon="133.346313"/>
    <trkpt lat="34.480399" lon="133.346337"/>
    <trkpt lat="34.480369" lon="133.346361"/>
    <trkpt lat="34.480338" lon="133.346385"/>
    <trkpt lat="34.480309" lon="133.346409"/>
    <trkpt lat="34.480279" lon="133.346434"/>
    <trkpt lat="34.48025" lon="133.346459"/>
    <trkpt lat="34.48022" lon="133.346485"/>
    <trkpt lat="34.480191" lon="133.34651"/>
    <trkpt lat="34.480162" lon="133.346536"/>
    <trkpt lat="34.480132" lon="133.34656"/>
    <trkpt lat="34.480102" lon="133.346585"/>
    <trkpt lat="34.480072" lon="133.346608"/>
    <trkpt lat="34.480041" lon="133.346631"/>
    <trkpt lat="34.48001" lon="133.346652"/>
    <trkpt lat="34.479978" lon="133.346674"/>
    <trkpt lat="34.479946" lon="133.346694"/>
    <trkpt lat="34.479914" lon="133.346713"/>
    <trkpt lat="34.479881" lon="133.346733"/>
    <trkpt lat="34.47985" lon="133.346753"/>
    <trkpt lat="34.479817" lon="133.346772"/>
    <trkpt lat="34.479786" lon="133.346793"/>
    <trkpt lat="34.479754" lon="133.346814"/>
    <trkpt lat="34.479723" lon="133.346835"/>
    <trkpt lat="34.479692" lon="133.346858"/>
    <trkpt lat="34.479661" lon="133.346881"/>
    <trkpt lat="34.479631" lon="133.346905"/>
    <trkpt lat="34.4796" lon="133.346928"/>
    <trkpt lat="34.47957" lon="133.346951"/>
    <trkpt lat="34.47954" lon="133.346975"/>
    <trkpt lat="34.479509" lon="133.346999"/>
    <trkpt lat="34.479479" lon="133.347022"/>
    <trkpt lat="34.479449" lon="133.347046"/>
    <trkpt lat="34.479418" lon="133.347069"/>
    <trkpt lat="34.479387" lon="133.347092"/>
    <trkpt lat="34.479358" lon="133.347116"/>
    <trkpt lat="34.479327" lon="133.347138"/>
    <trkpt lat="34.479296" lon="133.347162"/>
    <trkpt lat="34.479266" lon="133.347185"/>
    <trkpt lat="34.479236" lon="133.347209"/>
    <trkpt lat="34.479205" lon="133.347232"/>
    <trkpt lat="34.479175" lon="133.347256"/>
    <trkpt lat="34.479144" lon="133.347279"/>
    <trkpt lat="34.479113" lon="133.347302"/>
    <trkpt lat="34.479084" lon="133.347326"/>
    <trkpt lat="34.479053" lon="133.347349"/>
    <trkpt lat="34.479022" lon="133.347372"/>
    <trkpt lat="34.478991" lon="133.347395"/>
    <trkpt lat="34.47896" lon="133.347417"/>
    <trkpt lat="34.47893" lon="133.347439"/>
    <trkpt lat="34.478899" lon="133.347462"/>
    <trkpt lat="34.478868" lon="133.347485"/>
    <trkpt lat="34.478837" lon="133.347507"/>
    <trkpt lat="34.478806" lon="133.34753"/>
    <trkpt lat="34.478775" lon="133.347552"/>
    <trkpt lat="34.478744" lon="133.347574"/>
    <trkpt lat="34.478713" lon="133.347597"/>
    <trkpt lat="34.478683" lon="133.347619"/>
    <trkpt lat="34.478652" lon="133.347642"/>
    <trkpt lat="34.47862" lon="133.347664"/>
    <trkpt lat="34.47859" lon="133.347687"/>
    <trkpt lat="34.478559" lon="133.34771"/>
    <trkpt lat="34.478528" lon="133.347732"/>
    <trkpt lat="34.478497" lon="133.347754"/>
    <trkpt lat="34.478466" lon="133.347777"/>
    <trkpt lat="34.478436" lon="133.3478"/>
    <trkpt lat="34.478405" lon="133.347824"/>
    <trkpt lat="34.478374" lon="133.347847"/>
    <trkpt lat="34.478345" lon="133.34787"/>
    <trkpt lat="34.478314" lon="133.347893"/>
    <trkpt lat="34.478283" lon="133.347916"/>
    <trkpt lat="34.478253" lon="133.347938"/>
    <trkpt lat="34.478221" lon="133.347961"/>
    <trkpt lat="34.47819" lon="133.347983"/>
    <trkpt lat="34.478159" lon="133.348005"/>
    <trkpt lat="34.478127" lon="133.348026"/>
    <trkpt lat="34.478095" lon="133.348046"/>
    <trkpt lat="34.478063" lon="133.348066"/>
    <trkpt lat="34.478031" lon="133.348086"/>
    <trkpt lat="34.477999" lon="133.348104"/>
    <trkpt lat="34.477966" lon="133.348124"/>
    <trkpt lat="34.477935" lon="133.348143"/>
    <trkpt lat="34.477903" lon="133.348164"/>
    <trkpt lat="34.477871" lon="133.348186"/>
    <trkpt lat="34.47784" lon="133.348209"/>
    <trkpt lat="34.47781" lon="133.348232"/>
    <trkpt lat="34.47778" lon="133.348257"/>
    <trkpt lat="34.477751" lon="133.348282"/>
    <trkpt lat="34.477723" lon="133.348308"/>
    <trkpt lat="34.477694" lon="133.348335"/>
    <trkpt lat="34.477666" lon="133.348362"/>
    <trkpt lat="34.477638" lon="133.348391"/>
    <trkpt lat="34.477611" lon="133.348418"/>
    <trkpt lat="34.477583" lon="133.348446"/>
    <trkpt lat="34.477556" lon="133.348475"/>
    <trkpt lat="34.477528" lon="133.348504"/>
    <trkpt lat="34.477501" lon="133.348532"/>
    <trkpt lat="34.477474" lon="133.348561"/>
    <trkpt lat="34.477447" lon="133.34859"/>
    <trkpt lat="34.47742" lon="133.348619"/>
    <trkpt lat="34.477394" lon="133.348648"/>
    <trkpt lat="34.477367" lon="133.348676"/>
    <trkpt lat="34.47734" lon="133.348706"/>
    <trkpt lat="34.477312" lon="133.348734"/>
    <trkpt lat="34.477285" lon="133.348762"/>
    <trkpt lat="34.477258" lon="133.348791"/>
    <trkpt lat="34.47723" lon="133.348819"/>
    <trkpt lat="34.477203" lon="133.348847"/>
    <trkpt lat="34.477175" lon="133.348875"/>
    <trkpt lat="34.477147" lon="133.348903"/>
    <trkpt lat="34.477119" lon="133.34893"/>
    <trkpt lat="34.477091" lon="133.348959"/>
    <trkpt lat="34.477063" lon="133.348986"/>
    <trkpt lat="34.477035" lon="133.349013"/>
    <trkpt lat="34.477007" lon="133.349041"/>
    <trkpt lat="34.47698" lon="133.349069"/>
    <trkpt lat="34.476952" lon="133.349097"/>
    <trkpt lat="34.476924" lon="133.349125"/>
    <trkpt lat="34.476897" lon="133.349153"/>
    <trkpt lat="34.476869" lon="133.349181"/>
    <trkpt lat="34.476842" lon="133.349209"/>
    <trkpt lat="34.476814" lon="133.349238"/>
    <trkpt lat="34.476787" lon="133.349266"/>
    <trkpt lat="34.476759" lon="133.349294"/>
    <trkpt lat="34.476731" lon="133.349323"/>
    <trkpt lat="34.476704" lon="133.34935"/>
    <trkpt lat="34.476676" lon="133.349378"/>
    <trkpt lat="34.476648" lon="133.349406"/>
    <trkpt lat="34.476621" lon="133.349434"/>
    <trkpt lat="34.476593" lon="133.349462"/>
    <trkpt lat="34.476566" lon="133.349492"/>
    <trkpt lat="34.476539" lon="133.34952"/>
    <trkpt lat="34.476512" lon="133.349548"/>
    <trkpt lat="34.476485" lon="133.349578"/>
    <trkpt lat="34.476458" lon="133.349607"/>
    <trkpt lat="34.476431" lon="133.349635"/>
    <trkpt lat="34.476405" lon="133.349665"/>
    <trkpt lat="34.476378" lon="133.349693"/>
    <trkpt lat="34.476351" lon="133.349723"/>
    <trkpt lat="34.476324" lon="133.349751"/>
    <trkpt lat="34.476296" lon="133.349779"/>
    <trkpt lat="34.476269" lon="133.349809"/>
    <trkpt lat="34.476242" lon="133.349837"/>
    <trkpt lat="34.476215" lon="133.349865"/>
    <trkpt lat="34.476188" lon="133.349895"/>
    <trkpt lat="34.476161" lon="133.349923"/>
    <trkpt lat="34.476134" lon="133.349951"/>
    <trkpt lat="34.476107" lon="133.349981"/>
    <trkpt lat="34.47608" lon="133.350009"/>
    <trkpt lat="34.476053" lon="133.350039"/>
    <trkpt lat="34.476026" lon="133.350067"/>
    <trkpt lat="34.475999" lon="133.350096"/>
    <trkpt lat="34.475971" lon="133.350125"/>
    <trkpt lat="34.475944" lon="133.350153"/>
    <trkpt lat="34.475916" lon="133.350181"/>
    <trkpt lat="34.475889" lon="133.35021"/>
    <trkpt lat="34.475862" lon="133.350238"/>
    <trkpt lat="34.475834" lon="133.350266"/>
    <trkpt lat="34.475807" lon="133.350294"/>
    <trkpt lat="34.475779" lon="133.350322"/>
    <trkpt lat="34.475751" lon="133.350349"/>
    <trkpt lat="34.475723" lon="133.350378"/>
    <trkpt lat="34.475695" lon="133.350405"/>
    <trkpt lat="34.475667" lon="133.350432"/>
    <trkpt lat="34.475639" lon="133.350459"/>
    <trkpt lat="34.47561" lon="133.350487"/>
    <trkpt lat="34.475582" lon="133.350514"/>
    <trkpt lat="34.475553" lon="133.35054"/>
    <trkpt lat="34.475525" lon="133.350567"/>
    <trkpt lat="34.475496" lon="133.350593"/>
    <trkpt lat="34.475468" lon="133.35062"/>
    <trkpt lat="34.475439" lon="133.350646"/>
    <trkpt lat="34.475409" lon="133.350671"/>
    <trkpt lat="34.475379" lon="133.350696"/>
    <trkpt lat="34.47535" lon="133.35072"/>
    <trkpt lat="34.47532" lon="133.350744"/>
    <trkpt lat="34.475289" lon="133.350767"/>
    <trkpt lat="34.475259" lon="133.35079"/>
    <trkpt lat="34.475228" lon="133.350814"/>
    <trkpt lat="34.475197" lon="133.350836"/>
    <trkpt lat="34.475168" lon="133.35086"/>
    <trkpt lat="34.475138" lon="133.350885"/>
    <trkpt lat="34.475109" lon="133.350911"/>
    <trkpt lat="34.47508" lon="133.350937"/>
    <trkpt lat="34.475051" lon="133.350964"/>
    <trkpt lat="34.475022" lon="133.35099"/>
    <trkpt lat="34.474994" lon="133.351017"/>
    <trkpt lat="34.474966" lon="133.351045"/>
    <trkpt lat="34.474938" lon="133.351071"/>
    <trkpt lat="34.474909" lon="133.351097"/>
    <trkpt lat="34.47488" lon="133.351123"/>
    <trkpt lat="34.474851" lon="133.351149"/>
    <trkpt lat="34.474821" lon="133.351175"/>
    <trkpt lat="34.474793" lon="133.3512"/>
    <trkpt lat="34.474764" lon="133.351227"/>
    <trkpt lat="34.474734" lon="133.351252"/>
    <trkpt lat="34.474705" lon="133.351278"/>
    <trkpt lat="34.474675" lon="133.351303"/>
    <trkpt lat="34.474647" lon="133.351329"/>
    <trkpt lat="34.474618" lon="133.351354"/>
    <trkpt lat="34.474588" lon="133.35138"/>
    <trkpt lat="34.474559" lon="133.351405"/>
    <trkpt lat="34.47453" lon="133.351431"/>
    <trkpt lat="34.474501" lon="133.351458"/>
    <trkpt lat="34.474473" lon="133.351484"/>
    <trkpt lat="34.474444" lon="133.35151"/>
    <trkpt lat="34.474415" lon="133.351536"/>
    <trkpt lat="34.474386" lon="133.351562"/>
    <trkpt lat="34.474357" lon="133.351588"/>
    <trkpt lat="34.474328" lon="133.351615"/>
    <trkpt lat="34.4743" lon="133.351642"/>
    <trkpt lat="34.474272" lon="133.351668"/>
    <trkpt lat="34.474243" lon="133.351694"/>
    <trkpt lat="34.474214" lon="133.35172"/>
    <trkpt lat="34.474185" lon="133.351748"/>
    <trkpt lat="34.474156" lon="133.351774"/>
    <trkpt lat="34.474128" lon="133.351801"/>
    <trkpt lat="34.474099" lon="133.351827"/>
    <trkpt lat="34.474072" lon="133.351854"/>
    <trkpt lat="34.474043" lon="133.351881"/>
    <trkpt lat="34.474015" lon="133.351908"/>
    <trkpt lat="34.473986" lon="133.351935"/>
    <trkpt lat="34.473958" lon="133.351962"/>
    <trkpt lat="34.47393" lon="133.351989"/>
    <trkpt lat="34.473902" lon="133.352017"/>
    <trkpt lat="34.473874" lon="133.352045"/>
    <trkpt lat="34.473846" lon="133.352072"/>
    <trkpt lat="34.473819" lon="133.352101"/>
    <trkpt lat="34.473791" lon="133.352129"/>
    <trkpt lat="34.473764" lon="133.352157"/>
    <trkpt lat="34.473736" lon="133.352186"/>
    <trkpt lat="34.473709" lon="133.352214"/>
    <trkpt lat="34.473682" lon="133.352242"/>
    <trkpt lat="34.473655" lon="133.352271"/>
    <trkpt lat="34.473628" lon="133.3523"/>
    <trkpt lat="34.473601" lon="133.352328"/>
    <trkpt lat="34.473574" lon="133.352358"/>
    <trkpt lat="34.473547" lon="133.352386"/>
    <trkpt lat="34.47352" lon="133.352416"/>
    <trkpt lat="34.473493" lon="133.352445"/>
    <trkpt lat="34.473467" lon="133.352474"/>
    <trkpt lat="34.47344" lon="133.352504"/>
    <trkpt lat="34.473414" lon="133.352533"/>
    <trkpt lat="34.473387" lon="133.352564"/>
    <trkpt lat="34.473362" lon="133.352594"/>
    <trkpt lat="34.473336" lon="133.352625"/>
    <trkpt lat="34.473311" lon="133.352655"/>
    <trkpt lat="34.473286" lon="133.352687"/>
    <trkpt lat="34.473261" lon="133.352719"/>
    <trkpt lat="34.473237" lon="133.352751"/>
    <trkpt lat="34.473213" lon="133.352783"/>
    <trkpt lat="34.473188" lon="133.352816"/>
    <trkpt lat="34.473165" lon="133.352848"/>
    <trkpt lat="34.47314" lon="133.352881"/>
    <trkpt lat="34.473116" lon="133.352914"/>
    <trkpt lat="34.473092" lon="133.352945"/>
    <trkpt lat="34.473067" lon="133.352977"/>
    <trkpt lat="34.473042" lon="133.353009"/>
    <trkpt lat="34.473017" lon="133.353039"/>
    <trkpt lat="34.472991" lon="133.35307"/>
    <trkpt lat="34.472966" lon="133.3531"/>
    <trkpt lat="34.472939" lon="133.353131"/>
    <trkpt lat="34.472913" lon="133.353161"/>
    <trkpt lat="34.472887" lon="133.353192"/>
    <trkpt lat="34.472862" lon="133.353222"/>
    <trkpt lat="34.472837" lon="133.353253"/>
    <trkpt lat="34.472811" lon="133.353284"/>
    <trkpt lat="34.472786" lon="133.353315"/>
    <trkpt lat="34.472761" lon="133.353346"/>
    <trkpt lat="34.472737" lon="133.353378"/>
    <trkpt lat="34.472711" lon="133.35341"/>
    <trkpt lat="34.472687" lon="133.353442"/>
    <trkpt lat="34.472662" lon="133.353474"/>
    <trkpt lat="34.472638" lon="133.353506"/>
    <trkpt lat="34.472612" lon="133.353536"/>
    <trkpt lat="34.472587" lon="133.353568"/>
    <trkpt lat="34.472562" lon="133.353598"/>
    <trkpt lat="34.472536" lon="133.353629"/>
    <trkpt lat="34.47251" lon="133.353659"/>
    <trkpt lat="34.472483" lon="133.353689"/>
    <trkpt lat="34.472456" lon="133.353717"/>
    <trkpt lat="34.472428" lon="133.353745"/>
    <trkpt lat="34.4724" lon="133.353773"/>
    <trkpt lat="34.472372" lon="133.3538"/>
    <trkpt lat="34.472343" lon="133.353826"/>
    <trkpt lat="34.472314" lon="133.353852"/>
    <trkpt lat="34.472285" lon="133.353877"/>
    <trkpt lat="34.472255" lon="133.353902"/>
    <trkpt lat="34.472227" lon="133.353928"/>
    <trkpt lat="34.472199" lon="133.353956"/>
    <trkpt lat="34.472171" lon="133.353983"/>
    <trkpt lat="34.472143" lon="133.354011"/>
    <trkpt lat="34.472117" lon="133.354041"/>
    <trkpt lat="34.472091" lon="133.354072"/>
    <trkpt lat="34.472067" lon="133.354104"/>
    <trkpt lat="34.472044" lon="133.354138"/>
    <trkpt lat="34.472023" lon="133.354173"/>
    <trkpt lat="34.472004" lon="133.354211"/>
    <trkpt lat="34.471989" lon="133.35425"/>
    <trkpt lat="34.47198" lon="133.354292"/>
    <trkpt lat="34.471978" lon="133.354336"/>
    <trkpt lat="34.471983" lon="133.354379"/>
    <trkpt lat="34.471993" lon="133.35442"/>
    <trkpt lat="34.472008" lon="133.35446"/>
    <trkpt lat="34.472026" lon="133.354497"/>
    <trkpt lat="34.472047" lon="133.354533"/>
    <trkpt lat="34.472069" lon="133.354568"/>
    <trkpt lat="34.47209" lon="133.354603"/>
    <trkpt lat="34.472114" lon="133.354637"/>
    <trkpt lat="34.472137" lon="133.35467"/>
    <trkpt lat="34.472161" lon="133.354703"/>
    <trkpt lat="34.472184" lon="133.354736"/>
    <trkpt lat="34.472208" lon="133.354769"/>
    <trkpt lat="34.472231" lon="133.354802"/>
    <trkpt lat="34.472254" lon="133.354835"/>
    <trkpt lat="34.472278" lon="133.354868"/>
    <trkpt lat="34.472301" lon="133.354902"/>
    <trkpt lat="34.472325" lon="133.354934"/>
    <trkpt lat="34.472348" lon="133.354967"/>
    <trkpt lat="34.472372" lon="133.355"/>
    <trkpt lat="34.472396" lon="133.355034"/>
    <trkpt lat="34.472419" lon="133.355066"/>
    <trkpt lat="34.472443" lon="133.355099"/>
    <trkpt lat="34.472466" lon="133.355132"/>
    <trkpt lat="34.47249" lon="133.355165"/>
    <trkpt lat="34.472514" lon="133.355198"/>
    <trkpt lat="34.472537" lon="133.355231"/>
    <trkpt lat="34.472561" lon="133.355265"/>
    <trkpt lat="34.472584" lon="133.355297"/>
    <trkpt lat="34.472608" lon="133.35533"/>
    <trkpt lat="34.472631" lon="133.355364"/>
    <trkpt lat="34.472655" lon="133.355396"/>
    <trkpt lat="34.472678" lon="133.355429"/>
    <trkpt lat="34.472702" lon="133.355462"/>
    <trkpt lat="34.472726" lon="133.355495"/>
    <trkpt lat="34.472749" lon="133.355528"/>
    <trkpt lat="34.472773" lon="133.355561"/>
    <trkpt lat="34.472796" lon="133.355594"/>
    <trkpt lat="34.472821" lon="133.355626"/>
    <trkpt lat="34.472844" lon="133.355659"/>
    <trkpt lat="34.472867" lon="133.355693"/>
    <trkpt lat="34.472891" lon="133.355726"/>
    <trkpt lat="34.472914" lon="133.355758"/>
    <trkpt lat="34.472939" lon="133.355791"/>
    <trkpt lat="34.472962" lon="133.355825"/>
    <trkpt lat="34.472985" lon="133.355857"/>
    <trkpt lat="34.473009" lon="133.35589"/>
    <trkpt lat="34.473032" lon="133.355924"/>
    <trkpt lat="34.473056" lon="133.355957"/>
    <trkpt lat="34.473079" lon="133.35599"/>
    <trkpt lat="34.473103" lon="133.356023"/>
    <trkpt lat="34.473126" lon="133.356056"/>
    <trkpt lat="34.473149" lon="133.35609"/>
    <trkpt lat="34.473173" lon="133.356122"/>
    <trkpt lat="34.473196" lon="133.356155"/>
    <trkpt lat="34.47322" lon="133.356189"/>
    <trkpt lat="34.473243" lon="133.356221"/>
    <trkpt lat="34.473267" lon="133.356254"/>
    <trkpt lat="34.473291" lon="133.356288"/>
    <trkpt lat="34.473314" lon="133.356321"/>
    <trkpt lat="34.473338" lon="133.356353"/>
    <trkpt lat="34.473361" lon="133.356386"/>
    <trkpt lat="34.473385" lon="133.356419"/>
    <trkpt lat="34.473408" lon="133.356453"/>
    <trkpt lat="34.473432" lon="133.356485"/>
    <trkpt lat="34.473456" lon="133.356518"/>
    <trkpt lat="34.473479" lon="133.356551"/>
    <trkpt lat="34.473503" lon="133.356584"/>
    <trkpt lat="34.473526" lon="133.356617"/>
    <trkpt lat="34.473551" lon="133.35665"/>
    <trkpt lat="34.473574" lon="133.356683"/>
    <trkpt lat="34.473597" lon="133.356716"/>
    <trkpt lat="34.473621" lon="133.356749"/>
    <trkpt lat="34.473644" lon="133.356782"/>
    <trkpt lat="34.473669" lon="133.356814"/>
    <trkpt lat="34.473692" lon="133.356848"/>
    <trkpt lat="34.473716" lon="133.356881"/>
    <trkpt lat="34.473739" lon="133.356914"/>
    <trkpt lat="34.473762" lon="133.356946"/>
    <trkpt lat="34.473786" lon="133.35698"/>
    <trkpt lat="34.473809" lon="133.357013"/>
    <trkpt lat="34.473834" lon="133.357045"/>
    <trkpt lat="34.473857" lon="133.357079"/>
    <trkpt lat="34.47388" lon="133.357112"/>
    <trkpt lat="34.473904" lon="133.357145"/>
    <trkpt lat="34.473926" lon="133.357178"/>
    <trkpt lat="34.473949" lon="133.357213"/>
    <trkpt lat="34.47397" lon="133.357248"/>
    <trkpt lat="34.473989" lon="133.357285"/>
    <trkpt lat="34.474005" lon="133.357324"/>
    <trkpt lat="34.474016" lon="133.357366"/>
    <trkpt lat="34.47402" lon="133.357409"/>
    <trkpt lat="34.474016" lon="133.357452"/>
    <trkpt lat="34.474004" lon="133.357493"/>
    <trkpt lat="34.473986" lon="133.357532"/>
    <trkpt lat="34.473964" lon="133.357566"/>
    <trkpt lat="34.47394" lon="133.357599"/>
    <trkpt lat="34.473915" lon="133.35763"/>
    <trkpt lat="34.473889" lon="133.357659"/>
    <trkpt lat="34.473862" lon="133.357688"/>
    <trkpt lat="34.473834" lon="133.357717"/>
    <trkpt lat="34.473807" lon="133.357744"/>
    <trkpt lat="34.473779" lon="133.357772"/>
    <trkpt lat="34.473752" lon="133.357801"/>
    <trkpt lat="34.473724" lon="133.357829"/>
    <trkpt lat="34.473696" lon="133.357856"/>
    <trkpt lat="34.473669" lon="133.357885"/>
    <trkpt lat="34.473641" lon="133.357913"/>
    <trkpt lat="34.473613" lon="133.357941"/>
    <trkpt lat="34.473586" lon="133.357969"/>
    <trkpt lat="34.473558" lon="133.357997"/>
    <trkpt lat="34.473531" lon="133.358025"/>
    <trkpt lat="34.473504" lon="133.358054"/>
    <trkpt lat="34.473476" lon="133.358082"/>
    <trkpt lat="34.473449" lon="133.35811"/>
    <trkpt lat="34.473422" lon="133.35814"/>
    <trkpt lat="34.473394" lon="133.358168"/>
    <trkpt lat="34.473367" lon="133.358196"/>
    <trkpt lat="34.47334" lon="133.358225"/>
    <trkpt lat="34.473313" lon="133.358253"/>
    <trkpt lat="34.473286" lon="133.358282"/>
    <trkpt lat="34.473258" lon="133.358311"/>
    <trkpt lat="34.473231" lon="133.358339"/>
    <trkpt lat="34.473204" lon="133.358369"/>
    <trkpt lat="34.473177" lon="133.358397"/>
    <trkpt lat="34.473149" lon="133.358425"/>
    <trkpt lat="34.473122" lon="133.358455"/>
    <trkpt lat="34.473095" lon="133.358483"/>
    <trkpt lat="34.473068" lon="133.358511"/>
    <trkpt lat="34.473041" lon="133.358541"/>
    <trkpt lat="34.473014" lon="133.358569"/>
    <trkpt lat="34.472987" lon="133.358597"/>
    <trkpt lat="34.47296" lon="133.358627"/>
    <trkpt lat="34.472933" lon="133.358655"/>
    <trkpt lat="34.472906" lon="133.358685"/>
    <trkpt lat="34.472879" lon="133.358713"/>
    <trkpt lat="34.472852" lon="133.358742"/>
    <trkpt lat="34.472825" lon="133.358771"/>
    <trkpt lat="34.472798" lon="133.3588"/>
    <trkpt lat="34.472771" lon="133.35883"/>
    <trkpt lat="34.472744" lon="133.358858"/>
    <trkpt lat="34.472717" lon="133.358887"/>
    <trkpt lat="34.47269" lon="133.358916"/>
    <trkpt lat="34.472663" lon="133.358945"/>
    <trkpt lat="34.472636" lon="133.358973"/>
    <trkpt lat="34.472609" lon="133.359003"/>
    <trkpt lat="34.472582" lon="133.359031"/>
    <trkpt lat="34.472555" lon="133.359061"/>
    <trkpt lat="34.472528" lon="133.359089"/>
    <trkpt lat="34.472501" lon="133.359117"/>
    <trkpt lat="34.472474" lon="133.359147"/>
    <trkpt lat="34.472446" lon="133.359175"/>
    <trkpt lat="34.472419" lon="133.359204"/>
    <trkpt lat="34.472392" lon="133.359233"/>
    <trkpt lat="34.472365" lon="133.359262"/>
    <trkpt lat="34.472338" lon="133.359291"/>
    <trkpt lat="34.472312" lon="133.35932"/>
    <trkpt lat="34.472285" lon="133.359349"/>
    <trkpt lat="34.472258" lon="133.359378"/>
    <trkpt lat="34.472231" lon="133.359407"/>
    <trkpt lat="34.472204" lon="133.359436"/>
    <trkpt lat="34.472177" lon="133.359465"/>
    <trkpt lat="34.47215" lon="133.359493"/>
    <trkpt lat="34.472123" lon="133.359523"/>
    <trkpt lat="34.472096" lon="133.359551"/>
    <trkpt lat="34.472069" lon="133.35958"/>
    <trkpt lat="34.472042" lon="133.359609"/>
    <trkpt lat="34.472015" lon="133.359637"/>
    <trkpt lat="34.471988" lon="133.359667"/>
    <trkpt lat="34.471961" lon="133.359695"/>
    <trkpt lat="34.471934" lon="133.359724"/>
    <trkpt lat="34.471907" lon="133.359754"/>
    <trkpt lat="34.47188" lon="133.359782"/>
    <trkpt lat="34.471853" lon="133.359812"/>
    <trkpt lat="34.471826" lon="133.35984"/>
    <trkpt lat="34.471799" lon="133.359869"/>
    <trkpt lat="34.471772" lon="133.359899"/>
    <trkpt lat="34.471745" lon="133.359928"/>
    <trkpt lat="34.471719" lon="133.359956"/>
    <trkpt lat="34.471692" lon="133.359986"/>
    <trkpt lat="34.471665" lon="133.360015"/>
    <trkpt lat="34.471638" lon="133.360045"/>
    <trkpt lat="34.471612" lon="133.360073"/>
    <trkpt lat="34.471585" lon="133.360103"/>
    <trkpt lat="34.471558" lon="133.360132"/>
    <trkpt lat="34.471531" lon="133.360161"/>
    <trkpt lat="34.471505" lon="133.36019"/>
    <trkpt lat="34.471478" lon="133.360219"/>
    <trkpt lat="34.471451" lon="133.360249"/>
    <trkpt lat="34.471423" lon="133.360278"/>
    <trkpt lat="34.471397" lon="133.360306"/>
    <trkpt lat="34.47137" lon="133.360336"/>
    <trkpt lat="34.471343" lon="133.360365"/>
    <trkpt lat="34.471317" lon="133.360395"/>
    <trkpt lat="34.47129" lon="133.360423"/>
    <trkpt lat="34.471263" lon="133.360452"/>
    <trkpt lat="34.471236" lon="133.360482"/>
    <trkpt lat="34.471209" lon="133.360511"/>
    <trkpt lat="34.471183" lon="133.36054"/>
    <trkpt lat="34.471156" lon="133.360569"/>
    <trkpt lat="34.471129" lon="133.360597"/>
    <trkpt lat="34.471102" lon="133.360627"/>
    <trkpt lat="34.471075" lon="133.360655"/>
    <trkpt lat="34.471047" lon="133.360683"/>
    <trkpt lat="34.47102" lon="133.360713"/>
    <trkpt lat="34.470993" lon="133.360741"/>
    <trkpt lat="34.470966" lon="133.36077"/>
    <trkpt lat="34.470939" lon="133.360799"/>
    <trkpt lat="34.470912" lon="133.360827"/>
    <trkpt lat="34.470884" lon="133.360857"/>
    <trkpt lat="34.470857" lon="133.360885"/>
    <trkpt lat="34.47083" lon="133.360914"/>
    <trkpt lat="34.470803" lon="133.360943"/>
    <trkpt lat="34.470776" lon="133.360971"/>
    <trkpt lat="34.470749" lon="133.361001"/>
    <trkpt lat="34.470722" lon="133.361029"/>
    <trkpt lat="34.470695" lon="133.361057"/>
    <trkpt lat="34.470668" lon="133.361087"/>
    <trkpt lat="34.470641" lon="133.361115"/>
    <trkpt lat="34.470613" lon="133.361143"/>
    <trkpt lat="34.470586" lon="133.361173"/>
    <trkpt lat="34.470559" lon="133.361201"/>
    <trkpt lat="34.470532" lon="133.361229"/>
    <trkpt lat="34.470505" lon="133.361258"/>
    <trkpt lat="34.470477" lon="133.361286"/>
    <trkpt lat="34.47045" lon="133.361316"/>
    <trkpt lat="34.470423" lon="133.361344"/>
    <trkpt lat="34.470396" lon="133.361372"/>
    <trkpt lat="34.470369" lon="133.361401"/>
    <trkpt lat="34.470342" lon="133.36143"/>
    <trkpt lat="34.470314" lon="133.361458"/>
    <trkpt lat="34.470288" lon="133.361488"/>
    <trkpt lat="34.470261" lon="133.361516"/>
    <trkpt lat="34.470234" lon="133.361546"/>
    <trkpt lat="34.470207" lon="133.361574"/>
    <trkpt lat="34.47018" lon="133.361603"/>
    <trkpt lat="34.470153" lon="133.361633"/>
    <trkpt lat="34.470126" lon="133.361661"/>
    <trkpt lat="34.470099" lon="133.36169"/>
    <trkpt lat="34.470072" lon="133.36172"/>
    <trkpt lat="34.470045" lon="133.361748"/>
    <trkpt lat="34.470018" lon="133.361778"/>
    <trkpt lat="34.469991" lon="133.361806"/>
    <trkpt lat="34.469964" lon="133.361834"/>
    <trkpt lat="34.469936" lon="133.361864"/>
    <trkpt lat="34.469909" lon="133.361892"/>
    <trkpt lat="34.469882" lon="133.36192"/>
    <trkpt lat="34.469854" lon="133.361949"/>
    <trkpt lat="34.469827" lon="133.361977"/>
    <trkpt lat="34.4698" lon="133.362005"/>
    <trkpt lat="34.469772" lon="133.362034"/>
    <trkpt lat="34.469745" lon="133.362062"/>
    <trkpt lat="34.469718" lon="133.36209"/>
    <trkpt lat="34.46969" lon="133.362119"/>
    <trkpt lat="34.469663" lon="133.362148"/>
    <trkpt lat="34.469636" lon="133.362177"/>
    <trkpt lat="34.469609" lon="133.362206"/>
    <trkpt lat="34.469582" lon="133.362234"/>
    <trkpt lat="34.469555" lon="133.362263"/>
    <trkpt lat="34.469528" lon="133.362292"/>
    <trkpt lat="34.469501" lon="133.36232"/>
    <trkpt lat="34.469474" lon="133.36235"/>
    <trkpt lat="34.469447" lon="133.362378"/>
    <trkpt lat="34.46942" lon="133.362407"/>
    <trkpt lat="34.469393" lon="133.362435"/>
    <trkpt lat="34.469365" lon="133.362464"/>
    <trkpt lat="34.469338" lon="133.362493"/>
    <trkpt lat="34.469311" lon="133.362521"/>
    <trkpt lat="34.469284" lon="133.362549"/>
    <trkpt lat="34.469256" lon="133.362578"/>
    <trkpt lat="34.469229" lon="133.362607"/>
    <trkpt lat="34.469202" lon="133.362635"/>
    <trkpt lat="34.469175" lon="133.362664"/>
    <trkpt lat="34.469148" lon="133.362692"/>
    <trkpt lat="34.46912" lon="133.36272"/>
    <trkpt lat="34.469093" lon="133.36275"/>
    <trkpt lat="34.469066" lon="133.362778"/>
    <trkpt lat="34.469039" lon="133.362807"/>
    <trkpt lat="34.469011" lon="133.362835"/>
    <trkpt lat="34.468984" lon="133.362863"/>
    <trkpt lat="34.468957" lon="133.362893"/>
    <trkpt lat="34.46893" lon="133.362921"/>
    <trkpt lat="34.468903" lon="133.362949"/>
    <trkpt lat="34.468875" lon="133.362979"/>
    <trkpt lat="34.468848" lon="133.363007"/>
    <trkpt lat="34.468821" lon="133.363036"/>
    <trkpt lat="34.468794" lon="133.363065"/>
    <trkpt lat="34.468767" lon="133.363094"/>
    <trkpt lat="34.46874" lon="133.363123"/>
    <trkpt lat="34.468713" lon="133.363152"/>
    <trkpt lat="34.468686" lon="133.36318"/>
    <trkpt lat="34.468659" lon="133.363209"/>
    <trkpt lat="34.468632" lon="133.363238"/>
    <trkpt lat="34.468605" lon="133.363266"/>
    <trkpt lat="34.468578" lon="133.363296"/>
    <trkpt lat="34.468551" lon="133.363324"/>
    <trkpt lat="34.468524" lon="133.363354"/>
    <trkpt lat="34.468497" lon="133.363383"/>
    <trkpt lat="34.46847" lon="133.363411"/>
    <trkpt lat="34.468443" lon="133.363441"/>
    <trkpt lat="34.468416" lon="133.363469"/>
    <trkpt lat="34.468389" lon="133.363499"/>
    <trkpt lat="34.468362" lon="133.363527"/>
    <trkpt lat="34.468335" lon="133.363556"/>
    <trkpt lat="34.468308" lon="133.363585"/>
    <trkpt lat="34.468281" lon="133.363613"/>
    <trkpt lat="34.468254" lon="133.363642"/>
    <trkpt lat="34.468227" lon="133.363671"/>
    <trkpt lat="34.4682" lon="133.363699"/>
    <trkpt lat="34.468172" lon="133.363727"/>
    <trkpt lat="34.468145" lon="133.363757"/>
    <trkpt lat="34.468117" lon="133.363785"/>
    <trkpt lat="34.468091" lon="133.363815"/>
    <trkpt lat="34.468064" lon="133.363843"/>
    <trkpt lat="34.468037" lon="133.363872"/>
    <trkpt lat="34.46801" lon="133.363902"/>
    <trkpt lat="34.467983" lon="133.36393"/>
    <trkpt lat="34.467956" lon="133.36396"/>
    <trkpt lat="34.467929" lon="133.363988"/>
    <trkpt lat="34.467902" lon="133.364017"/>
    <trkpt lat="34.467875" lon="133.364046"/>
    <trkpt lat="34.467849" lon="133.364075"/>
    <trkpt lat="34.467822" lon="133.364105"/>
    <trkpt lat="34.467795" lon="133.364133"/>
    <trkpt lat="34.467768" lon="133.364162"/>
    <trkpt lat="34.467741" lon="133.364192"/>
    <trkpt lat="34.467714" lon="133.36422"/>
    <trkpt lat="34.467688" lon="133.36425"/>
    <trkpt lat="34.467661" lon="133.364279"/>
    <trkpt lat="34.467633" lon="133.364307"/>
    <trkpt lat="34.467606" lon="133.364337"/>
    <trkpt lat="34.46758" lon="133.364366"/>
    <trkpt lat="34.467553" lon="133.364394"/>
    <trkpt lat="34.467526" lon="133.364424"/>
    <trkpt lat="34.467499" lon="133.364452"/>
    <trkpt lat="34.467472" lon="133.364482"/>
    <trkpt lat="34.467444" lon="133.36451"/>
    <trkpt lat="34.467417" lon="133.364538"/>
    <trkpt lat="34.46739" lon="133.364567"/>
    <trkpt lat="34.467363" lon="133.364596"/>
    <trkpt lat="34.467336" lon="133.364624"/>
    <trkpt lat="34.467308" lon="133.364653"/>
    <trkpt lat="34.467281" lon="133.364681"/>
    <trkpt lat="34.467254" lon="133.364711"/>
    <trkpt lat="34.467227" lon="133.364739"/>
    <trkpt lat="34.4672" lon="133.364767"/>
    <trkpt lat="34.467173" lon="133.364797"/>
    <trkpt lat="34.467146" lon="133.364825"/>
    <trkpt lat="34.467119" lon="133.364854"/>
    <trkpt lat="34.467092" lon="133.364883"/>
    <trkpt lat="34.467065" lon="133.364912"/>
    <trkpt lat="34.467038" lon="133.364941"/>
    <trkpt lat="34.467011" lon="133.36497"/>
    <trkpt lat="34.466984" lon="133.364998"/>
    <trkpt lat="34.466957" lon="133.365028"/>
    <trkpt lat="34.46693" lon="133.365056"/>
    <trkpt lat="34.466903" lon="133.365085"/>
    <trkpt lat="34.466875" lon="133.365114"/>
    <trkpt lat="34.466848" lon="133.365143"/>
    <trkpt lat="34.466821" lon="133.365172"/>
    <trkpt lat="34.466794" lon="133.365201"/>
    <trkpt lat="34.466767" lon="133.365229"/>
    <trkpt lat="34.466741" lon="133.365259"/>
    <trkpt lat="34.466714" lon="133.365287"/>
    <trkpt lat="34.466687" lon="133.365317"/>
    <trkpt lat="34.46666" lon="133.365346"/>
    <trkpt lat="34.466633" lon="133.365374"/>
    <trkpt lat="34.466606" lon="133.365404"/>
    <trkpt lat="34.46658" lon="133.365433"/>
    <trkpt lat="34.466553" lon="133.365463"/>
    <trkpt lat="34.466527" lon="133.365492"/>
    <trkpt lat="34.4665" lon="133.365521"/>
    <trkpt lat="34.466473" lon="133.36555"/>
    <trkpt lat="34.466446" lon="133.365579"/>
    <trkpt lat="34.466419" lon="133.365609"/>
    <trkpt lat="34.466392" lon="133.365638"/>
    <trkpt lat="34.466365" lon="133.365666"/>
    <trkpt lat="34.466338" lon="133.365696"/>
    <trkpt lat="34.466311" lon="133.365724"/>
    <trkpt lat="34.466284" lon="133.365752"/>
    <trkpt lat="34.466257" lon="133.365782"/>
    <trkpt lat="34.466229" lon="133.36581"/>
    <trkpt lat="34.466202" lon="133.365839"/>
    <trkpt lat="34.466175" lon="133.365868"/>
    <trkpt lat="34.466149" lon="133.365896"/>
    <trkpt lat="34.466122" lon="133.365927"/>
    <trkpt lat="34.466097" lon="133.365957"/>
    <trkpt lat="34.466072" lon="133.365988"/>
    <trkpt lat="34.466047" lon="133.366021"/>
    <trkpt lat="34.466023" lon="133.366053"/>
    <trkpt lat="34.465999" lon="133.366086"/>
    <trkpt lat="34.465975" lon="133.366118"/>
    <trkpt lat="34.465949" lon="133.366148"/>
    <trkpt lat="34.465922" lon="133.366176"/>
    <trkpt lat="34.465893" lon="133.366204"/>
    <trkpt lat="34.465864" lon="133.366229"/>
    <trkpt lat="34.465834" lon="133.366253"/>
    <trkpt lat="34.465804" lon="133.366277"/>
    <trkpt lat="34.465774" lon="133.366302"/>
    <trkpt lat="34.465744" lon="133.366327"/>
    <trkpt lat="34.465716" lon="133.366353"/>
    <trkpt lat="34.465688" lon="133.366379"/>
    <trkpt lat="34.465659" lon="133.366406"/>
    <trkpt lat="34.465631" lon="133.366435"/>
    <trkpt lat="34.465604" lon="133.366462"/>
    <trkpt lat="34.465576" lon="133.36649"/>
    <trkpt lat="34.465548" lon="133.366518"/>
    <trkpt lat="34.465521" lon="133.366546"/>
    <trkpt lat="34.465493" lon="133.366574"/>
    <trkpt lat="34.465466" lon="133.366603"/>
    <trkpt lat="34.465439" lon="133.366631"/>
    <trkpt lat="34.465411" lon="133.36666"/>
    <trkpt lat="34.465385" lon="133.366689"/>
    <trkpt lat="34.465358" lon="133.366718"/>
    <trkpt lat="34.465331" lon="133.366748"/>
    <trkpt lat="34.465305" lon="133.366777"/>
    <trkpt lat="34.465277" lon="133.366805"/>
    <trkpt lat="34.46525" lon="133.366835"/>
    <trkpt lat="34.465223" lon="133.366864"/>
    <trkpt lat="34.465197" lon="133.366894"/>
    <trkpt lat="34.46517" lon="133.366922"/>
    <trkpt lat="34.465143" lon="133.366951"/>
    <trkpt lat="34.465116" lon="133.36698"/>
    <trkpt lat="34.465089" lon="133.367009"/>
    <trkpt lat="34.465062" lon="133.367037"/>
    <trkpt lat="34.465035" lon="133.367067"/>
    <trkpt lat="34.465008" lon="133.367095"/>
    <trkpt lat="34.464981" lon="133.367125"/>
    <trkpt lat="34.464954" lon="133.367154"/>
    <trkpt lat="34.464927" lon="133.367182"/>
    <trkpt lat="34.4649" lon="133.367212"/>
    <trkpt lat="34.464874" lon="133.36724"/>
    <trkpt lat="34.464847" lon="133.36727"/>
    <trkpt lat="34.46482" lon="133.367298"/>
    <trkpt lat="34.464793" lon="133.367327"/>
    <trkpt lat="34.464766" lon="133.367356"/>
    <trkpt lat="34.464738" lon="133.367385"/>
    <trkpt lat="34.464711" lon="133.367415"/>
    <trkpt lat="34.464684" lon="133.367443"/>
    <trkpt lat="34.464657" lon="133.367472"/>
    <trkpt lat="34.46463" lon="133.367501"/>
    <trkpt lat="34.464603" lon="133.36753"/>
    <trkpt lat="34.464576" lon="133.367558"/>
    <trkpt lat="34.464549" lon="133.367588"/>
    <trkpt lat="34.464522" lon="133.367616"/>
    <trkpt lat="34.464495" lon="133.367644"/>
    <trkpt lat="34.464468" lon="133.367674"/>
    <trkpt lat="34.464441" lon="133.367702"/>
    <trkpt lat="34.464414" lon="133.367731"/>
    <trkpt lat="34.464387" lon="133.36776"/>
    <trkpt lat="34.46436" lon="133.367788"/>
    <trkpt lat="34.464333" lon="133.367817"/>
    <trkpt lat="34.464305" lon="133.367846"/>
    <trkpt lat="34.464278" lon="133.367874"/>
    <trkpt lat="34.464251" lon="133.367903"/>
    <trkpt lat="34.464224" lon="133.367932"/>
    <trkpt lat="34.464197" lon="133.367961"/>
    <trkpt lat="34.46417" lon="133.367989"/>
    <trkpt lat="34.464143" lon="133.368018"/>
    <trkpt lat="34.464116" lon="133.368047"/>
    <trkpt lat="34.464089" lon="133.368075"/>
    <trkpt lat="34.464062" lon="133.368104"/>
    <trkpt lat="34.464034" lon="133.368133"/>
    <trkpt lat="34.464007" lon="133.368161"/>
    <trkpt lat="34.46398" lon="133.368191"/>
    <trkpt lat="34.463953" lon="133.368219"/>
    <trkpt lat="34.463926" lon="133.368247"/>
    <trkpt lat="34.463898" lon="133.368277"/>
    <trkpt lat="34.463871" lon="133.368305"/>
    <trkpt lat="34.463844" lon="133.368334"/>
    <trkpt lat="34.463817" lon="133.368363"/>
    <trkpt lat="34.463789" lon="133.368391"/>
    <trkpt lat="34.463762" lon="133.36842"/>
    <trkpt lat="34.463735" lon="133.368449"/>
    <trkpt lat="34.463708" lon="133.368477"/>
    <trkpt lat="34.463681" lon="133.368507"/>
    <trkpt lat="34.463654" lon="133.368535"/>
    <trkpt lat="34.463627" lon="133.368564"/>
    <trkpt lat="34.4636" lon="133.368593"/>
    <trkpt lat="34.463573" lon="133.368622"/>
    <trkpt lat="34.463546" lon="133.36865"/>
    <trkpt lat="34.46352" lon="133.36868"/>
    <trkpt lat="34.463493" lon="133.368708"/>
    <trkpt lat="34.463466" lon="133.368738"/>
    <trkpt lat="34.463439" lon="133.368767"/>
    <trkpt lat="34.463412" lon="133.368796"/>
    <trkpt lat="34.463385" lon="133.368825"/>
    <trkpt lat="34.463359" lon="133.368854"/>
    <trkpt lat="34.463332" lon="133.368884"/>
    <trkpt lat="34.463305" lon="133.368912"/>
    <trkpt lat="34.463277" lon="133.368941"/>
    <trkpt lat="34.463251" lon="133.368971"/>
    <trkpt lat="34.463224" lon="133.369"/>
    <trkpt lat="34.463198" lon="133.36903"/>
    <trkpt lat="34.463171" lon="133.369059"/>
    <trkpt lat="34.463145" lon="133.369089"/>
    <trkpt lat="34.463119" lon="133.369118"/>
    <trkpt lat="34.463092" lon="133.369147"/>
    <trkpt lat="34.463066" lon="133.369178"/>
    <trkpt lat="34.46304" lon="133.369207"/>
    <trkpt lat="34.463012" lon="133.369237"/>
    <trkpt lat="34.462986" lon="133.369266"/>
    <trkpt lat="34.46296" lon="133.369297"/>
    <trkpt lat="34.462934" lon="133.369326"/>
    <trkpt lat="34.462908" lon="133.369357"/>
    <trkpt lat="34.462882" lon="133.369386"/>
    <trkpt lat="34.462856" lon="133.369417"/>
    <trkpt lat="34.46283" lon="133.369447"/>
    <trkpt lat="34.462804" lon="133.369478"/>
    <trkpt lat="34.462778" lon="133.369508"/>
    <trkpt lat="34.462753" lon="133.369539"/>
    <trkpt lat="34.462728" lon="133.36957"/>
    <trkpt lat="34.462702" lon="133.369601"/>
    <trkpt lat="34.462676" lon="133.369631"/>
    <trkpt lat="34.462651" lon="133.369662"/>
    <trkpt lat="34.462625" lon="133.369693"/>
    <trkpt lat="34.4626" lon="133.369724"/>
    <trkpt lat="34.462574" lon="133.369754"/>
    <trkpt lat="34.462549" lon="133.369785"/>
    <trkpt lat="34.462523" lon="133.369817"/>
    <trkpt lat="34.462498" lon="133.369847"/>
    <trkpt lat="34.462473" lon="133.369878"/>
    <trkpt lat="34.462446" lon="133.369909"/>
    <trkpt lat="34.462421" lon="133.36994"/>
    <trkpt lat="34.462396" lon="133.36997"/>
    <trkpt lat="34.462371" lon="133.370002"/>
    <trkpt lat="34.462346" lon="133.370032"/>
    <trkpt lat="34.46232" lon="133.370064"/>
    <trkpt lat="34.462295" lon="133.370096"/>
    <trkpt lat="34.462271" lon="133.370127"/>
    <trkpt lat="34.462245" lon="133.370159"/>
    <trkpt lat="34.462221" lon="133.37019"/>
    <trkpt lat="34.462197" lon="133.370223"/>
    <trkpt lat="34.462172" lon="133.370255"/>
    <trkpt lat="34.462148" lon="133.370287"/>
    <trkpt lat="34.462124" lon="133.370319"/>
    <trkpt lat="34.462099" lon="133.370352"/>
    <trkpt lat="34.462076" lon="133.370384"/>
    <trkpt lat="34.462052" lon="133.370417"/>
    <trkpt lat="34.462028" lon="133.37045"/>
    <trkpt lat="34.462005" lon="133.370484"/>
    <trkpt lat="34.461982" lon="133.370516"/>
    <trkpt lat="34.461959" lon="133.37055"/>
    <trkpt lat="34.461936" lon="133.370584"/>
    <trkpt lat="34.461914" lon="133.370619"/>
    <trkpt lat="34.461891" lon="133.370653"/>
    <trkpt lat="34.46187" lon="133.370686"/>
    <trkpt lat="34.461847" lon="133.370721"/>
    <trkpt lat="34.461825" lon="133.370756"/>
    <trkpt lat="34.461804" lon="133.370791"/>
    <trkpt lat="34.461782" lon="133.370826"/>
    <trkpt lat="34.461761" lon="133.370861"/>
    <trkpt lat="34.461739" lon="133.370896"/>
    <trkpt lat="34.461718" lon="133.370932"/>
    <trkpt lat="34.461697" lon="133.370966"/>
    <trkpt lat="34.461676" lon="133.371002"/>
    <trkpt lat="34.461655" lon="133.371037"/>
    <trkpt lat="34.461634" lon="133.371073"/>
    <trkpt lat="34.461614" lon="133.371109"/>
    <trkpt lat="34.461594" lon="133.371145"/>
    <trkpt lat="34.461573" lon="133.371181"/>
    <trkpt lat="34.461552" lon="133.371217"/>
    <trkpt lat="34.461533" lon="133.371253"/>
    <trkpt lat="34.461512" lon="133.371289"/>
    <trkpt lat="34.461492" lon="133.371325"/>
    <trkpt lat="34.461472" lon="133.371362"/>
    <trkpt lat="34.461452" lon="133.371398"/>
    <trkpt lat="34.461432" lon="133.371435"/>
    <trkpt lat="34.461414" lon="133.371471"/>
    <trkpt lat="34.461394" lon="133.371508"/>
    <trkpt lat="34.461375" lon="133.371545"/>
    <trkpt lat="34.461356" lon="133.371582"/>
    <trkpt lat="34.461337" lon="133.371619"/>
    <trkpt lat="34.461317" lon="133.371656"/>
    <trkpt lat="34.461298" lon="133.371693"/>
    <trkpt lat="34.461279" lon="133.37173"/>
    <trkpt lat="34.46126" lon="133.371766"/>
    <trkpt lat="34.461241" lon="133.371803"/>
    <trkpt lat="34.461222" lon="133.371841"/>
    <trkpt lat="34.461202" lon="133.371876"/>
    <trkpt lat="34.461182" lon="133.371914"/>
    <trkpt lat="34.461162" lon="133.371949"/>
    <trkpt lat="34.461142" lon="133.371985"/>
    <trkpt lat="34.461122" lon="133.372023"/>
    <trkpt lat="34.461103" lon="133.372058"/>
    <trkpt lat="34.461083" lon="133.372096"/>
    <trkpt lat="34.461064" lon="133.372133"/>
    <trkpt lat="34.461044" lon="133.372169"/>
    <trkpt lat="34.461025" lon="133.372206"/>
    <trkpt lat="34.461005" lon="133.372243"/>
    <trkpt lat="34.460986" lon="133.37228"/>
    <trkpt lat="34.460967" lon="133.372317"/>
    <trkpt lat="34.460948" lon="133.372353"/>
    <trkpt lat="34.460929" lon="133.37239"/>
    <trkpt lat="34.46091" lon="133.372427"/>
    <trkpt lat="34.460891" lon="133.372465"/>
    <trkpt lat="34.460873" lon="133.372502"/>
    <trkpt lat="34.460854" lon="133.372539"/>
    <trkpt lat="34.460836" lon="133.372577"/>
    <trkpt lat="34.460818" lon="133.372614"/>
    <trkpt lat="34.460799" lon="133.372652"/>
    <trkpt lat="34.46078" lon="133.37269"/>
    <trkpt lat="34.460761" lon="133.372727"/>
    <trkpt lat="34.460742" lon="133.372763"/>
    <trkpt lat="34.460721" lon="133.3728"/>
    <trkpt lat="34.460702" lon="133.372836"/>
    <trkpt lat="34.460681" lon="133.372872"/>
    <trkpt lat="34.46066" lon="133.372906"/>
    <trkpt lat="34.460639" lon="133.372942"/>
    <trkpt lat="34.46062" lon="133.372978"/>
    <trkpt lat="34.460599" lon="133.373014"/>
    <trkpt lat="34.460579" lon="133.373051"/>
    <trkpt lat="34.460559" lon="133.373087"/>
    <trkpt lat="34.46054" lon="133.373124"/>
    <trkpt lat="34.46052" lon="133.37316"/>
    <trkpt lat="34.460501" lon="133.373197"/>
    <trkpt lat="34.460483" lon="133.373234"/>
    <trkpt lat="34.460464" lon="133.373272"/>
    <trkpt lat="34.460445" lon="133.373309"/>
    <trkpt lat="34.460426" lon="133.373346"/>
    <trkpt lat="34.460406" lon="133.373383"/>
    <trkpt lat="34.460387" lon="133.37342"/>
    <trkpt lat="34.460368" lon="133.373457"/>
    <trkpt lat="34.460349" lon="133.373494"/>
    <trkpt lat="34.46033" lon="133.373531"/>
    <trkpt lat="34.460311" lon="133.373568"/>
    <trkpt lat="34.460292" lon="133.373605"/>
    <trkpt lat="34.460273" lon="133.373642"/>
    <trkpt lat="34.460254" lon="133.373679"/>
    <trkpt lat="34.460236" lon="133.373717"/>
    <trkpt lat="34.460218" lon="133.373754"/>
    <trkpt lat="34.460199" lon="133.373791"/>
    <trkpt lat="34.46018" lon="133.373828"/>
    <trkpt lat="34.460162" lon="133.373867"/>
    <trkpt lat="34.460143" lon="133.373904"/>
    <trkpt lat="34.460124" lon="133.373941"/>
    <trkpt lat="34.460105" lon="133.373978"/>
    <trkpt lat="34.460086" lon="133.374015"/>
    <trkpt lat="34.460067" lon="133.374052"/>
    <trkpt lat="34.460049" lon="133.374089"/>
    <trkpt lat="34.46003" lon="133.374127"/>
    <trkpt lat="34.460011" lon="133.374164"/>
    <trkpt lat="34.459993" lon="133.374201"/>
    <trkpt lat="34.459974" lon="133.374239"/>
    <trkpt lat="34.459956" lon="133.374276"/>
    <trkpt lat="34.459937" lon="133.374313"/>
    <trkpt lat="34.459919" lon="133.374352"/>
    <trkpt lat="34.4599" lon="133.374389"/>
    <trkpt lat="34.459881" lon="133.374426"/>
    <trkpt lat="34.459862" lon="133.374463"/>
    <trkpt lat="34.459844" lon="133.3745"/>
    <trkpt lat="34.459825" lon="133.374538"/>
    <trkpt lat="34.459807" lon="133.374575"/>
    <trkpt lat="34.459789" lon="133.374612"/>
    <trkpt lat="34.45977" lon="133.37465"/>
    <trkpt lat="34.459753" lon="133.374688"/>
    <trkpt lat="34.459736" lon="133.374727"/>
    <trkpt lat="34.459719" lon="133.374766"/>
    <trkpt lat="34.459703" lon="133.374804"/>
    <trkpt lat="34.459686" lon="133.374843"/>
    <trkpt lat="34.45967" lon="133.374881"/>
    <trkpt lat="34.459652" lon="133.374921"/>
    <trkpt lat="34.459636" lon="133.374959"/>
    <trkpt lat="34.459619" lon="133.374997"/>
    <trkpt lat="34.459602" lon="133.375036"/>
    <trkpt lat="34.459585" lon="133.375074"/>
    <trkpt lat="34.459569" lon="133.375112"/>
    <trkpt lat="34.459551" lon="133.375152"/>
    <trkpt lat="34.459535" lon="133.37519"/>
    <trkpt lat="34.459518" lon="133.375229"/>
    <trkpt lat="34.459501" lon="133.375267"/>
    <trkpt lat="34.459485" lon="133.375305"/>
    <trkpt lat="34.459468" lon="133.375344"/>
    <trkpt lat="34.459451" lon="133.375384"/>
    <trkpt lat="34.459435" lon="133.375422"/>
    <trkpt lat="34.459418" lon="133.375461"/>
    <trkpt lat="34.459402" lon="133.375499"/>
    <trkpt lat="34.459386" lon="133.375538"/>
    <trkpt lat="34.459368" lon="133.375577"/>
    <trkpt lat="34.459352" lon="133.375616"/>
    <trkpt lat="34.459335" lon="133.375654"/>
    <trkpt lat="34.459318" lon="133.375692"/>
    <trkpt lat="34.459301" lon="133.375731"/>
    <trkpt lat="34.459285" lon="133.37577"/>
    <trkpt lat="34.459268" lon="133.375809"/>
    <trkpt lat="34.459252" lon="133.375848"/>
    <trkpt lat="34.459236" lon="133.375887"/>
    <trkpt lat="34.459221" lon="133.375926"/>
    <trkpt lat="34.459206" lon="133.375966"/>
    <trkpt lat="34.459191" lon="133.376005"/>
    <trkpt lat="34.459177" lon="133.376045"/>
    <trkpt lat="34.459161" lon="133.376084"/>
    <trkpt lat="34.459147" lon="133.376125"/>
    <trkpt lat="34.459132" lon="133.376165"/>
    <trkpt lat="34.45912" lon="133.376205"/>
    <trkpt lat="34.459106" lon="133.376246"/>
    <trkpt lat="34.459095" lon="133.376287"/>
    <trkpt lat="34.459083" lon="133.376329"/>
    <trkpt lat="34.459072" lon="133.37637"/>
    <trkpt lat="34.45906" lon="133.376411"/>
    <trkpt lat="34.459049" lon="133.376453"/>
    <trkpt lat="34.459037" lon="133.376493"/>
    <trkpt lat="34.459024" lon="133.376535"/>
    <trkpt lat="34.459012" lon="133.376575"/>
    <trkpt lat="34.458998" lon="133.376616"/>
    <trkpt lat="34.458985" lon="133.376657"/>
    <trkpt lat="34.458973" lon="133.376697"/>
    <trkpt lat="34.45896" lon="133.376738"/>
    <trkpt lat="34.458947" lon="133.376779"/>
    <trkpt lat="34.458934" lon="133.37682"/>
    <trkpt lat="34.458921" lon="133.37686"/>
    <trkpt lat="34.458907" lon="133.376901"/>
    <trkpt lat="34.458893" lon="133.37694"/>
    <trkpt lat="34.458877" lon="133.37698"/>
    <trkpt lat="34.458862" lon="133.37702"/>
    <trkpt lat="34.458846" lon="133.377058"/>
    <trkpt lat="34.45883" lon="133.377097"/>
    <trkpt lat="34.458811" lon="133.377135"/>
    <trkpt lat="34.458794" lon="133.377173"/>
    <trkpt lat="34.458776" lon="133.377211"/>
    <trkpt lat="34.458759" lon="133.37725"/>
    <trkpt lat="34.458741" lon="133.377287"/>
    <trkpt lat="34.458723" lon="133.377325"/>
    <trkpt lat="34.458705" lon="133.377363"/>
    <trkpt lat="34.458688" lon="133.377401"/>
    <trkpt lat="34.458671" lon="133.377439"/>
    <trkpt lat="34.458654" lon="133.377477"/>
    <trkpt lat="34.458636" lon="133.377515"/>
    <trkpt lat="34.458619" lon="133.377554"/>
    <trkpt lat="34.458601" lon="133.377593"/>
    <trkpt lat="34.458584" lon="133.377631"/>
    <trkpt lat="34.458566" lon="133.377669"/>
    <trkpt lat="34.458549" lon="133.377706"/>
    <trkpt lat="34.458531" lon="133.377744"/>
    <trkpt lat="34.458513" lon="133.377783"/>
    <trkpt lat="34.458496" lon="133.377821"/>
    <trkpt lat="34.458478" lon="133.377859"/>
    <trkpt lat="34.45846" lon="133.377896"/>
    <trkpt lat="34.458443" lon="133.377934"/>
    <trkpt lat="34.458425" lon="133.377972"/>
    <trkpt lat="34.458407" lon="133.37801"/>
    <trkpt lat="34.458389" lon="133.378048"/>
    <trkpt lat="34.458371" lon="133.378086"/>
    <trkpt lat="34.458353" lon="133.378124"/>
    <trkpt lat="34.458335" lon="133.378162"/>
    <trkpt lat="34.458317" lon="133.378199"/>
    <trkpt lat="34.458299" lon="133.378237"/>
    <trkpt lat="34.458282" lon="133.378275"/>
    <trkpt lat="34.458263" lon="133.378312"/>
    <trkpt lat="34.458245" lon="133.37835"/>
    <trkpt lat="34.458227" lon="133.378388"/>
    <trkpt lat="34.45821" lon="133.378427"/>
    <trkpt lat="34.458192" lon="133.378465"/>
    <trkpt lat="34.458175" lon="133.378503"/>
    <trkpt lat="34.458157" lon="133.378541"/>
    <trkpt lat="34.45814" lon="133.378579"/>
    <trkpt lat="34.458122" lon="133.378617"/>
    <trkpt lat="34.458105" lon="133.378656"/>
    <trkpt lat="34.458088" lon="133.378693"/>
    <trkpt lat="34.45807" lon="133.378731"/>
    <trkpt lat="34.458053" lon="133.378769"/>
    <trkpt lat="34.458035" lon="133.378808"/>
    <trkpt lat="34.458018" lon="133.378846"/>
    <trkpt lat="34.458002" lon="133.378885"/>
    <trkpt lat="34.457986" lon="133.378924"/>
    <trkpt lat="34.45797" lon="133.378963"/>
    <trkpt lat="34.457954" lon="133.379002"/>
    <trkpt lat="34.457939" lon="133.379042"/>
    <trkpt lat="34.457924" lon="133.379082"/>
    <trkpt lat="34.457907" lon="133.379121"/>
    <trkpt lat="34.457892" lon="133.379159"/>
    <trkpt lat="34.457875" lon="133.379198"/>
    <trkpt lat="34.457858" lon="133.379236"/>
    <trkpt lat="34.45784" lon="133.379275"/>
    <trkpt lat="34.457822" lon="133.379312"/>
    <trkpt lat="34.457803" lon="133.379349"/>
    <trkpt lat="34.457784" lon="133.379387"/>
    <trkpt lat="34.457765" lon="133.379424"/>
    <trkpt lat="34.457746" lon="133.379461"/>
    <trkpt lat="34.457727" lon="133.379498"/>
    <trkpt lat="34.457709" lon="133.379535"/>
    <trkpt lat="34.457691" lon="133.379573"/>
    <trkpt lat="34.457673" lon="133.37961"/>
    <trkpt lat="34.457655" lon="133.379648"/>
    <trkpt lat="34.457637" lon="133.379687"/>
    <trkpt lat="34.45762" lon="133.379725"/>
    <trkpt lat="34.457603" lon="133.379763"/>
    <trkpt lat="34.457585" lon="133.379801"/>
    <trkpt lat="34.457568" lon="133.379839"/>
    <trkpt lat="34.45755" lon="133.379877"/>
    <trkpt lat="34.457533" lon="133.379915"/>
    <trkpt lat="34.457515" lon="133.379954"/>
    <trkpt lat="34.457496" lon="133.379991"/>
    <trkpt lat="34.457478" lon="133.380029"/>
    <trkpt lat="34.45746" lon="133.380066"/>
    <trkpt lat="34.457442" lon="133.380103"/>
    <trkpt lat="34.457422" lon="133.38014"/>
    <trkpt lat="34.457402" lon="133.380176"/>
    <trkpt lat="34.45738" lon="133.380212"/>
    <trkpt lat="34.457359" lon="133.380246"/>
    <trkpt lat="34.457336" lon="133.380281"/>
    <trkpt lat="34.457313" lon="133.380313"/>
    <trkpt lat="34.457289" lon="133.380346"/>
    <trkpt lat="34.457265" lon="133.380379"/>
    <trkpt lat="34.457241" lon="133.38041"/>
    <trkpt lat="34.457216" lon="133.380443"/>
    <trkpt lat="34.457192" lon="133.380475"/>
    <trkpt lat="34.457168" lon="133.380507"/>
    <trkpt lat="34.457144" lon="133.38054"/>
    <trkpt lat="34.457121" lon="133.380574"/>
    <trkpt lat="34.457098" lon="133.380607"/>
    <trkpt lat="34.457076" lon="133.380642"/>
    <trkpt lat="34.457056" lon="133.380678"/>
    <trkpt lat="34.457035" lon="133.380714"/>
    <trkpt lat="34.457015" lon="133.38075"/>
    <trkpt lat="34.456995" lon="133.380786"/>
    <trkpt lat="34.456976" lon="133.380823"/>
    <trkpt lat="34.456957" lon="133.38086"/>
    <trkpt lat="34.456938" lon="133.380897"/>
    <trkpt lat="34.456918" lon="133.380933"/>
    <trkpt lat="34.456899" lon="133.38097"/>
    <trkpt lat="34.45688" lon="133.381007"/>
    <trkpt lat="34.456861" lon="133.381046"/>
    <trkpt lat="34.456843" lon="133.381083"/>
    <trkpt lat="34.456824" lon="133.38112"/>
    <trkpt lat="34.456806" lon="133.381158"/>
    <trkpt lat="34.456789" lon="133.381196"/>
    <trkpt lat="34.456771" lon="133.381233"/>
    <trkpt lat="34.456753" lon="133.381271"/>
    <trkpt lat="34.456736" lon="133.381309"/>
    <trkpt lat="34.456719" lon="133.381348"/>
    <trkpt lat="34.456702" lon="133.381387"/>
    <trkpt lat="34.456684" lon="133.381425"/>
    <trkpt lat="34.456666" lon="133.381463"/>
    <trkpt lat="34.456649" lon="133.381501"/>
    <trkpt lat="34.456631" lon="133.381539"/>
    <trkpt lat="34.456613" lon="133.381576"/>
    <trkpt lat="34.456596" lon="133.381615"/>
    <trkpt lat="34.456578" lon="133.381653"/>
    <trkpt lat="34.45656" lon="133.381691"/>
    <trkpt lat="34.456542" lon="133.381729"/>
    <trkpt lat="34.456525" lon="133.381766"/>
    <trkpt lat="34.456508" lon="133.381804"/>
    <trkpt lat="34.45649" lon="133.381843"/>
    <trkpt lat="34.456474" lon="133.381882"/>
    <trkpt lat="34.456456" lon="133.38192"/>
    <trkpt lat="34.45644" lon="133.381959"/>
    <trkpt lat="34.456424" lon="133.381998"/>
    <trkpt lat="34.456408" lon="133.382036"/>
    <trkpt lat="34.456391" lon="133.382076"/>
    <trkpt lat="34.456375" lon="133.382115"/>
    <trkpt lat="34.456359" lon="133.382154"/>
    <trkpt lat="34.456342" lon="133.382192"/>
    <trkpt lat="34.456324" lon="133.38223"/>
    <trkpt lat="34.456306" lon="133.382267"/>
    <trkpt lat="34.456287" lon="133.382304"/>
    <trkpt lat="34.456267" lon="133.382341"/>
    <trkpt lat="34.456247" lon="133.382377"/>
    <trkpt lat="34.456227" lon="133.382413"/>
    <trkpt lat="34.456208" lon="133.38245"/>
    <trkpt lat="34.456188" lon="133.382486"/>
    <trkpt lat="34.456168" lon="133.382523"/>
    <trkpt lat="34.456148" lon="133.382559"/>
    <trkpt lat="34.456129" lon="133.382597"/>
    <trkpt lat="34.45611" lon="133.382634"/>
    <trkpt lat="34.456092" lon="133.382672"/>
    <trkpt lat="34.456073" lon="133.382709"/>
    <trkpt lat="34.456055" lon="133.382746"/>
    <trkpt lat="34.456037" lon="133.382784"/>
    <trkpt lat="34.456019" lon="133.382821"/>
    <trkpt lat="34.456" lon="133.382859"/>
    <trkpt lat="34.455982" lon="133.382896"/>
    <trkpt lat="34.455964" lon="133.382934"/>
    <trkpt lat="34.455945" lon="133.382971"/>
    <trkpt lat="34.455927" lon="133.38301"/>
    <trkpt lat="34.455909" lon="133.383047"/>
    <trkpt lat="34.45589" lon="133.383085"/>
    <trkpt lat="34.455872" lon="133.383122"/>
    <trkpt lat="34.455853" lon="133.383159"/>
    <trkpt lat="34.455835" lon="133.383197"/>
    <trkpt lat="34.455816" lon="133.383234"/>
    <trkpt lat="34.455798" lon="133.383271"/>
    <trkpt lat="34.455778" lon="133.383307"/>
    <trkpt lat="34.455758" lon="133.383344"/>
    <trkpt lat="34.455739" lon="133.38338"/>
    <trkpt lat="34.455719" lon="133.383417"/>
    <trkpt lat="34.455699" lon="133.383453"/>
    <trkpt lat="34.455679" lon="133.38349"/>
    <trkpt lat="34.455661" lon="133.383527"/>
    <trkpt lat="34.455642" lon="133.383564"/>
    <trkpt lat="34.455624" lon="133.383602"/>
    <trkpt lat="34.455606" lon="133.383641"/>
    <trkpt lat="34.45559" lon="133.383679"/>
    <trkpt lat="34.455573" lon="133.383718"/>
    <trkpt lat="34.455557" lon="133.383756"/>
    <trkpt lat="34.45554" lon="133.383795"/>
    <trkpt lat="34.455523" lon="133.383834"/>
    <trkpt lat="34.455505" lon="133.383872"/>
    <trkpt lat="34.455487" lon="133.38391"/>
    <trkpt lat="34.455469" lon="133.383947"/>
    <trkpt lat="34.455451" lon="133.383985"/>
    <trkpt lat="34.455432" lon="133.384022"/>
    <trkpt lat="34.455414" lon="133.38406"/>
    <trkpt lat="34.455396" lon="133.384097"/>
    <trkpt lat="34.455377" lon="133.384134"/>
    <trkpt lat="34.455359" lon="133.384171"/>
    <trkpt lat="34.45534" lon="133.38421"/>
    <trkpt lat="34.455322" lon="133.384247"/>
    <trkpt lat="34.455303" lon="133.384284"/>
    <trkpt lat="34.455284" lon="133.384322"/>
    <trkpt lat="34.455266" lon="133.384359"/>
    <trkpt lat="34.455247" lon="133.384396"/>
    <trkpt lat="34.455228" lon="133.384433"/>
    <trkpt lat="34.455209" lon="133.38447"/>
    <trkpt lat="34.45519" lon="133.384507"/>
    <trkpt lat="34.455171" lon="133.384545"/>
    <trkpt lat="34.455153" lon="133.384582"/>
    <trkpt lat="34.455134" lon="133.384619"/>
    <trkpt lat="34.455116" lon="133.384657"/>
    <trkpt lat="34.455098" lon="133.384695"/>
    <trkpt lat="34.455081" lon="133.384733"/>
    <trkpt lat="34.455063" lon="133.384771"/>
    <trkpt lat="34.455045" lon="133.384809"/>
    <trkpt lat="34.455027" lon="133.384846"/>
    <trkpt lat="34.455009" lon="133.384884"/>
    <trkpt lat="34.45499" lon="133.384921"/>
    <trkpt lat="34.45497" lon="133.384958"/>
    <trkpt lat="34.454951" lon="133.384994"/>
    <trkpt lat="34.454931" lon="133.385031"/>
    <trkpt lat="34.454912" lon="133.385067"/>
    <trkpt lat="34.454892" lon="133.385104"/>
    <trkpt lat="34.454872" lon="133.38514"/>
    <trkpt lat="34.454852" lon="133.385177"/>
    <trkpt lat="34.454833" lon="133.385214"/>
    <trkpt lat="34.454814" lon="133.385251"/>
    <trkpt lat="34.454795" lon="133.385288"/>
    <trkpt lat="34.454777" lon="133.385326"/>
    <trkpt lat="34.454759" lon="133.385364"/>
    <trkpt lat="34.45474" lon="133.385401"/>
    <trkpt lat="34.454722" lon="133.385439"/>
    <trkpt lat="34.454704" lon="133.385477"/>
    <trkpt lat="34.454686" lon="133.385514"/>
    <trkpt lat="34.454667" lon="133.385551"/>
    <trkpt lat="34.454647" lon="133.385588"/>
    <trkpt lat="34.454629" lon="133.385624"/>
    <trkpt lat="34.454608" lon="133.38566"/>
    <trkpt lat="34.454588" lon="133.385697"/>
    <trkpt lat="34.454567" lon="133.385733"/>
    <trkpt lat="34.454547" lon="133.385769"/>
    <trkpt lat="34.454527" lon="133.385805"/>
    <trkpt lat="34.454507" lon="133.385841"/>
    <trkpt lat="34.454487" lon="133.385877"/>
    <trkpt lat="34.454467" lon="133.385914"/>
    <trkpt lat="34.454447" lon="133.38595"/>
    <trkpt lat="34.454428" lon="133.385987"/>
    <trkpt lat="34.454409" lon="133.386024"/>
    <trkpt lat="34.45439" lon="133.386061"/>
    <trkpt lat="34.454371" lon="133.386097"/>
    <trkpt lat="34.454351" lon="133.386134"/>
    <trkpt lat="34.454332" lon="133.386171"/>
    <trkpt lat="34.454312" lon="133.386208"/>
    <trkpt lat="34.454292" lon="133.386244"/>
    <trkpt lat="34.454273" lon="133.386281"/>
    <trkpt lat="34.454254" lon="133.386317"/>
    <trkpt lat="34.454234" lon="133.386354"/>
    <trkpt lat="34.454214" lon="133.38639"/>
    <trkpt lat="34.454194" lon="133.386427"/>
    <trkpt lat="34.454175" lon="133.386464"/>
    <trkpt lat="34.454155" lon="133.3865"/>
    <trkpt lat="34.454136" lon="133.386537"/>
    <trkpt lat="34.454117" lon="133.386573"/>
    <trkpt lat="34.454097" lon="133.386611"/>
    <trkpt lat="34.454077" lon="133.386646"/>
    <trkpt lat="34.454057" lon="133.386684"/>
    <trkpt lat="34.454037" lon="133.38672"/>
    <trkpt lat="34.454017" lon="133.386757"/>
    <trkpt lat="34.453999" lon="133.386793"/>
    <trkpt lat="34.453979" lon="133.38683"/>
    <trkpt lat="34.453959" lon="133.386867"/>
    <trkpt lat="34.453939" lon="133.386903"/>
    <trkpt lat="34.45392" lon="133.38694"/>
    <trkpt lat="34.4539" lon="133.386977"/>
    <trkpt lat="34.453881" lon="133.387013"/>
    <trkpt lat="34.453862" lon="133.38705"/>
    <trkpt lat="34.453843" lon="133.387087"/>
    <trkpt lat="34.453823" lon="133.387124"/>
    <trkpt lat="34.453804" lon="133.38716"/>
    <trkpt lat="34.453784" lon="133.387197"/>
    <trkpt lat="34.453764" lon="133.387233"/>
    <trkpt lat="34.453744" lon="133.38727"/>
    <trkpt lat="34.453725" lon="133.387306"/>
    <trkpt lat="34.453706" lon="133.387343"/>
    <trkpt lat="34.453686" lon="133.38738"/>
    <trkpt lat="34.453666" lon="133.387416"/>
    <trkpt lat="34.453647" lon="133.387453"/>
    <trkpt lat="34.453627" lon="133.387489"/>
    <trkpt lat="34.453607" lon="133.387526"/>
    <trkpt lat="34.453588" lon="133.387563"/>
    <trkpt lat="34.453569" lon="133.387599"/>
    <trkpt lat="34.453549" lon="133.387636"/>
    <trkpt lat="34.453529" lon="133.387672"/>
    <trkpt lat="34.453509" lon="133.387708"/>
    <trkpt lat="34.453488" lon="133.387744"/>
    <trkpt lat="34.453468" lon="133.38778"/>
    <trkpt lat="34.453447" lon="133.387816"/>
    <trkpt lat="34.453426" lon="133.387851"/>
    <trkpt lat="34.453405" lon="133.387887"/>
    <trkpt lat="34.453385" lon="133.387923"/>
    <trkpt lat="34.453364" lon="133.387959"/>
    <trkpt lat="34.453345" lon="133.387996"/>
    <trkpt lat="34.453326" lon="133.388033"/>
    <trkpt lat="34.453308" lon="133.388071"/>
    <trkpt lat="34.453292" lon="133.388109"/>
    <trkpt lat="34.453277" lon="133.388148"/>
    <trkpt lat="34.453261" lon="133.388189"/>
    <trkpt lat="34.453247" lon="133.388228"/>
    <trkpt lat="34.453233" lon="133.388268"/>
    <trkpt lat="34.453219" lon="133.388309"/>
    <trkpt lat="34.453204" lon="133.388348"/>
    <trkpt lat="34.453189" lon="133.388388"/>
    <trkpt lat="34.453173" lon="133.388427"/>
    <trkpt lat="34.453157" lon="133.388465"/>
    <trkpt lat="34.45314" lon="133.388505"/>
    <trkpt lat="34.453123" lon="133.388543"/>
    <trkpt lat="34.453107" lon="133.388582"/>
    <trkpt lat="34.45309" lon="133.38862"/>
    <trkpt lat="34.453074" lon="133.388659"/>
    <trkpt lat="34.453057" lon="133.388698"/>
    <trkpt lat="34.45304" lon="133.388737"/>
    <trkpt lat="34.453024" lon="133.388775"/>
    <trkpt lat="34.453007" lon="133.388814"/>
    <trkpt lat="34.452991" lon="133.388852"/>
    <trkpt lat="34.452974" lon="133.388892"/>
    <trkpt lat="34.452958" lon="133.38893"/>
    <trkpt lat="34.45294" lon="133.388969"/>
    <trkpt lat="34.452924" lon="133.389007"/>
    <trkpt lat="34.452908" lon="133.389046"/>
    <trkpt lat="34.452891" lon="133.389085"/>
    <trkpt lat="34.452875" lon="133.389124"/>
    <trkpt lat="34.452858" lon="133.389163"/>
    <trkpt lat="34.452842" lon="133.389201"/>
    <trkpt lat="34.452826" lon="133.38924"/>
    <trkpt lat="34.45281" lon="133.38928"/>
    <trkpt lat="34.452794" lon="133.389319"/>
    <trkpt lat="34.452778" lon="133.389358"/>
    <trkpt lat="34.452764" lon="133.389397"/>
    <trkpt lat="34.452748" lon="133.389438"/>
    <trkpt lat="34.452735" lon="133.389478"/>
    <trkpt lat="34.452721" lon="133.389518"/>
    <trkpt lat="34.452708" lon="133.389559"/>
    <trkpt lat="34.452695" lon="133.389599"/>
    <trkpt lat="34.452682" lon="133.389639"/>
    <trkpt lat="34.452668" lon="133.38968"/>
    <trkpt lat="34.452653" lon="133.38972"/>
    <trkpt lat="34.452638" lon="133.389759"/>
    <trkpt lat="34.452621" lon="133.389797"/>
    <trkpt lat="34.452604" lon="133.389837"/>
    <trkpt lat="34.452586" lon="133.389875"/>
    <trkpt lat="34.452568" lon="133.389912"/>
    <trkpt lat="34.45255" lon="133.38995"/>
    <trkpt lat="34.452532" lon="133.389988"/>
    <trkpt lat="34.452514" lon="133.390025"/>
    <trkpt lat="34.452496" lon="133.390063"/>
    <trkpt lat="34.452478" lon="133.3901"/>
    <trkpt lat="34.452459" lon="133.390137"/>
    <trkpt lat="34.45244" lon="133.390176"/>
    <trkpt lat="34.452421" lon="133.390213"/>
    <trkpt lat="34.452402" lon="133.390249"/>
    <trkpt lat="34.452382" lon="133.390286"/>
    <trkpt lat="34.452363" lon="133.390322"/>
    <trkpt lat="34.452343" lon="133.390359"/>
    <trkpt lat="34.452323" lon="133.390395"/>
    <trkpt lat="34.452303" lon="133.390431"/>
    <trkpt lat="34.452283" lon="133.390468"/>
    <trkpt lat="34.452263" lon="133.390504"/>
    <trkpt lat="34.452244" lon="133.39054"/>
    <trkpt lat="34.452224" lon="133.390577"/>
    <trkpt lat="34.452204" lon="133.390613"/>
    <trkpt lat="34.452183" lon="133.39065"/>
    <trkpt lat="34.452163" lon="133.390686"/>
    <trkpt lat="34.452144" lon="133.390722"/>
    <trkpt lat="34.452124" lon="133.390758"/>
    <trkpt lat="34.452103" lon="133.390793"/>
    <trkpt lat="34.452082" lon="133.390829"/>
    <trkpt lat="34.452061" lon="133.390864"/>
    <trkpt lat="34.452039" lon="133.390899"/>
    <trkpt lat="34.452017" lon="133.390934"/>
    <trkpt lat="34.451996" lon="133.390969"/>
    <trkpt lat="34.451972" lon="133.391003"/>
    <trkpt lat="34.45195" lon="133.391037"/>
    <trkpt lat="34.451926" lon="133.391069"/>
    <trkpt lat="34.451903" lon="133.391102"/>
    <trkpt lat="34.451879" lon="133.391135"/>
    <trkpt lat="34.451854" lon="133.391166"/>
    <trkpt lat="34.451829" lon="133.391199"/>
    <trkpt lat="34.451805" lon="133.391229"/>
    <trkpt lat="34.451779" lon="133.39126"/>
    <trkpt lat="34.451752" lon="133.39129"/>
    <trkpt lat="34.451725" lon="133.391319"/>
    <trkpt lat="34.451697" lon="133.391345"/>
    <trkpt lat="34.451666" lon="133.391369"/>
    <trkpt lat="34.451633" lon="133.391386"/>
    <trkpt lat="34.451598" lon="133.391398"/>
    <trkpt lat="34.451562" lon="133.391399"/>
    <trkpt lat="34.451527" lon="133.391391"/>
    <trkpt lat="34.451494" lon="133.391374"/>
    <trkpt lat="34.451463" lon="133.391351"/>
    <trkpt lat="34.451433" lon="133.391326"/>
    <trkpt lat="34.451405" lon="133.391299"/>
    <trkpt lat="34.451378" lon="133.391271"/>
    <trkpt lat="34.451352" lon="133.391241"/>
    <trkpt lat="34.451325" lon="133.391212"/>
    <trkpt lat="34.451299" lon="133.391181"/>
    <trkpt lat="34.451273" lon="133.391152"/>
    <trkpt lat="34.451247" lon="133.391122"/>
    <trkpt lat="34.451221" lon="133.391092"/>
    <trkpt lat="34.451195" lon="133.391063"/>
    <trkpt lat="34.451168" lon="133.391032"/>
    <trkpt lat="34.451141" lon="133.391003"/>
    <trkpt lat="34.451115" lon="133.390972"/>
    <trkpt lat="34.45109" lon="133.390943"/>
    <trkpt lat="34.451064" lon="133.390912"/>
    <trkpt lat="34.451038" lon="133.390882"/>
    <trkpt lat="34.451012" lon="133.390851"/>
    <trkpt lat="34.450986" lon="133.390821"/>
    <trkpt lat="34.450961" lon="133.39079"/>
    <trkpt lat="34.450935" lon="133.390759"/>
    <trkpt lat="34.45091" lon="133.390728"/>
    <trkpt lat="34.450884" lon="133.390698"/>
    <trkpt lat="34.450858" lon="133.390667"/>
    <trkpt lat="34.450832" lon="133.390637"/>
    <trkpt lat="34.450806" lon="133.390607"/>
    <trkpt lat="34.45078" lon="133.390577"/>
    <trkpt lat="34.450754" lon="133.390547"/>
    <trkpt lat="34.450728" lon="133.390517"/>
    <trkpt lat="34.450702" lon="133.390487"/>
    <trkpt lat="34.450675" lon="133.390457"/>
    <trkpt lat="34.450649" lon="133.390427"/>
    <trkpt lat="34.450622" lon="133.390398"/>
    <trkpt lat="34.450596" lon="133.390367"/>
    <trkpt lat="34.450571" lon="133.390337"/>
    <trkpt lat="34.450545" lon="133.390306"/>
    <trkpt lat="34.450519" lon="133.390276"/>
    <trkpt lat="34.450493" lon="133.390245"/>
    <trkpt lat="34.450467" lon="133.390215"/>
    <trkpt lat="34.450442" lon="133.390184"/>
    <trkpt lat="34.450417" lon="133.390154"/>
    <trkpt lat="34.450391" lon="133.390123"/>
    <trkpt lat="34.450365" lon="133.390093"/>
    <trkpt lat="34.450339" lon="133.390062"/>
    <trkpt lat="34.450313" lon="133.390032"/>
    <trkpt lat="34.450287" lon="133.390001"/>
    <trkpt lat="34.450261" lon="133.389972"/>
    <trkpt lat="34.450235" lon="133.389942"/>
    <trkpt lat="34.450209" lon="133.389912"/>
    <trkpt lat="34.450182" lon="133.389882"/>
    <trkpt lat="34.450156" lon="133.389852"/>
    <trkpt lat="34.450129" lon="133.389822"/>
    <trkpt lat="34.450103" lon="133.389792"/>
    <trkpt lat="34.450078" lon="133.389762"/>
    <trkpt lat="34.450052" lon="133.389732"/>
    <trkpt lat="34.450026" lon="133.389701"/>
    <trkpt lat="34.449999" lon="133.389671"/>
    <trkpt lat="34.449973" lon="133.389641"/>
    <trkpt lat="34.449948" lon="133.389611"/>
    <trkpt lat="34.449922" lon="133.38958"/>
    <trkpt lat="34.449896" lon="133.389551"/>
    <trkpt lat="34.44987" lon="133.38952"/>
    <trkpt lat="34.449843" lon="133.389491"/>
    <trkpt lat="34.449816" lon="133.389461"/>
    <trkpt lat="34.44979" lon="133.389431"/>
    <trkpt lat="34.449764" lon="133.389402"/>
    <trkpt lat="34.449738" lon="133.389371"/>
    <trkpt lat="34.449712" lon="133.389342"/>
    <trkpt lat="34.449686" lon="133.389311"/>
    <trkpt lat="34.449661" lon="133.389281"/>
    <trkpt lat="34.449634" lon="133.38925"/>
    <trkpt lat="34.449608" lon="133.38922"/>
    <trkpt lat="34.449583" lon="133.389189"/>
    <trkpt lat="34.449558" lon="133.389159"/>
    <trkpt lat="34.449532" lon="133.389127"/>
    <trkpt lat="34.449506" lon="133.389097"/>
    <trkpt lat="34.449481" lon="133.389066"/>
    <trkpt lat="34.449455" lon="133.389034"/>
    <trkpt lat="34.44943" lon="133.389004"/>
    <trkpt lat="34.449405" lon="133.388973"/>
    <trkpt lat="34.449379" lon="133.388943"/>
    <trkpt lat="34.449353" lon="133.388911"/>
    <trkpt lat="34.449328" lon="133.388881"/>
    <trkpt lat="34.449303" lon="133.38885"/>
    <trkpt lat="34.449277" lon="133.38882"/>
    <trkpt lat="34.449251" lon="133.388789"/>
    <trkpt lat="34.449225" lon="133.388759"/>
    <trkpt lat="34.4492" lon="133.388728"/>
    <trkpt lat="34.449174" lon="133.388698"/>
    <trkpt lat="34.449148" lon="133.388667"/>
    <trkpt lat="34.449122" lon="133.388638"/>
    <trkpt lat="34.449095" lon="133.388607"/>
    <trkpt lat="34.449069" lon="133.388578"/>
    <trkpt lat="34.449042" lon="133.388548"/>
    <trkpt lat="34.449016" lon="133.388518"/>
    <trkpt lat="34.44899" lon="133.388488"/>
    <trkpt lat="34.448964" lon="133.388458"/>
    <trkpt lat="34.448938" lon="133.388428"/>
    <trkpt lat="34.448912" lon="133.388398"/>
    <trkpt lat="34.448886" lon="133.388367"/>
    <trkpt lat="34.44886" lon="133.388337"/>
    <trkpt lat="34.448835" lon="133.388306"/>
    <trkpt lat="34.44881" lon="133.388275"/>
    <trkpt lat="34.448784" lon="133.388244"/>
    <trkpt lat="34.448758" lon="133.388214"/>
    <trkpt lat="34.448732" lon="133.388183"/>
    <trkpt lat="34.448706" lon="133.388153"/>
    <trkpt lat="34.448681" lon="133.388122"/>
    <trkpt lat="34.448655" lon="133.388093"/>
    <trkpt lat="34.448629" lon="133.388062"/>
    <trkpt lat="34.448602" lon="133.388033"/>
    <trkpt lat="34.448576" lon="133.388002"/>
    <trkpt lat="34.448549" lon="133.387973"/>
    <trkpt lat="34.448523" lon="133.387943"/>
    <trkpt lat="34.448497" lon="133.387913"/>
    <trkpt lat="34.448471" lon="133.387883"/>
    <trkpt lat="34.448445" lon="133.387853"/>
    <trkpt lat="34.448419" lon="133.387824"/>
    <trkpt lat="34.448392" lon="133.387793"/>
    <trkpt lat="34.448366" lon="133.387764"/>
    <trkpt lat="34.44834" lon="133.387733"/>
    <trkpt lat="34.448313" lon="133.387704"/>
    <trkpt lat="34.448287" lon="133.387674"/>
    <trkpt lat="34.448261" lon="133.387644"/>
    <trkpt lat="34.448235" lon="133.387614"/>
    <trkpt lat="34.448209" lon="133.387585"/>
    <trkpt lat="34.448182" lon="133.387554"/>
    <trkpt lat="34.448156" lon="133.387525"/>
    <trkpt lat="34.44813" lon="133.387494"/>
    <trkpt lat="34.448104" lon="133.387464"/>
    <trkpt lat="34.448078" lon="133.387433"/>
    <trkpt lat="34.448053" lon="133.387403"/>
    <trkpt lat="34.448026" lon="133.387372"/>
    <trkpt lat="34.448001" lon="133.387342"/>
    <trkpt lat="34.447975" lon="133.387311"/>
    <trkpt lat="34.44795" lon="133.387281"/>
    <trkpt lat="34.447924" lon="133.38725"/>
    <trkpt lat="34.447898" lon="133.387221"/>
    <trkpt lat="34.447871" lon="133.38719"/>
    <trkpt lat="34.447845" lon="133.387161"/>
    <trkpt lat="34.447819" lon="133.38713"/>
    <trkpt lat="34.447793" lon="133.387101"/>
    <trkpt lat="34.447766" lon="133.387072"/>
    <trkpt lat="34.44774" lon="133.387041"/>
    <trkpt lat="34.447714" lon="133.387012"/>
    <trkpt lat="34.447688" lon="133.386981"/>
    <trkpt lat="34.447661" lon="133.386952"/>
    <trkpt lat="34.447635" lon="133.386921"/>
    <trkpt lat="34.447609" lon="133.386892"/>
    <trkpt lat="34.447583" lon="133.386861"/>
    <trkpt lat="34.447557" lon="133.386832"/>
    <trkpt lat="34.447531" lon="133.386801"/>
    <trkpt lat="34.447505" lon="133.386772"/>
    <trkpt lat="34.447478" lon="133.386741"/>
    <trkpt lat="34.447451" lon="133.386712"/>
    <trkpt lat="34.447425" lon="133.386682"/>
    <trkpt lat="34.447399" lon="133.386652"/>
    <trkpt lat="34.447373" lon="133.386623"/>
    <trkpt lat="34.447347" lon="133.386592"/>
    <trkpt lat="34.447321" lon="133.386563"/>
    <trkpt lat="34.447295" lon="133.386533"/>
    <trkpt lat="34.447268" lon="133.386503"/>
    <trkpt lat="34.447241" lon="133.386473"/>
    <trkpt lat="34.447215" lon="133.386444"/>
    <trkpt lat="34.447188" lon="133.386414"/>
    <trkpt lat="34.447161" lon="133.386386"/>
    <trkpt lat="34.447134" lon="133.386358"/>
    <trkpt lat="34.447106" lon="133.386329"/>
    <trkpt lat="34.447078" lon="133.386302"/>
    <trkpt lat="34.44705" lon="133.386275"/>
    <trkpt lat="34.447021" lon="133.386248"/>
    <trkpt lat="34.446993" lon="133.386223"/>
    <trkpt lat="34.446963" lon="133.386197"/>
    <trkpt lat="34.446933" lon="133.386173"/>
    <trkpt lat="34.446903" lon="133.38615"/>
    <trkpt lat="34.446872" lon="133.386127"/>
    <trkpt lat="34.44684" lon="133.386105"/>
    <trkpt lat="34.446809" lon="133.386084"/>
    <trkpt lat="34.446777" lon="133.386063"/>
    <trkpt lat="34.446745" lon="133.386043"/>
    <trkpt lat="34.446713" lon="133.386023"/>
    <trkpt lat="34.446681" lon="133.386005"/>
    <trkpt lat="34.446648" lon="133.385986"/>
    <trkpt lat="34.446615" lon="133.385967"/>
    <trkpt lat="34.446583" lon="133.38595"/>
    <trkpt lat="34.446549" lon="133.385934"/>
    <trkpt lat="34.446515" lon="133.385917"/>
    <trkpt lat="34.446482" lon="133.385903"/>
    <trkpt lat="34.446447" lon="133.385889"/>
    <trkpt lat="34.446413" lon="133.385876"/>
    <trkpt lat="34.446379" lon="133.385863"/>
    <trkpt lat="34.446344" lon="133.385851"/>
    <trkpt lat="34.446309" lon="133.38584"/>
    <trkpt lat="34.446274" lon="133.385829"/>
    <trkpt lat="34.446239" lon="133.385819"/>
    <trkpt lat="34.446204" lon="133.385811"/>
    <trkpt lat="34.446168" lon="133.385802"/>
    <trkpt lat="34.446133" lon="133.385794"/>
    <trkpt lat="34.446097" lon="133.385788"/>
    <trkpt lat="34.446062" lon="133.385782"/>
    <trkpt lat="34.446026" lon="133.385778"/>
    <trkpt lat="34.445989" lon="133.385773"/>
    <trkpt lat="34.445953" lon="133.385769"/>
    <trkpt lat="34.445917" lon="133.385766"/>
    <trkpt lat="34.445881" lon="133.385764"/>
    <trkpt lat="34.445845" lon="133.385762"/>
    <trkpt lat="34.445809" lon="133.385759"/>
    <trkpt lat="34.445774" lon="133.385758"/>
    <trkpt lat="34.445738" lon="133.385757"/>
    <trkpt lat="34.445702" lon="133.385756"/>
    <trkpt lat="34.445666" lon="133.385754"/>
    <trkpt lat="34.44563" lon="133.385752"/>
    <trkpt lat="34.445594" lon="133.38575"/>
    <trkpt lat="34.445558" lon="133.385747"/>
    <trkpt lat="34.445522" lon="133.385744"/>
    <trkpt lat="34.445486" lon="133.385742"/>
    <trkpt lat="34.44545" lon="133.38574"/>
    <trkpt lat="34.445414" lon="133.385738"/>
    <trkpt lat="34.445378" lon="133.385736"/>
    <trkpt lat="34.445341" lon="133.385735"/>
    <trkpt lat="34.445305" lon="133.385734"/>
    <trkpt lat="34.445269" lon="133.385732"/>
    <trkpt lat="34.445233" lon="133.38573"/>
    <trkpt lat="34.445197" lon="133.385728"/>
    <trkpt lat="34.445161" lon="133.385726"/>
    <trkpt lat="34.445125" lon="133.385722"/>
    <trkpt lat="34.445089" lon="133.38572"/>
    <trkpt lat="34.445053" lon="133.385718"/>
    <trkpt lat="34.445017" lon="133.385716"/>
    <trkpt lat="34.444981" lon="133.385715"/>
    <trkpt lat="34.444945" lon="133.385714"/>
    <trkpt lat="34.444909" lon="133.385714"/>
    <trkpt lat="34.444874" lon="133.385712"/>
    <trkpt lat="34.444838" lon="133.385711"/>
    <trkpt lat="34.444802" lon="133.385709"/>
    <trkpt lat="34.444766" lon="133.385707"/>
    <trkpt lat="34.444729" lon="133.385705"/>
    <trkpt lat="34.444693" lon="133.385703"/>
    <trkpt lat="34.444657" lon="133.385699"/>
    <trkpt lat="34.444621" lon="133.385697"/>
    <trkpt lat="34.444585" lon="133.385695"/>
    <trkpt lat="34.444549" lon="133.385694"/>
    <trkpt lat="34.444513" lon="133.385693"/>
    <trkpt lat="34.444477" lon="133.385692"/>
    <trkpt lat="34.444441" lon="133.385691"/>
    <trkpt lat="34.444405" lon="133.38569"/>
    <trkpt lat="34.444369" lon="133.385688"/>
    <trkpt lat="34.444333" lon="133.385686"/>
    <trkpt lat="34.444297" lon="133.385684"/>
    <trkpt lat="34.444261" lon="133.385682"/>
    <trkpt lat="34.444225" lon="133.385679"/>
    <trkpt lat="34.444189" lon="133.385676"/>
    <trkpt lat="34.444153" lon="133.385674"/>
    <trkpt lat="34.444117" lon="133.385672"/>
    <trkpt lat="34.444081" lon="133.385671"/>
    <trkpt lat="34.444044" lon="133.38567"/>
    <trkpt lat="34.444008" lon="133.38567"/>
    <trkpt lat="34.443972" lon="133.385669"/>
    <trkpt lat="34.443936" lon="133.385668"/>
    <trkpt lat="34.4439" lon="133.385667"/>
    <trkpt lat="34.443864" lon="133.385665"/>
    <trkpt lat="34.443829" lon="133.385662"/>
    <trkpt lat="34.443793" lon="133.38566"/>
    <trkpt lat="34.443757" lon="133.385657"/>
    <trkpt lat="34.443721" lon="133.385655"/>
    <trkpt lat="34.443685" lon="133.385653"/>
    <trkpt lat="34.443649" lon="133.38565"/>
    <trkpt lat="34.443613" lon="133.385649"/>
    <trkpt lat="34.443577" lon="133.385648"/>
    <trkpt lat="34.443541" lon="133.385647"/>
    <trkpt lat="34.443505" lon="133.385646"/>
    <trkpt lat="34.443469" lon="133.385644"/>
    <trkpt lat="34.443432" lon="133.385642"/>
    <trkpt lat="34.443396" lon="133.385639"/>
    <trkpt lat="34.44336" lon="133.385637"/>
    <trkpt lat="34.443324" lon="133.385634"/>
    <trkpt lat="34.443288" lon="133.385632"/>
    <trkpt lat="34.443252" lon="133.38563"/>
    <trkpt lat="34.443216" lon="133.385629"/>
    <trkpt lat="34.44318" lon="133.385627"/>
    <trkpt lat="34.443144" lon="133.385626"/>
    <trkpt lat="34.443108" lon="133.385625"/>
    <trkpt lat="34.443072" lon="133.385624"/>
    <trkpt lat="34.443036" lon="133.385622"/>
    <trkpt lat="34.443" lon="133.385621"/>
    <trkpt lat="34.442965" lon="133.385618"/>
    <trkpt lat="34.442929" lon="133.385615"/>
    <trkpt lat="34.442893" lon="133.385612"/>
    <trkpt lat="34.442857" lon="133.38561"/>
    <trkpt lat="34.442821" lon="133.385608"/>
    <trkpt lat="34.442784" lon="133.385607"/>
    <trkpt lat="34.442748" lon="133.385606"/>
    <trkpt lat="34.442712" lon="133.385605"/>
    <trkpt lat="34.442676" lon="133.385603"/>
    <trkpt lat="34.44264" lon="133.385601"/>
    <trkpt lat="34.442604" lon="133.3856"/>
    <trkpt lat="34.442568" lon="133.385597"/>
    <trkpt lat="34.442532" lon="133.385595"/>
    <trkpt lat="34.442496" lon="133.385591"/>
    <trkpt lat="34.44246" lon="133.385589"/>
    <trkpt lat="34.442424" lon="133.385587"/>
    <trkpt lat="34.442388" lon="133.385585"/>
    <trkpt lat="34.442352" lon="133.385584"/>
    <trkpt lat="34.442316" lon="133.385583"/>
    <trkpt lat="34.44228" lon="133.385582"/>
    <trkpt lat="34.442244" lon="133.385579"/>
    <trkpt lat="34.442208" lon="133.385578"/>
    <trkpt lat="34.442172" lon="133.385575"/>
    <trkpt lat="34.442136" lon="133.385573"/>
    <trkpt lat="34.4421" lon="133.385571"/>
    <trkpt lat="34.442064" lon="133.385568"/>
    <trkpt lat="34.442028" lon="133.385565"/>
    <trkpt lat="34.441992" lon="133.385563"/>
    <trkpt lat="34.441956" lon="133.385562"/>
    <trkpt lat="34.44192" lon="133.385561"/>
    <trkpt lat="34.441884" lon="133.385559"/>
    <trkpt lat="34.441848" lon="133.385558"/>
    <trkpt lat="34.441812" lon="133.385556"/>
    <trkpt lat="34.441776" lon="133.385552"/>
    <trkpt lat="34.44174" lon="133.38555"/>
    <trkpt lat="34.441704" lon="133.385547"/>
    <trkpt lat="34.441668" lon="133.385545"/>
    <trkpt lat="34.441632" lon="133.385542"/>
    <trkpt lat="34.441596" lon="133.385541"/>
    <trkpt lat="34.44156" lon="133.385539"/>
    <trkpt lat="34.441524" lon="133.385538"/>
    <trkpt lat="34.441487" lon="133.385536"/>
    <trkpt lat="34.441451" lon="133.385535"/>
    <trkpt lat="34.441415" lon="133.385533"/>
    <trkpt lat="34.44138" lon="133.385529"/>
    <trkpt lat="34.441344" lon="133.385527"/>
    <trkpt lat="34.441308" lon="133.385524"/>
    <trkpt lat="34.441272" lon="133.385522"/>
    <trkpt lat="34.441236" lon="133.38552"/>
    <trkpt lat="34.4412" lon="133.385516"/>
    <trkpt lat="34.441164" lon="133.385512"/>
    <trkpt lat="34.441129" lon="133.385505"/>
    <trkpt lat="34.441093" lon="133.385497"/>
    <trkpt lat="34.441058" lon="133.385486"/>
    <trkpt lat="34.441024" lon="133.385473"/>
    <trkpt lat="34.44099" lon="133.385457"/>
    <trkpt lat="34.440956" lon="133.385443"/>
    <trkpt lat="34.440922" lon="133.385429"/>
    <trkpt lat="34.440887" lon="133.385416"/>
    <trkpt lat="34.440852" lon="133.385405"/>
    <trkpt lat="34.440817" lon="133.385397"/>
    <trkpt lat="34.440781" lon="133.385392"/>
    <trkpt lat="34.440746" lon="133.385389"/>
    <trkpt lat="34.44071" lon="133.385388"/>
    <trkpt lat="34.440674" lon="133.385387"/>
    <trkpt lat="34.440638" lon="133.385387"/>
    <trkpt lat="34.440601" lon="133.385387"/>
    <trkpt lat="34.440565" lon="133.385387"/>
    <trkpt lat="34.440529" lon="133.385387"/>
    <trkpt lat="34.440493" lon="133.385385"/>
    <trkpt lat="34.440457" lon="133.385384"/>
    <trkpt lat="34.440421" lon="133.385382"/>
    <trkpt lat="34.440385" lon="133.38538"/>
    <trkpt lat="34.440349" lon="133.385378"/>
    <trkpt lat="34.440313" lon="133.385376"/>
    <trkpt lat="34.440277" lon="133.385372"/>
    <trkpt lat="34.440241" lon="133.38537"/>
    <trkpt lat="34.440205" lon="133.385368"/>
    <trkpt lat="34.440169" lon="133.385367"/>
    <trkpt lat="34.440133" lon="133.385366"/>
    <trkpt lat="34.440097" lon="133.385365"/>
    <trkpt lat="34.440061" lon="133.385365"/>
    <trkpt lat="34.440025" lon="133.385365"/>
    <trkpt lat="34.439989" lon="133.385365"/>
    <trkpt lat="34.439953" lon="133.385365"/>
    <trkpt lat="34.439916" lon="133.385365"/>
    <trkpt lat="34.43988" lon="133.385365"/>
    <trkpt lat="34.439844" lon="133.385365"/>
    <trkpt lat="34.439808" lon="133.385365"/>
    <trkpt lat="34.439772" lon="133.385365"/>
    <trkpt lat="34.439736" lon="133.385365"/>
    <trkpt lat="34.4397" lon="133.385365"/>
    <trkpt lat="34.439664" lon="133.385365"/>
    <trkpt lat="34.439628" lon="133.385365"/>
    <trkpt lat="34.439592" lon="133.385365"/>
    <trkpt lat="34.439556" lon="133.385365"/>
    <trkpt lat="34.43952" lon="133.385365"/>
    <trkpt lat="34.439484" lon="133.385366"/>
    <trkpt lat="34.439448" lon="133.385366"/>
    <trkpt lat="34.439412" lon="133.385366"/>
    <trkpt lat="34.439376" lon="133.385366"/>
    <trkpt lat="34.43934" lon="133.385366"/>
    <trkpt lat="34.439304" lon="133.385366"/>
    <trkpt lat="34.439268" lon="133.385366"/>
    <trkpt lat="34.439232" lon="133.385366"/>
    <trkpt lat="34.439195" lon="133.385366"/>
    <trkpt lat="34.439159" lon="133.385365"/>
    <trkpt lat="34.439123" lon="133.385365"/>
    <trkpt lat="34.439087" lon="133.385365"/>
    <trkpt lat="34.439051" lon="133.385365"/>
    <trkpt lat="34.439015" lon="133.385365"/>
    <trkpt lat="34.438979" lon="133.385365"/>
    <trkpt lat="34.438943" lon="133.385365"/>
    <trkpt lat="34.438907" lon="133.385365"/>
    <trkpt lat="34.438871" lon="133.385365"/>
    <trkpt lat="34.438835" lon="133.385365"/>
    <trkpt lat="34.438799" lon="133.385365"/>
    <trkpt lat="34.438763" lon="133.385365"/>
    <trkpt lat="34.438727" lon="133.385365"/>
    <trkpt lat="34.438691" lon="133.385365"/>
    <trkpt lat="34.438655" lon="133.385365"/>
    <trkpt lat="34.438619" lon="133.385365"/>
    <trkpt lat="34.438583" lon="133.385365"/>
    <trkpt lat="34.438547" lon="133.385365"/>
    <trkpt lat="34.43851" lon="133.385365"/>
    <trkpt lat="34.438474" lon="133.385366"/>
    <trkpt lat="34.438438" lon="133.385367"/>
    <trkpt lat="34.438402" lon="133.385368"/>
    <trkpt lat="34.438366" lon="133.38537"/>
    <trkpt lat="34.43833" lon="133.385372"/>
    <trkpt lat="34.438294" lon="133.385375"/>
    <trkpt lat="34.438258" lon="133.385378"/>
    <trkpt lat="34.438222" lon="133.38538"/>
    <trkpt lat="34.438186" lon="133.385382"/>
    <trkpt lat="34.43815" lon="133.385384"/>
    <trkpt lat="34.438115" lon="133.385385"/>
    <trkpt lat="34.438079" lon="133.385385"/>
    <trkpt lat="34.438043" lon="133.385387"/>
    <trkpt lat="34.438007" lon="133.385387"/>
    <trkpt lat="34.437971" lon="133.385387"/>
    <trkpt lat="34.437935" lon="133.385387"/>
    <trkpt lat="34.437898" lon="133.385387"/>
    <trkpt lat="34.437862" lon="133.385387"/>
    <trkpt lat="34.437826" lon="133.385387"/>
    <trkpt lat="34.43779" lon="133.385387"/>
    <trkpt lat="34.437754" lon="133.385387"/>
    <trkpt lat="34.437718" lon="133.385387"/>
    <trkpt lat="34.437682" lon="133.385387"/>
    <trkpt lat="34.437646" lon="133.385387"/>
    <trkpt lat="34.43761" lon="133.385387"/>
    <trkpt lat="34.437574" lon="133.385387"/>
    <trkpt lat="34.437538" lon="133.385387"/>
    <trkpt lat="34.437502" lon="133.385387"/>
    <trkpt lat="34.437466" lon="133.385387"/>
    <trkpt lat="34.43743" lon="133.385387"/>
    <trkpt lat="34.437394" lon="133.385387"/>
    <trkpt lat="34.437358" lon="133.385387"/>
    <trkpt lat="34.437322" lon="133.385387"/>
    <trkpt lat="34.437286" lon="133.385387"/>
    <trkpt lat="34.43725" lon="133.385387"/>
    <trkpt lat="34.437213" lon="133.385387"/>
    <trkpt lat="34.437177" lon="133.385387"/>
    <trkpt lat="34.437141" lon="133.385387"/>
    <trkpt lat="34.437105" lon="133.385387"/>
    <trkpt lat="34.437069" lon="133.385387"/>
    <trkpt lat="34.437033" lon="133.385387"/>
    <trkpt lat="34.436997" lon="133.385387"/>
    <trkpt lat="34.436961" lon="133.385387"/>
    <trkpt lat="34.436925" lon="133.385387"/>
    <trkpt lat="34.436889" lon="133.385387"/>
    <trkpt lat="34.436853" lon="133.385387"/>
    <trkpt lat="34.436817" lon="133.385387"/>
    <trkpt lat="34.436781" lon="133.385387"/>
    <trkpt lat="34.436745" lon="133.385387"/>
    <trkpt lat="34.436709" lon="133.385387"/>
    <trkpt lat="34.436673" lon="133.385387"/>
    <trkpt lat="34.436637" lon="133.385387"/>
    <trkpt lat="34.436601" lon="133.385387"/>
    <trkpt lat="34.436565" lon="133.385387"/>
    <trkpt lat="34.436528" lon="133.385387"/>
    <trkpt lat="34.436492" lon="133.385387"/>
    <trkpt lat="34.436456" lon="133.385387"/>
    <trkpt lat="34.43642" lon="133.385387"/>
    <trkpt lat="34.436384" lon="133.385387"/>
    <trkpt lat="34.436348" lon="133.385387"/>
    <trkpt lat="34.436312" lon="133.385387"/>
    <trkpt lat="34.436276" lon="133.385387"/>
    <trkpt lat="34.43624" lon="133.385387"/>
    <trkpt lat="34.436204" lon="133.385387"/>
    <trkpt lat="34.436168" lon="133.385387"/>
    <trkpt lat="34.436132" lon="133.385388"/>
    <trkpt lat="34.436096" lon="133.385388"/>
    <trkpt lat="34.43606" lon="133.385389"/>
    <trkpt lat="34.436024" lon="133.38539"/>
    <trkpt lat="34.435988" lon="133.385391"/>
    <trkpt lat="34.435952" lon="133.385392"/>
    <trkpt lat="34.435916" lon="133.385392"/>
    <trkpt lat="34.43588" lon="133.385392"/>
    <trkpt lat="34.435843" lon="133.385391"/>
    <trkpt lat="34.435807" lon="133.38539"/>
    <trkpt lat="34.435771" lon="133.385389"/>
    <trkpt lat="34.435735" lon="133.385389"/>
    <trkpt lat="34.435699" lon="133.385388"/>
    <trkpt lat="34.435663" lon="133.385387"/>
    <trkpt lat="34.435627" lon="133.385387"/>
    <trkpt lat="34.435591" lon="133.385387"/>
    <trkpt lat="34.435555" lon="133.385387"/>
    <trkpt lat="34.435519" lon="133.385387"/>
    <trkpt lat="34.435483" lon="133.385387"/>
    <trkpt lat="34.435447" lon="133.385387"/>
    <trkpt lat="34.435411" lon="133.385387"/>
    <trkpt lat="34.435375" lon="133.385387"/>
    <trkpt lat="34.435339" lon="133.385387"/>
    <trkpt lat="34.435303" lon="133.385387"/>
    <trkpt lat="34.435267" lon="133.385387"/>
    <trkpt lat="34.435231" lon="133.385387"/>
    <trkpt lat="34.435195" lon="133.385387"/>
    <trkpt lat="34.435158" lon="133.385387"/>
    <trkpt lat="34.435122" lon="133.385385"/>
    <trkpt lat="34.435086" lon="133.385384"/>
    <trkpt lat="34.43505" lon="133.385383"/>
    <trkpt lat="34.435014" lon="133.385381"/>
    <trkpt lat="34.434978" lon="133.385379"/>
    <trkpt lat="34.434942" lon="133.385377"/>
    <trkpt lat="34.434906" lon="133.385374"/>
    <trkpt lat="34.43487" lon="133.38537"/>
    <trkpt lat="34.434834" lon="133.385367"/>
    <trkpt lat="34.434798" lon="133.385364"/>
    <trkpt lat="34.434762" lon="133.38536"/>
    <trkpt lat="34.434726" lon="133.385357"/>
    <trkpt lat="34.434691" lon="133.385354"/>
    <trkpt lat="34.434655" lon="133.385351"/>
    <trkpt lat="34.434619" lon="133.385348"/>
    <trkpt lat="34.434583" lon="133.385346"/>
    <trkpt lat="34.434547" lon="133.385344"/>
    <trkpt lat="34.43451" lon="133.385342"/>
    <trkpt lat="34.434474" lon="133.38534"/>
    <trkpt lat="34.434438" lon="133.385338"/>
    <trkpt lat="34.434402" lon="133.385334"/>
    <trkpt lat="34.434366" lon="133.385332"/>
    <trkpt lat="34.43433" lon="133.385329"/>
    <trkpt lat="34.434294" lon="133.385327"/>
    <trkpt lat="34.434258" lon="133.385323"/>
    <trkpt lat="34.434222" lon="133.385321"/>
    <trkpt lat="34.434187" lon="133.385318"/>
    <trkpt lat="34.434151" lon="133.385316"/>
    <trkpt lat="34.434115" lon="133.385312"/>
    <trkpt lat="34.434079" lon="133.38531"/>
    <trkpt lat="34.434043" lon="133.385307"/>
    <trkpt lat="34.434007" lon="133.385305"/>
    <trkpt lat="34.433971" lon="133.385303"/>
    <trkpt lat="34.433935" lon="133.385302"/>
    <trkpt lat="34.433898" lon="133.3853"/>
    <trkpt lat="34.433862" lon="133.3853"/>
    <trkpt lat="34.433826" lon="133.385302"/>
    <trkpt lat="34.43379" lon="133.385303"/>
    <trkpt lat="34.433754" lon="133.385304"/>
    <trkpt lat="34.433718" lon="133.385307"/>
    <trkpt lat="34.433682" lon="133.38531"/>
    <trkpt lat="34.433646" lon="133.385314"/>
    <trkpt lat="34.433611" lon="133.385318"/>
    <trkpt lat="34.433575" lon="133.385322"/>
    <trkpt lat="34.433539" lon="133.385327"/>
    <trkpt lat="34.433503" lon="133.385332"/>
    <trkpt lat="34.433468" lon="133.385338"/>
    <trkpt lat="34.433432" lon="133.385344"/>
    <trkpt lat="34.433396" lon="133.385351"/>
    <trkpt lat="34.43336" lon="133.385356"/>
    <trkpt lat="34.433324" lon="133.385363"/>
    <trkpt lat="34.433289" lon="133.385369"/>
    <trkpt lat="34.433253" lon="133.385376"/>
    <trkpt lat="34.433218" lon="133.385381"/>
    <trkpt lat="34.433182" lon="133.385388"/>
    <trkpt lat="34.433146" lon="133.385394"/>
    <trkpt lat="34.433111" lon="133.385401"/>
    <trkpt lat="34.433075" lon="133.385408"/>
    <trkpt lat="34.43304" lon="133.385415"/>
    <trkpt lat="34.433004" lon="133.385424"/>
    <trkpt lat="34.432968" lon="133.385432"/>
    <trkpt lat="34.432933" lon="133.385441"/>
    <trkpt lat="34.432898" lon="133.385452"/>
    <trkpt lat="34.432864" lon="133.385462"/>
    <trkpt lat="34.432829" lon="133.385474"/>
    <trkpt lat="34.432794" lon="133.385486"/>
    <trkpt lat="34.432759" lon="133.385499"/>
    <trkpt lat="34.432725" lon="133.385512"/>
    <trkpt lat="34.432691" lon="133.385525"/>
    <trkpt lat="34.432657" lon="133.38554"/>
    <trkpt lat="34.432623" lon="133.385554"/>
    <trkpt lat="34.432589" lon="133.38557"/>
    <trkpt lat="34.432556" lon="133.385586"/>
    <trkpt lat="34.432522" lon="133.385602"/>
    <trkpt lat="34.432489" lon="133.385619"/>
    <trkpt lat="34.432455" lon="133.385636"/>
    <trkpt lat="34.432423" lon="133.385654"/>
    <trkpt lat="34.43239" lon="133.385671"/>
    <trkpt lat="34.432357" lon="133.38569"/>
    <trkpt lat="34.432325" lon="133.385708"/>
    <trkpt lat="34.432292" lon="133.385727"/>
    <trkpt lat="34.43226" lon="133.385746"/>
    <trkpt lat="34.432227" lon="133.385765"/>
    <trkpt lat="34.432194" lon="133.385783"/>
    <trkpt lat="34.432162" lon="133.385802"/>
    <trkpt lat="34.432129" lon="133.38582"/>
    <trkpt lat="34.432097" lon="133.385839"/>
    <trkpt lat="34.432064" lon="133.385857"/>
    <trkpt lat="34.432032" lon="133.385876"/>
    <trkpt lat="34.431999" lon="133.385896"/>
    <trkpt lat="34.431966" lon="133.385914"/>
    <trkpt lat="34.431934" lon="133.385933"/>
    <trkpt lat="34.431901" lon="133.385951"/>
    <trkpt lat="34.431869" lon="133.38597"/>
    <trkpt lat="34.431836" lon="133.385989"/>
    <trkpt lat="34.431804" lon="133.386008"/>
    <trkpt lat="34.431771" lon="133.386026"/>
    <trkpt lat="34.431738" lon="133.386045"/>
    <trkpt lat="34.431706" lon="133.386063"/>
    <trkpt lat="34.431673" lon="133.386081"/>
    <trkpt lat="34.43164" lon="133.386098"/>
    <trkpt lat="34.431606" lon="133.386116"/>
    <trkpt lat="34.431573" lon="133.386132"/>
    <trkpt lat="34.43154" lon="133.386148"/>
    <trkpt lat="34.431506" lon="133.386164"/>
    <trkpt lat="34.431472" lon="133.386179"/>
    <trkpt lat="34.431439" lon="133.386194"/>
    <trkpt lat="34.431405" lon="133.386211"/>
    <trkpt lat="34.431371" lon="133.386226"/>
    <trkpt lat="34.431338" lon="133.386242"/>
    <trkpt lat="34.431305" lon="133.386258"/>
    <trkpt lat="34.431271" lon="133.386275"/>
    <trkpt lat="34.431238" lon="133.386291"/>
    <trkpt lat="34.431204" lon="133.386306"/>
    <trkpt lat="34.43117" lon="133.386322"/>
    <trkpt lat="34.431137" lon="133.386337"/>
    <trkpt lat="34.431103" lon="133.386352"/>
    <trkpt lat="34.431068" lon="133.386366"/>
    <trkpt lat="34.431034" lon="133.386381"/>
    <trkpt lat="34.431" lon="133.386393"/>
    <trkpt lat="34.430965" lon="133.386406"/>
    <trkpt lat="34.43093" lon="133.386417"/>
    <trkpt lat="34.430895" lon="133.386426"/>
    <trkpt lat="34.43086" lon="133.386435"/>
    <trkpt lat="34.430825" lon="133.386444"/>
    <trkpt lat="34.430789" lon="133.38645"/>
    <trkpt lat="34.430753" lon="133.386457"/>
    <trkpt lat="34.430718" lon="133.386462"/>
    <trkpt lat="34.430682" lon="133.386467"/>
    <trkpt lat="34.430646" lon="133.38647"/>
    <trkpt lat="34.43061" lon="133.386472"/>
    <trkpt lat="34.430574" lon="133.386473"/>
    <trkpt lat="34.430537" lon="133.386473"/>
    <trkpt lat="34.430501" lon="133.386472"/>
    <trkpt lat="34.430465" lon="133.38647"/>
    <trkpt lat="34.430429" lon="133.386468"/>
    <trkpt lat="34.430393" lon="133.386464"/>
    <trkpt lat="34.430357" lon="133.386461"/>
    <trkpt lat="34.430322" lon="133.386459"/>
    <trkpt lat="34.430286" lon="133.386456"/>
    <trkpt lat="34.43025" lon="133.386454"/>
    <trkpt lat="34.430214" lon="133.386451"/>
    <trkpt lat="34.430178" lon="133.386448"/>
    <trkpt lat="34.430142" lon="133.386444"/>
    <trkpt lat="34.430106" lon="133.386437"/>
    <trkpt lat="34.430071" lon="133.386429"/>
    <trkpt lat="34.430036" lon="133.386417"/>
    <trkpt lat="34.430003" lon="133.386399"/>
    <trkpt lat="34.429972" lon="133.386377"/>
    <trkpt lat="34.429944" lon="133.386351"/>
    <trkpt lat="34.429916" lon="133.386322"/>
    <trkpt lat="34.42989" lon="133.386291"/>
    <trkpt lat="34.429865" lon="133.386261"/>
    <trkpt lat="34.42984" lon="133.38623"/>
    <trkpt lat="34.429814" lon="133.3862"/>
    <trkpt lat="34.429786" lon="133.386172"/>
    <trkpt lat="34.429757" lon="133.386145"/>
    <trkpt lat="34.429728" lon="133.38612"/>
    <trkpt lat="34.429697" lon="133.386097"/>
    <trkpt lat="34.429666" lon="133.386074"/>
    <trkpt lat="34.429635" lon="133.386054"/>
    <trkpt lat="34.429603" lon="133.386033"/>
    <trkpt lat="34.429571" lon="133.386012"/>
    <trkpt lat="34.42954" lon="133.385991"/>
    <trkpt lat="34.429507" lon="133.385972"/>
    <trkpt lat="34.429476" lon="133.385952"/>
    <trkpt lat="34.429443" lon="133.385932"/>
    <trkpt lat="34.429411" lon="133.385912"/>
    <trkpt lat="34.429379" lon="133.385892"/>
    <trkpt lat="34.429347" lon="133.385873"/>
    <trkpt lat="34.429314" lon="133.385853"/>
    <trkpt lat="34.429282" lon="133.385835"/>
    <trkpt lat="34.42925" lon="133.385815"/>
    <trkpt lat="34.429217" lon="133.385796"/>
    <trkpt lat="34.429185" lon="133.385778"/>
    <trkpt lat="34.429152" lon="133.385758"/>
    <trkpt lat="34.42912" lon="133.38574"/>
    <trkpt lat="34.429087" lon="133.385721"/>
    <trkpt lat="34.429055" lon="133.385703"/>
    <trkpt lat="34.429022" lon="133.385683"/>
    <trkpt lat="34.42899" lon="133.385665"/>
    <trkpt lat="34.428958" lon="133.385645"/>
    <trkpt lat="34.428925" lon="133.385625"/>
    <trkpt lat="34.428893" lon="133.385607"/>
    <trkpt lat="34.42886" lon="133.385587"/>
    <trkpt lat="34.428828" lon="133.385568"/>
    <trkpt lat="34.428796" lon="133.385549"/>
    <trkpt lat="34.428764" lon="133.385529"/>
    <trkpt lat="34.428731" lon="133.38551"/>
    <trkpt lat="34.428699" lon="133.385491"/>
    <trkpt lat="34.428666" lon="133.385472"/>
    <trkpt lat="34.428634" lon="133.385453"/>
    <trkpt lat="34.428601" lon="133.385433"/>
    <trkpt lat="34.428569" lon="133.385414"/>
    <trkpt lat="34.428537" lon="133.385395"/>
    <trkpt lat="34.428504" lon="133.385376"/>
    <trkpt lat="34.428472" lon="133.385357"/>
    <trkpt lat="34.428439" lon="133.385338"/>
    <trkpt lat="34.428407" lon="133.385319"/>
    <trkpt lat="34.428374" lon="133.3853"/>
    <trkpt lat="34.428341" lon="133.385283"/>
    <trkpt lat="34.428309" lon="133.385266"/>
    <trkpt lat="34.428275" lon="133.385249"/>
    <trkpt lat="34.428241" lon="133.385233"/>
    <trkpt lat="34.428208" lon="133.385219"/>
    <trkpt lat="34.428173" lon="133.385206"/>
    <trkpt lat="34.428138" lon="133.385194"/>
    <trkpt lat="34.428103" lon="133.385183"/>
    <trkpt lat="34.428068" lon="133.385173"/>
    <trkpt lat="34.428033" lon="133.385164"/>
    <trkpt lat="34.427998" lon="133.385156"/>
    <trkpt lat="34.427962" lon="133.385147"/>
    <trkpt lat="34.427927" lon="133.385138"/>
    <trkpt lat="34.427891" lon="133.385129"/>
    <trkpt lat="34.427856" lon="133.385121"/>
    <trkpt lat="34.427821" lon="133.385111"/>
    <trkpt lat="34.427786" lon="133.385102"/>
    <trkpt lat="34.427751" lon="133.385093"/>
    <trkpt lat="34.427716" lon="133.385084"/>
    <trkpt lat="34.42768" lon="133.385075"/>
    <trkpt lat="34.427644" lon="133.385066"/>
    <trkpt lat="34.427609" lon="133.385057"/>
    <trkpt lat="34.427574" lon="133.385049"/>
    <trkpt lat="34.427539" lon="133.38504"/>
    <trkpt lat="34.427504" lon="133.385031"/>
    <trkpt lat="34.427469" lon="133.385023"/>
    <trkpt lat="34.427432" lon="133.385013"/>
    <trkpt lat="34.427397" lon="133.385003"/>
    <trkpt lat="34.427363" lon="133.384993"/>
    <trkpt lat="34.427328" lon="133.384983"/>
    <trkpt lat="34.427293" lon="133.384972"/>
    <trkpt lat="34.427258" lon="133.38496"/>
    <trkpt lat="34.427223" lon="133.38495"/>
    <trkpt lat="34.427188" lon="133.384938"/>
    <trkpt lat="34.427153" lon="133.384927"/>
    <trkpt lat="34.427119" lon="133.384915"/>
    <trkpt lat="34.427084" lon="133.384904"/>
    <trkpt lat="34.427049" lon="133.384893"/>
    <trkpt lat="34.427014" lon="133.384882"/>
    <trkpt lat="34.426979" lon="133.384872"/>
    <trkpt lat="34.426944" lon="133.384861"/>
    <trkpt lat="34.426909" lon="133.384853"/>
    <trkpt lat="34.426874" lon="133.384844"/>
    <trkpt lat="34.426838" lon="133.384835"/>
    <trkpt lat="34.426802" lon="133.384827"/>
    <trkpt lat="34.426767" lon="133.384821"/>
    <trkpt lat="34.426731" lon="133.384815"/>
    <trkpt lat="34.426695" lon="133.38481"/>
    <trkpt lat="34.426659" lon="133.384807"/>
    <trkpt lat="34.426623" lon="133.384804"/>
    <trkpt lat="34.426587" lon="133.384801"/>
    <trkpt lat="34.426551" lon="133.3848"/>
    <trkpt lat="34.426515" lon="133.384801"/>
    <trkpt lat="34.426479" lon="133.384801"/>
    <trkpt lat="34.426444" lon="133.384804"/>
    <trkpt lat="34.426408" lon="133.384807"/>
    <trkpt lat="34.426372" lon="133.38481"/>
    <trkpt lat="34.426336" lon="133.384814"/>
    <trkpt lat="34.4263" lon="133.384819"/>
    <trkpt lat="34.426263" lon="133.384823"/>
    <trkpt lat="34.426228" lon="133.384827"/>
    <trkpt lat="34.426192" lon="133.384832"/>
    <trkpt lat="34.426156" lon="133.384837"/>
    <trkpt lat="34.42612" lon="133.384842"/>
    <trkpt lat="34.426084" lon="133.384846"/>
    <trkpt lat="34.426049" lon="133.384851"/>
    <trkpt lat="34.426013" lon="133.384856"/>
    <trkpt lat="34.425977" lon="133.38486"/>
    <trkpt lat="34.425941" lon="133.384865"/>
    <trkpt lat="34.425906" lon="133.384869"/>
    <trkpt lat="34.42587" lon="133.384873"/>
    <trkpt lat="34.425834" lon="133.384879"/>
    <trkpt lat="34.425798" lon="133.384883"/>
    <trkpt lat="34.425761" lon="133.384887"/>
    <trkpt lat="34.425726" lon="133.384893"/>
    <trkpt lat="34.42569" lon="133.384897"/>
    <trkpt lat="34.425654" lon="133.384903"/>
    <trkpt lat="34.425618" lon="133.384907"/>
    <trkpt lat="34.425583" lon="133.384911"/>
    <trkpt lat="34.425547" lon="133.384916"/>
    <trkpt lat="34.425511" lon="133.38492"/>
    <trkpt lat="34.425475" lon="133.384924"/>
    <trkpt lat="34.425439" lon="133.384929"/>
    <trkpt lat="34.425404" lon="133.384933"/>
    <trkpt lat="34.425368" lon="133.384939"/>
    <trkpt lat="34.425332" lon="133.384945"/>
    <trkpt lat="34.425296" lon="133.384952"/>
    <trkpt lat="34.42526" lon="133.384959"/>
    <trkpt lat="34.425225" lon="133.384967"/>
    <trkpt lat="34.42519" lon="133.384975"/>
    <trkpt lat="34.425154" lon="133.384982"/>
    <trkpt lat="34.425119" lon="133.38499"/>
    <trkpt lat="34.425084" lon="133.384998"/>
    <trkpt lat="34.425048" lon="133.385004"/>
    <trkpt lat="34.425012" lon="133.385011"/>
    <trkpt lat="34.424976" lon="133.385017"/>
    <trkpt lat="34.424941" lon="133.385025"/>
    <trkpt lat="34.424905" lon="133.385032"/>
    <trkpt lat="34.42487" lon="133.38504"/>
    <trkpt lat="34.424834" lon="133.385048"/>
    <trkpt lat="34.424799" lon="133.385056"/>
    <trkpt lat="34.424764" lon="133.385065"/>
    <trkpt lat="34.424729" lon="133.385074"/>
    <trkpt lat="34.424693" lon="133.385084"/>
    <trkpt lat="34.424658" lon="133.385092"/>
    <trkpt lat="34.424623" lon="133.385102"/>
    <trkpt lat="34.424588" lon="133.385111"/>
    <trkpt lat="34.424553" lon="133.385121"/>
    <trkpt lat="34.424518" lon="133.38513"/>
    <trkpt lat="34.424482" lon="133.385139"/>
    <trkpt lat="34.424446" lon="133.385149"/>
    <trkpt lat="34.424411" lon="133.385159"/>
    <trkpt lat="34.424376" lon="133.385168"/>
    <trkpt lat="34.424341" lon="133.385177"/>
    <trkpt lat="34.424306" lon="133.385187"/>
    <trkpt lat="34.424271" lon="133.385196"/>
    <trkpt lat="34.424236" lon="133.385206"/>
    <trkpt lat="34.4242" lon="133.385215"/>
    <trkpt lat="34.424165" lon="133.385224"/>
    <trkpt lat="34.42413" lon="133.385233"/>
    <trkpt lat="34.424095" lon="133.385242"/>
    <trkpt lat="34.424059" lon="133.38525"/>
    <trkpt lat="34.424024" lon="133.385258"/>
    <trkpt lat="34.423989" lon="133.385266"/>
    <trkpt lat="34.423953" lon="133.385272"/>
    <trkpt lat="34.423916" lon="133.385278"/>
    <trkpt lat="34.423881" lon="133.385283"/>
    <trkpt lat="34.423845" lon="133.385286"/>
    <trkpt lat="34.423809" lon="133.385287"/>
    <trkpt lat="34.423773" lon="133.385288"/>
    <trkpt lat="34.423737" lon="133.385287"/>
    <trkpt lat="34.423701" lon="133.385284"/>
    <trkpt lat="34.423665" lon="133.385281"/>
    <trkpt lat="34.423629" lon="133.385278"/>
    <trkpt lat="34.423593" lon="133.385273"/>
    <trkpt lat="34.423558" lon="133.385268"/>
    <trkpt lat="34.423522" lon="133.385262"/>
    <trkpt lat="34.423486" lon="133.385258"/>
    <trkpt lat="34.42345" lon="133.385253"/>
    <trkpt lat="34.423414" lon="133.385248"/>
    <trkpt lat="34.423378" lon="133.385244"/>
    <trkpt lat="34.423342" lon="133.385241"/>
    <trkpt lat="34.423306" lon="133.385238"/>
    <trkpt lat="34.42327" lon="133.385236"/>
    <trkpt lat="34.423234" lon="133.385235"/>
    <trkpt lat="34.423198" lon="133.385234"/>
    <trkpt lat="34.423162" lon="133.385234"/>
    <trkpt lat="34.423126" lon="133.385233"/>
    <trkpt lat="34.42309" lon="133.385232"/>
    <trkpt lat="34.423054" lon="133.38523"/>
    <trkpt lat="34.423018" lon="133.385227"/>
    <trkpt lat="34.422982" lon="133.385225"/>
    <trkpt lat="34.422946" lon="133.385222"/>
    <trkpt lat="34.42291" lon="133.385221"/>
    <trkpt lat="34.422874" lon="133.385219"/>
    <trkpt lat="34.422838" lon="133.385219"/>
    <trkpt lat="34.422802" lon="133.385221"/>
    <trkpt lat="34.422766" lon="133.385223"/>
    <trkpt lat="34.42273" lon="133.385229"/>
    <trkpt lat="34.422694" lon="133.385235"/>
    <trkpt lat="34.422659" lon="133.385243"/>
    <trkpt lat="34.422624" lon="133.385251"/>
    <trkpt lat="34.422589" lon="133.385262"/>
    <trkpt lat="34.422554" lon="133.385273"/>
    <trkpt lat="34.422519" lon="133.385285"/>
    <trkpt lat="34.422485" lon="133.385298"/>
    <trkpt lat="34.42245" lon="133.385311"/>
    <trkpt lat="34.422416" lon="133.385324"/>
    <trkpt lat="34.422382" lon="133.385338"/>
    <trkpt lat="34.422347" lon="133.385351"/>
    <trkpt lat="34.422313" lon="133.385364"/>
    <trkpt lat="34.422279" lon="133.385377"/>
    <trkpt lat="34.422245" lon="133.38539"/>
    <trkpt lat="34.422209" lon="133.385403"/>
    <trkpt lat="34.422175" lon="133.385417"/>
    <trkpt lat="34.422141" lon="133.38543"/>
    <trkpt lat="34.422107" lon="133.385444"/>
    <trkpt lat="34.422073" lon="133.385459"/>
    <trkpt lat="34.422039" lon="133.385475"/>
    <trkpt lat="34.422007" lon="133.385492"/>
    <trkpt lat="34.421974" lon="133.385511"/>
    <trkpt lat="34.421943" lon="133.385533"/>
    <trkpt lat="34.421912" lon="133.385556"/>
    <trkpt lat="34.421881" lon="133.385579"/>
    <trkpt lat="34.421853" lon="133.385603"/>
    <trkpt lat="34.421822" lon="133.385627"/>
    <trkpt lat="34.42179" lon="133.385649"/>
    <trkpt lat="34.421757" lon="133.385665"/>
    <trkpt lat="34.421722" lon="133.385673"/>
    <trkpt lat="34.421686" lon="133.385673"/>
    <trkpt lat="34.42165" lon="133.385667"/>
    <trkpt lat="34.421615" lon="133.385655"/>
    <trkpt lat="34.421581" lon="133.385641"/>
    <trkpt lat="34.421548" lon="133.385625"/>
    <trkpt lat="34.421514" lon="133.385609"/>
    <trkpt lat="34.421481" lon="133.385591"/>
    <trkpt lat="34.421448" lon="133.385574"/>
    <trkpt lat="34.421414" lon="133.385557"/>
    <trkpt lat="34.421382" lon="133.385539"/>
    <trkpt lat="34.42135" lon="133.385521"/>
    <trkpt lat="34.421316" lon="133.385502"/>
    <trkpt lat="34.421284" lon="133.385484"/>
    <trkpt lat="34.421251" lon="133.385465"/>
    <trkpt lat="34.421219" lon="133.385445"/>
    <trkpt lat="34.421186" lon="133.385427"/>
    <trkpt lat="34.421154" lon="133.385407"/>
    <trkpt lat="34.421122" lon="133.385388"/>
    <trkpt lat="34.42109" lon="133.385369"/>
    <trkpt lat="34.421058" lon="133.38535"/>
    <trkpt lat="34.421025" lon="133.38533"/>
    <trkpt lat="34.420993" lon="133.385311"/>
    <trkpt lat="34.42096" lon="133.385292"/>
    <trkpt lat="34.420928" lon="133.385272"/>
    <trkpt lat="34.420895" lon="133.385253"/>
    <trkpt lat="34.420864" lon="133.385234"/>
    <trkpt lat="34.420831" lon="133.385214"/>
    <trkpt lat="34.420799" lon="133.385195"/>
    <trkpt lat="34.420766" lon="133.385175"/>
    <trkpt lat="34.420735" lon="133.385156"/>
    <trkpt lat="34.420702" lon="133.385136"/>
    <trkpt lat="34.42067" lon="133.385116"/>
    <trkpt lat="34.420638" lon="133.385098"/>
    <trkpt lat="34.420605" lon="133.385078"/>
    <trkpt lat="34.420573" lon="133.38506"/>
    <trkpt lat="34.42054" lon="133.385041"/>
    <trkpt lat="34.420508" lon="133.385023"/>
    <trkpt lat="34.420474" lon="133.385004"/>
    <trkpt lat="34.420442" lon="133.384987"/>
    <trkpt lat="34.420409" lon="133.384969"/>
    <trkpt lat="34.420375" lon="133.384953"/>
    <trkpt lat="34.420341" lon="133.384938"/>
    <trkpt lat="34.420308" lon="133.384923"/>
    <trkpt lat="34.420273" lon="133.384909"/>
    <trkpt lat="34.420239" lon="133.384895"/>
    <trkpt lat="34.420205" lon="133.384882"/>
    <trkpt lat="34.42017" lon="133.38487"/>
    <trkpt lat="34.420136" lon="133.384859"/>
    <trkpt lat="34.4201" lon="133.384848"/>
    <trkpt lat="34.420065" lon="133.384838"/>
    <trkpt lat="34.42003" lon="133.38483"/>
    <trkpt lat="34.419994" lon="133.384822"/>
    <trkpt lat="34.419959" lon="133.384815"/>
    <trkpt lat="34.419923" lon="133.384811"/>
    <trkpt lat="34.419887" lon="133.384808"/>
    <trkpt lat="34.419851" lon="133.384807"/>
    <trkpt lat="34.419815" lon="133.384807"/>
    <trkpt lat="34.419779" lon="133.384809"/>
    <trkpt lat="34.419743" lon="133.384811"/>
    <trkpt lat="34.419706" lon="133.384814"/>
    <trkpt lat="34.41967" lon="133.384819"/>
    <trkpt lat="34.419635" lon="133.384823"/>
    <trkpt lat="34.419599" lon="133.384827"/>
    <trkpt lat="34.419563" lon="133.384833"/>
    <trkpt lat="34.419527" lon="133.384838"/>
    <trkpt lat="34.419492" lon="133.384844"/>
    <trkpt lat="34.419456" lon="133.384849"/>
    <trkpt lat="34.41942" lon="133.384856"/>
    <trkpt lat="34.419385" lon="133.384862"/>
    <trkpt lat="34.419349" lon="133.384869"/>
    <trkpt lat="34.419314" lon="133.384875"/>
    <trkpt lat="34.419277" lon="133.384881"/>
    <trkpt lat="34.419242" lon="133.384887"/>
    <trkpt lat="34.419206" lon="133.384893"/>
    <trkpt lat="34.41917" lon="133.384897"/>
    <trkpt lat="34.419134" lon="133.384901"/>
    <trkpt lat="34.419098" lon="133.384903"/>
    <trkpt lat="34.419062" lon="133.384903"/>
    <trkpt lat="34.419026" lon="133.384903"/>
    <trkpt lat="34.41899" lon="133.384901"/>
    <trkpt lat="34.418954" lon="133.384897"/>
    <trkpt lat="34.418919" lon="133.384893"/>
    <trkpt lat="34.418883" lon="133.384887"/>
    <trkpt lat="34.418847" lon="133.384882"/>
    <trkpt lat="34.418811" lon="133.384875"/>
    <trkpt lat="34.418775" lon="133.384869"/>
    <trkpt lat="34.41874" lon="133.384862"/>
    <trkpt lat="34.418704" lon="133.384855"/>
    <trkpt lat="34.418669" lon="133.384848"/>
    <trkpt lat="34.418633" lon="133.384841"/>
    <trkpt lat="34.418598" lon="133.384834"/>
    <trkpt lat="34.418562" lon="133.384826"/>
    <trkpt lat="34.418527" lon="133.384819"/>
    <trkpt lat="34.418492" lon="133.384811"/>
    <trkpt lat="34.418455" lon="133.384802"/>
    <trkpt lat="34.41842" lon="133.384795"/>
    <trkpt lat="34.418385" lon="133.384787"/>
    <trkpt lat="34.418349" lon="133.38478"/>
    <trkpt lat="34.418314" lon="133.384772"/>
    <trkpt lat="34.418278" lon="133.384765"/>
    <trkpt lat="34.418243" lon="133.384759"/>
    <trkpt lat="34.418207" lon="133.384752"/>
    <trkpt lat="34.418172" lon="133.384746"/>
    <trkpt lat="34.418136" lon="133.38474"/>
    <trkpt lat="34.418099" lon="133.384734"/>
    <trkpt lat="34.418064" lon="133.384727"/>
    <trkpt lat="34.418028" lon="133.384721"/>
    <trkpt lat="34.417993" lon="133.384714"/>
    <trkpt lat="34.417957" lon="133.384707"/>
    <trkpt lat="34.417922" lon="133.3847"/>
    <trkpt lat="34.417886" lon="133.384693"/>
    <trkpt lat="34.417851" lon="133.384686"/>
    <trkpt lat="34.417815" lon="133.384679"/>
    <trkpt lat="34.417779" lon="133.384672"/>
    <trkpt lat="34.417743" lon="133.384665"/>
    <trkpt lat="34.417708" lon="133.384659"/>
    <trkpt lat="34.417672" lon="133.384652"/>
    <trkpt lat="34.417637" lon="133.384645"/>
    <trkpt lat="34.417601" lon="133.384639"/>
    <trkpt lat="34.417566" lon="133.384632"/>
    <trkpt lat="34.41753" lon="133.384626"/>
    <trkpt lat="34.417494" lon="133.384619"/>
    <trkpt lat="34.417459" lon="133.384613"/>
    <trkpt lat="34.417423" lon="133.384606"/>
    <trkpt lat="34.417387" lon="133.384601"/>
    <trkpt lat="34.417351" lon="133.384594"/>
    <trkpt lat="34.417316" lon="133.384588"/>
    <trkpt lat="34.41728" lon="133.384581"/>
    <trkpt lat="34.417244" lon="133.384576"/>
    <trkpt lat="34.417209" lon="133.384569"/>
    <trkpt lat="34.417173" lon="133.384563"/>
    <trkpt lat="34.417138" lon="133.384557"/>
    <trkpt lat="34.417102" lon="133.384551"/>
    <trkpt lat="34.417066" lon="133.384544"/>
    <trkpt lat="34.417031" lon="133.384538"/>
    <trkpt lat="34.416994" lon="133.384531"/>
    <trkpt lat="34.416959" lon="133.384526"/>
    <trkpt lat="34.416923" lon="133.384519"/>
    <trkpt lat="34.416888" lon="133.384511"/>
    <trkpt lat="34.416852" lon="133.384505"/>
    <trkpt lat="34.416817" lon="133.384498"/>
    <trkpt lat="34.416781" lon="133.384492"/>
    <trkpt lat="34.416746" lon="133.384485"/>
    <trkpt lat="34.41671" lon="133.384479"/>
    <trkpt lat="34.416674" lon="133.384472"/>
    <trkpt lat="34.416638" lon="133.384466"/>
    <trkpt lat="34.416602" lon="133.384459"/>
    <trkpt lat="34.416567" lon="133.384453"/>
    <trkpt lat="34.416531" lon="133.384446"/>
    <trkpt lat="34.416496" lon="133.384439"/>
    <trkpt lat="34.41646" lon="133.384433"/>
    <trkpt lat="34.416425" lon="133.384425"/>
    <trkpt lat="34.416389" lon="133.384419"/>
    <trkpt lat="34.416354" lon="133.384412"/>
    <trkpt lat="34.416318" lon="133.384407"/>
    <trkpt lat="34.416282" lon="133.3844"/>
    <trkpt lat="34.416246" lon="133.384394"/>
    <trkpt lat="34.41621" lon="133.384387"/>
    <trkpt lat="34.416175" lon="133.384381"/>
    <trkpt lat="34.416139" lon="133.384374"/>
    <trkpt lat="34.416104" lon="133.384368"/>
    <trkpt lat="34.416068" lon="133.384361"/>
    <trkpt lat="34.416033" lon="133.384353"/>
    <trkpt lat="34.415997" lon="133.384347"/>
    <trkpt lat="34.415962" lon="133.38434"/>
    <trkpt lat="34.415926" lon="133.384334"/>
    <trkpt lat="34.41589" lon="133.384326"/>
    <trkpt lat="34.415854" lon="133.38432"/>
    <trkpt lat="34.415819" lon="133.384314"/>
    <trkpt lat="34.415783" lon="133.384308"/>
    <trkpt lat="34.415747" lon="133.384301"/>
    <trkpt lat="34.415712" lon="133.384296"/>
    <trkpt lat="34.415676" lon="133.384289"/>
    <trkpt lat="34.415641" lon="133.384284"/>
    <trkpt lat="34.415605" lon="133.384278"/>
    <trkpt lat="34.415569" lon="133.384272"/>
    <trkpt lat="34.415533" lon="133.384266"/>
    <trkpt lat="34.415497" lon="133.384261"/>
    <trkpt lat="34.415461" lon="133.384254"/>
    <trkpt lat="34.415426" lon="133.384249"/>
    <trkpt lat="34.41539" lon="133.384242"/>
    <trkpt lat="34.415354" lon="133.384237"/>
    <trkpt lat="34.415319" lon="133.38423"/>
    <trkpt lat="34.415283" lon="133.384225"/>
    <trkpt lat="34.415248" lon="133.384218"/>
    <trkpt lat="34.415212" lon="133.384213"/>
    <trkpt lat="34.415176" lon="133.384207"/>
    <trkpt lat="34.41514" lon="133.384202"/>
    <trkpt lat="34.415104" lon="133.384195"/>
    <trkpt lat="34.415068" lon="133.38419"/>
    <trkpt lat="34.415033" lon="133.384184"/>
    <trkpt lat="34.414997" lon="133.384178"/>
    <trkpt lat="34.414961" lon="133.384172"/>
    <trkpt lat="34.414926" lon="133.384167"/>
    <trkpt lat="34.41489" lon="133.384163"/>
    <trkpt lat="34.414854" lon="133.384157"/>
    <trkpt lat="34.414818" lon="133.384152"/>
    <trkpt lat="34.414783" lon="133.384147"/>
    <trkpt lat="34.414747" lon="133.384143"/>
    <trkpt lat="34.414711" lon="133.384139"/>
    <trkpt lat="34.414674" lon="133.384134"/>
    <trkpt lat="34.414638" lon="133.384131"/>
    <trkpt lat="34.414603" lon="133.384127"/>
    <trkpt lat="34.414567" lon="133.384123"/>
    <trkpt lat="34.414531" lon="133.384119"/>
    <trkpt lat="34.414495" lon="133.384116"/>
    <trkpt lat="34.414459" lon="133.384113"/>
    <trkpt lat="34.414423" lon="133.384108"/>
    <trkpt lat="34.414387" lon="133.384105"/>
    <trkpt lat="34.414352" lon="133.384101"/>
    <trkpt lat="34.414316" lon="133.384096"/>
    <trkpt lat="34.41428" lon="133.384093"/>
    <trkpt lat="34.414244" lon="133.384089"/>
    <trkpt lat="34.414208" lon="133.384084"/>
    <trkpt lat="34.414172" lon="133.384081"/>
    <trkpt lat="34.414136" lon="133.384077"/>
    <trkpt lat="34.4141" lon="133.384073"/>
    <trkpt lat="34.414064" lon="133.384069"/>
    <trkpt lat="34.414028" lon="133.384066"/>
    <trkpt lat="34.413992" lon="133.384061"/>
    <trkpt lat="34.413956" lon="133.384058"/>
    <trkpt lat="34.413921" lon="133.384054"/>
    <trkpt lat="34.413885" lon="133.384048"/>
    <trkpt lat="34.413849" lon="133.384043"/>
    <trkpt lat="34.413814" lon="133.384037"/>
    <trkpt lat="34.413778" lon="133.38403"/>
    <trkpt lat="34.413743" lon="133.384021"/>
    <trkpt lat="34.413707" lon="133.384012"/>
    <trkpt lat="34.413672" lon="133.384001"/>
    <trkpt lat="34.413637" lon="133.38399"/>
    <trkpt lat="34.413603" lon="133.383978"/>
    <trkpt lat="34.413568" lon="133.383966"/>
    <trkpt lat="34.413533" lon="133.383953"/>
    <trkpt lat="34.413499" lon="133.38394"/>
    <trkpt lat="34.413465" lon="133.383926"/>
    <trkpt lat="34.413431" lon="133.383913"/>
    <trkpt lat="34.413396" lon="133.3839"/>
    <trkpt lat="34.413362" lon="133.383886"/>
    <trkpt lat="34.413328" lon="133.383873"/>
    <trkpt lat="34.413294" lon="133.38386"/>
    <trkpt lat="34.413259" lon="133.383848"/>
    <trkpt lat="34.413224" lon="133.383835"/>
    <trkpt lat="34.41319" lon="133.383822"/>
    <trkpt lat="34.413156" lon="133.38381"/>
    <trkpt lat="34.413121" lon="133.383796"/>
    <trkpt lat="34.413086" lon="133.383783"/>
    <trkpt lat="34.413052" lon="133.38377"/>
    <trkpt lat="34.413018" lon="133.383757"/>
    <trkpt lat="34.412984" lon="133.383743"/>
    <trkpt lat="34.412949" lon="133.383729"/>
    <trkpt lat="34.412915" lon="133.383715"/>
    <trkpt lat="34.412882" lon="133.383701"/>
    <trkpt lat="34.412848" lon="133.383685"/>
    <trkpt lat="34.412813" lon="133.383671"/>
    <trkpt lat="34.41278" lon="133.383656"/>
    <trkpt lat="34.412746" lon="133.383642"/>
    <trkpt lat="34.412711" lon="133.383628"/>
    <trkpt lat="34.412677" lon="133.383614"/>
    <trkpt lat="34.412643" lon="133.3836"/>
    <trkpt lat="34.412609" lon="133.383586"/>
    <trkpt lat="34.412574" lon="133.383573"/>
    <trkpt lat="34.41254" lon="133.38356"/>
    <trkpt lat="34.412506" lon="133.383546"/>
    <trkpt lat="34.412472" lon="133.383533"/>
    <trkpt lat="34.412437" lon="133.38352"/>
    <trkpt lat="34.412403" lon="133.383507"/>
    <trkpt lat="34.412368" lon="133.383493"/>
    <trkpt lat="34.412334" lon="133.38348"/>
    <trkpt lat="34.4123" lon="133.383467"/>
    <trkpt lat="34.412265" lon="133.383455"/>
    <trkpt lat="34.412231" lon="133.383442"/>
    <trkpt lat="34.412196" lon="133.383429"/>
    <trkpt lat="34.412162" lon="133.383416"/>
    <trkpt lat="34.412127" lon="133.383404"/>
    <trkpt lat="34.412093" lon="133.383391"/>
    <trkpt lat="34.412058" lon="133.383378"/>
    <trkpt lat="34.412024" lon="133.383365"/>
    <trkpt lat="34.411989" lon="133.383353"/>
    <trkpt lat="34.411955" lon="133.38334"/>
    <trkpt lat="34.41192" lon="133.383327"/>
    <trkpt lat="34.411886" lon="133.383315"/>
    <trkpt lat="34.411852" lon="133.383302"/>
    <trkpt lat="34.411817" lon="133.38329"/>
    <trkpt lat="34.411782" lon="133.383277"/>
    <trkpt lat="34.411748" lon="133.383265"/>
    <trkpt lat="34.411713" lon="133.383252"/>
    <trkpt lat="34.411679" lon="133.38324"/>
    <trkpt lat="34.411644" lon="133.383228"/>
    <trkpt lat="34.411609" lon="133.383216"/>
    <trkpt lat="34.411575" lon="133.383204"/>
    <trkpt lat="34.41154" lon="133.383193"/>
    <trkpt lat="34.411505" lon="133.383181"/>
    <trkpt lat="34.41147" lon="133.383169"/>
    <trkpt lat="34.411436" lon="133.383157"/>
    <trkpt lat="34.411401" lon="133.383145"/>
    <trkpt lat="34.411367" lon="133.383133"/>
    <trkpt lat="34.411332" lon="133.383122"/>
    <trkpt lat="34.411297" lon="133.38311"/>
    <trkpt lat="34.411262" lon="133.383099"/>
    <trkpt lat="34.411227" lon="133.383087"/>
    <trkpt lat="34.411193" lon="133.383076"/>
    <trkpt lat="34.411158" lon="133.383064"/>
    <trkpt lat="34.411123" lon="133.383053"/>
    <trkpt lat="34.411088" lon="133.383041"/>
    <trkpt lat="34.411053" lon="133.383029"/>
    <trkpt lat="34.411019" lon="133.383018"/>
    <trkpt lat="34.410984" lon="133.383006"/>
    <trkpt lat="34.410949" lon="133.382995"/>
    <trkpt lat="34.410914" lon="133.382983"/>
    <trkpt lat="34.410879" lon="133.382973"/>
    <trkpt lat="34.410845" lon="133.382962"/>
    <trkpt lat="34.41081" lon="133.382951"/>
    <trkpt lat="34.410775" lon="133.38294"/>
    <trkpt lat="34.41074" lon="133.382929"/>
    <trkpt lat="34.410705" lon="133.382918"/>
    <trkpt lat="34.41067" lon="133.382907"/>
    <trkpt lat="34.410635" lon="133.382896"/>
    <trkpt lat="34.4106" lon="133.382886"/>
    <trkpt lat="34.410565" lon="133.382877"/>
    <trkpt lat="34.410529" lon="133.382866"/>
    <trkpt lat="34.410494" lon="133.382857"/>
    <trkpt lat="34.410459" lon="133.382847"/>
    <trkpt lat="34.410424" lon="133.382838"/>
    <trkpt lat="34.410389" lon="133.382831"/>
    <trkpt lat="34.410354" lon="133.382823"/>
    <trkpt lat="34.410318" lon="133.382816"/>
    <trkpt lat="34.410282" lon="133.382808"/>
    <trkpt lat="34.410246" lon="133.382801"/>
    <trkpt lat="34.410211" lon="133.382795"/>
    <trkpt lat="34.410175" lon="133.382789"/>
    <trkpt lat="34.410139" lon="133.382783"/>
    <trkpt lat="34.410104" lon="133.382776"/>
    <trkpt lat="34.410068" lon="133.38277"/>
    <trkpt lat="34.410033" lon="133.382763"/>
    <trkpt lat="34.409997" lon="133.382758"/>
    <trkpt lat="34.409962" lon="133.382751"/>
    <trkpt lat="34.409926" lon="133.382745"/>
    <trkpt lat="34.409889" lon="133.382738"/>
    <trkpt lat="34.409854" lon="133.382732"/>
    <trkpt lat="34.409818" lon="133.382726"/>
    <trkpt lat="34.409783" lon="133.38272"/>
    <trkpt lat="34.409747" lon="133.382713"/>
    <trkpt lat="34.409711" lon="133.382708"/>
    <trkpt lat="34.409676" lon="133.382701"/>
    <trkpt lat="34.40964" lon="133.382695"/>
    <trkpt lat="34.409605" lon="133.382689"/>
    <trkpt lat="34.409569" lon="133.382683"/>
    <trkpt lat="34.409533" lon="133.382676"/>
    <trkpt lat="34.409497" lon="133.38267"/>
    <trkpt lat="34.409461" lon="133.382663"/>
    <trkpt lat="34.409426" lon="133.382656"/>
    <trkpt lat="34.40939" lon="133.382649"/>
    <trkpt lat="34.409355" lon="133.38264"/>
    <trkpt lat="34.40932" lon="133.382632"/>
    <trkpt lat="34.409285" lon="133.382623"/>
    <trkpt lat="34.40925" lon="133.382613"/>
    <trkpt lat="34.409214" lon="133.382602"/>
    <trkpt lat="34.409179" lon="133.382591"/>
    <trkpt lat="34.409145" lon="133.382579"/>
    <trkpt lat="34.409111" lon="133.382566"/>
    <trkpt lat="34.409076" lon="133.382554"/>
    <trkpt lat="34.409041" lon="133.382541"/>
    <trkpt lat="34.409007" lon="133.382527"/>
    <trkpt lat="34.408973" lon="133.382514"/>
    <trkpt lat="34.408939" lon="133.3825"/>
    <trkpt lat="34.408905" lon="133.382485"/>
    <trkpt lat="34.408871" lon="133.38247"/>
    <trkpt lat="34.408837" lon="133.382456"/>
    <trkpt lat="34.408803" lon="133.382441"/>
    <trkpt lat="34.408769" lon="133.382425"/>
    <trkpt lat="34.408736" lon="133.38241"/>
    <trkpt lat="34.408702" lon="133.382395"/>
    <trkpt lat="34.408668" lon="133.38238"/>
    <trkpt lat="34.408635" lon="133.382363"/>
    <trkpt lat="34.408601" lon="133.382348"/>
    <trkpt lat="34.408567" lon="133.382333"/>
    <trkpt lat="34.408533" lon="133.382317"/>
    <trkpt lat="34.4085" lon="133.382302"/>
    <trkpt lat="34.408466" lon="133.382287"/>
    <trkpt lat="34.408432" lon="133.382271"/>
    <trkpt lat="34.408399" lon="133.382255"/>
    <trkpt lat="34.408365" lon="133.38224"/>
    <trkpt lat="34.408331" lon="133.382224"/>
    <trkpt lat="34.408298" lon="133.382209"/>
    <trkpt lat="34.408264" lon="133.382192"/>
    <trkpt lat="34.40823" lon="133.382177"/>
    <trkpt lat="34.408197" lon="133.382162"/>
    <trkpt lat="34.408163" lon="133.382146"/>
    <trkpt lat="34.408129" lon="133.382131"/>
    <trkpt lat="34.408095" lon="133.382116"/>
    <trkpt lat="34.408062" lon="133.382101"/>
    <trkpt lat="34.408028" lon="133.382084"/>
    <trkpt lat="34.407994" lon="133.382069"/>
    <trkpt lat="34.407961" lon="133.382053"/>
    <trkpt lat="34.407927" lon="133.382036"/>
    <trkpt lat="34.407894" lon="133.38202"/>
    <trkpt lat="34.407861" lon="133.382004"/>
    <trkpt lat="34.407827" lon="133.381986"/>
    <trkpt lat="34.407795" lon="133.381969"/>
    <trkpt lat="34.407761" lon="133.381951"/>
    <trkpt lat="34.407728" lon="133.381934"/>
    <trkpt lat="34.407696" lon="133.381915"/>
    <trkpt lat="34.407663" lon="133.381898"/>
    <trkpt lat="34.40763" lon="133.381879"/>
    <trkpt lat="34.407597" lon="133.38186"/>
    <trkpt lat="34.407566" lon="133.381841"/>
    <trkpt lat="34.407533" lon="133.381822"/>
    <trkpt lat="34.407501" lon="133.381801"/>
    <trkpt lat="34.407469" lon="133.381781"/>
    <trkpt lat="34.407437" lon="133.381761"/>
    <trkpt lat="34.407405" lon="133.38174"/>
    <trkpt lat="34.407374" lon="133.381719"/>
    <trkpt lat="34.407342" lon="133.381697"/>
    <trkpt lat="34.407311" lon="133.381677"/>
    <trkpt lat="34.407279" lon="133.381655"/>
    <trkpt lat="34.407249" lon="133.381634"/>
    <trkpt lat="34.407217" lon="133.381612"/>
    <trkpt lat="34.407186" lon="133.381591"/>
    <trkpt lat="34.407154" lon="133.381569"/>
    <trkpt lat="34.407123" lon="133.381547"/>
    <trkpt lat="34.407092" lon="133.381526"/>
    <trkpt lat="34.40706" lon="133.381504"/>
    <trkpt lat="34.407029" lon="133.381484"/>
    <trkpt lat="34.406997" lon="133.381463"/>
    <trkpt lat="34.406965" lon="133.381443"/>
    <trkpt lat="34.406932" lon="133.381424"/>
    <trkpt lat="34.4069" lon="133.381405"/>
    <trkpt lat="34.406866" lon="133.381389"/>
    <trkpt lat="34.406833" lon="133.381373"/>
    <trkpt lat="34.406799" lon="133.381357"/>
    <trkpt lat="34.406765" lon="133.381344"/>
    <trkpt lat="34.40673" lon="133.381332"/>
    <trkpt lat="34.406695" lon="133.381321"/>
    <trkpt lat="34.40666" lon="133.38131"/>
    <trkpt lat="34.406625" lon="133.381302"/>
    <trkpt lat="34.40659" lon="133.381293"/>
    <trkpt lat="34.406554" lon="133.381285"/>
    <trkpt lat="34.406519" lon="133.381278"/>
    <trkpt lat="34.406483" lon="133.38127"/>
    <trkpt lat="34.406447" lon="133.381262"/>
    <trkpt lat="34.406412" lon="133.381255"/>
    <trkpt lat="34.406376" lon="133.381247"/>
    <trkpt lat="34.406341" lon="133.38124"/>
    <trkpt lat="34.406306" lon="133.381232"/>
    <trkpt lat="34.40627" lon="133.381224"/>
    <trkpt lat="34.406235" lon="133.381216"/>
    <trkpt lat="34.4062" lon="133.381208"/>
    <trkpt lat="34.406163" lon="133.3812"/>
    <trkpt lat="34.406128" lon="133.381193"/>
    <trkpt lat="34.406092" lon="133.381186"/>
    <trkpt lat="34.406057" lon="133.381179"/>
    <trkpt lat="34.406022" lon="133.381172"/>
    <trkpt lat="34.405986" lon="133.381165"/>
    <trkpt lat="34.40595" lon="133.381158"/>
    <trkpt lat="34.405915" lon="133.381151"/>
    <trkpt lat="34.405879" lon="133.381145"/>
    <trkpt lat="34.405843" lon="133.381137"/>
    <trkpt lat="34.405808" lon="133.38113"/>
    <trkpt lat="34.405772" lon="133.381123"/>
    <trkpt lat="34.405737" lon="133.381115"/>
    <trkpt lat="34.405701" lon="133.381108"/>
    <trkpt lat="34.405666" lon="133.3811"/>
    <trkpt lat="34.405631" lon="133.381092"/>
    <trkpt lat="34.405595" lon="133.381085"/>
    <trkpt lat="34.40556" lon="133.381078"/>
    <trkpt lat="34.405524" lon="133.381071"/>
    <trkpt lat="34.405488" lon="133.381063"/>
    <trkpt lat="34.405452" lon="133.381055"/>
    <trkpt lat="34.405417" lon="133.381049"/>
    <trkpt lat="34.405382" lon="133.381041"/>
    <trkpt lat="34.405346" lon="133.381034"/>
    <trkpt lat="34.405311" lon="133.381027"/>
    <trkpt lat="34.405275" lon="133.381019"/>
    <trkpt lat="34.40524" lon="133.381013"/>
    <trkpt lat="34.405204" lon="133.381005"/>
    <trkpt lat="34.405168" lon="133.380999"/>
    <trkpt lat="34.405132" lon="133.380992"/>
    <trkpt lat="34.405097" lon="133.380985"/>
    <trkpt lat="34.405061" lon="133.380978"/>
    <trkpt lat="34.405026" lon="133.380971"/>
    <trkpt lat="34.40499" lon="133.380965"/>
    <trkpt lat="34.404955" lon="133.380958"/>
    <trkpt lat="34.404919" lon="133.380951"/>
    <trkpt lat="34.404884" lon="133.380944"/>
    <trkpt lat="34.404848" lon="133.380938"/>
    <trkpt lat="34.404812" lon="133.380931"/>
    <trkpt lat="34.404776" lon="133.380924"/>
    <trkpt lat="34.404741" lon="133.380916"/>
    <trkpt lat="34.404705" lon="133.380908"/>
    <trkpt lat="34.40467" lon="133.3809"/>
    <trkpt lat="34.404635" lon="133.380892"/>
    <trkpt lat="34.404599" lon="133.380884"/>
    <trkpt lat="34.404564" lon="133.380877"/>
    <trkpt lat="34.404528" lon="133.380869"/>
    <trkpt lat="34.404492" lon="133.380861"/>
    <trkpt lat="34.404457" lon="133.380854"/>
    <trkpt lat="34.404421" lon="133.380847"/>
    <trkpt lat="34.404386" lon="133.38084"/>
    <trkpt lat="34.404351" lon="133.380832"/>
    <trkpt lat="34.404315" lon="133.380823"/>
    <trkpt lat="34.40428" lon="133.380816"/>
    <trkpt lat="34.404245" lon="133.380808"/>
    <trkpt lat="34.404209" lon="133.3808"/>
    <trkpt lat="34.404173" lon="133.380793"/>
    <trkpt lat="34.404138" lon="133.380785"/>
    <trkpt lat="34.404102" lon="133.380778"/>
    <trkpt lat="34.404067" lon="133.38077"/>
    <trkpt lat="34.404031" lon="133.380762"/>
    <trkpt lat="34.403996" lon="133.380756"/>
    <trkpt lat="34.40396" lon="133.380748"/>
    <trkpt lat="34.403925" lon="133.380742"/>
    <trkpt lat="34.403889" lon="133.380735"/>
    <trkpt lat="34.403853" lon="133.380728"/>
    <trkpt lat="34.403817" lon="133.380721"/>
    <trkpt lat="34.403782" lon="133.380714"/>
    <trkpt lat="34.403746" lon="133.380708"/>
    <trkpt lat="34.403711" lon="133.3807"/>
    <trkpt lat="34.403675" lon="133.380694"/>
    <trkpt lat="34.40364" lon="133.380686"/>
    <trkpt lat="34.403605" lon="133.380678"/>
    <trkpt lat="34.403569" lon="133.380672"/>
    <trkpt lat="34.403533" lon="133.380664"/>
    <trkpt lat="34.403497" lon="133.380658"/>
    <trkpt lat="34.403462" lon="133.38065"/>
    <trkpt lat="34.403426" lon="133.380643"/>
    <trkpt lat="34.403391" lon="133.380637"/>
    <trkpt lat="34.403355" lon="133.38063"/>
    <trkpt lat="34.40332" lon="133.380623"/>
    <trkpt lat="34.403284" lon="133.380616"/>
    <trkpt lat="34.403249" lon="133.38061"/>
    <trkpt lat="34.403213" lon="133.380603"/>
    <trkpt lat="34.403177" lon="133.380597"/>
    <trkpt lat="34.403141" lon="133.38059"/>
    <trkpt lat="34.403105" lon="133.380584"/>
    <trkpt lat="34.40307" lon="133.380577"/>
    <trkpt lat="34.403034" lon="133.380569"/>
    <trkpt lat="34.402999" lon="133.380563"/>
    <trkpt lat="34.402963" lon="133.380556"/>
    <trkpt lat="34.402928" lon="133.38055"/>
    <trkpt lat="34.402892" lon="133.380543"/>
    <trkpt lat="34.402857" lon="133.380536"/>
    <trkpt lat="34.402821" lon="133.380529"/>
    <trkpt lat="34.402785" lon="133.380522"/>
    <trkpt lat="34.402749" lon="133.380516"/>
    <trkpt lat="34.402714" lon="133.380509"/>
    <trkpt lat="34.402678" lon="133.380503"/>
    <trkpt lat="34.402643" lon="133.380496"/>
    <trkpt lat="34.402607" lon="133.38049"/>
    <trkpt lat="34.402571" lon="133.380483"/>
    <trkpt lat="34.402536" lon="133.380478"/>
    <trkpt lat="34.4025" lon="133.380471"/>
    <trkpt lat="34.402464" lon="133.380465"/>
    <trkpt lat="34.402428" lon="133.380459"/>
    <trkpt lat="34.402392" lon="133.380453"/>
    <trkpt lat="34.402357" lon="133.380446"/>
    <trkpt lat="34.402321" lon="133.38044"/>
    <trkpt lat="34.402286" lon="133.380433"/>
    <trkpt lat="34.40225" lon="133.380427"/>
    <trkpt lat="34.402215" lon="133.38042"/>
    <trkpt lat="34.402179" lon="133.380412"/>
    <trkpt lat="34.402144" lon="133.380405"/>
    <trkpt lat="34.402108" lon="133.380397"/>
    <trkpt lat="34.402072" lon="133.380388"/>
    <trkpt lat="34.402037" lon="133.38038"/>
    <trkpt lat="34.402002" lon="133.380371"/>
    <trkpt lat="34.401967" lon="133.380362"/>
    <trkpt lat="34.401932" lon="133.380352"/>
    <trkpt lat="34.401897" lon="133.380343"/>
    <trkpt lat="34.401862" lon="133.380333"/>
    <trkpt lat="34.401826" lon="133.380322"/>
    <trkpt lat="34.401791" lon="133.380311"/>
    <trkpt lat="34.401757" lon="133.380299"/>
    <trkpt lat="34.401723" lon="133.380287"/>
    <trkpt lat="34.401688" lon="133.380274"/>
    <trkpt lat="34.401653" lon="133.380261"/>
    <trkpt lat="34.401619" lon="133.380248"/>
    <trkpt lat="34.401585" lon="133.380235"/>
    <trkpt lat="34.401551" lon="133.380221"/>
    <trkpt lat="34.401516" lon="133.380206"/>
    <trkpt lat="34.401483" lon="133.380191"/>
    <trkpt lat="34.401449" lon="133.380177"/>
    <trkpt lat="34.401414" lon="133.380162"/>
    <trkpt lat="34.401381" lon="133.380146"/>
    <trkpt lat="34.401347" lon="133.380132"/>
    <trkpt lat="34.401314" lon="133.380117"/>
    <trkpt lat="34.401279" lon="133.380102"/>
    <trkpt lat="34.401245" lon="133.380088"/>
    <trkpt lat="34.401212" lon="133.380073"/>
    <trkpt lat="34.401177" lon="133.380058"/>
    <trkpt lat="34.401143" lon="133.380044"/>
    <trkpt lat="34.401109" lon="133.38003"/>
    <trkpt lat="34.401076" lon="133.380016"/>
    <trkpt lat="34.401041" lon="133.380002"/>
    <trkpt lat="34.401007" lon="133.379986"/>
    <trkpt lat="34.400973" lon="133.379972"/>
    <trkpt lat="34.400939" lon="133.379957"/>
    <trkpt lat="34.400905" lon="133.379942"/>
    <trkpt lat="34.400872" lon="133.379927"/>
    <trkpt lat="34.400838" lon="133.379912"/>
    <trkpt lat="34.400804" lon="133.379897"/>
    <trkpt lat="34.40077" lon="133.379882"/>
    <trkpt lat="34.400736" lon="133.379867"/>
    <trkpt lat="34.400702" lon="133.379852"/>
    <trkpt lat="34.400668" lon="133.379838"/>
    <trkpt lat="34.400634" lon="133.379823"/>
    <trkpt lat="34.400601" lon="133.379809"/>
    <trkpt lat="34.400566" lon="133.379794"/>
    <trkpt lat="34.400532" lon="133.37978"/>
    <trkpt lat="34.400498" lon="133.379765"/>
    <trkpt lat="34.400464" lon="133.379751"/>
    <trkpt lat="34.40043" lon="133.379737"/>
    <trkpt lat="34.400396" lon="133.379722"/>
    <trkpt lat="34.400362" lon="133.379708"/>
    <trkpt lat="34.400328" lon="133.379693"/>
    <trkpt lat="34.400294" lon="133.379679"/>
    <trkpt lat="34.40026" lon="133.379664"/>
    <trkpt lat="34.400227" lon="133.379649"/>
    <trkpt lat="34.400192" lon="133.379634"/>
    <trkpt lat="34.400159" lon="133.379619"/>
    <trkpt lat="34.400125" lon="133.379603"/>
    <trkpt lat="34.400091" lon="133.379587"/>
    <trkpt lat="34.400058" lon="133.379571"/>
    <trkpt lat="34.400025" lon="133.379555"/>
    <trkpt lat="34.399991" lon="133.379538"/>
    <trkpt lat="34.399958" lon="133.379522"/>
    <trkpt lat="34.399925" lon="133.379506"/>
    <trkpt lat="34.399891" lon="133.379489"/>
    <trkpt lat="34.399858" lon="133.379473"/>
    <trkpt lat="34.399825" lon="133.379455"/>
    <trkpt lat="34.399791" lon="133.379439"/>
    <trkpt lat="34.399758" lon="133.379422"/>
    <trkpt lat="34.399725" lon="133.379405"/>
    <trkpt lat="34.399691" lon="133.379389"/>
    <trkpt lat="34.399658" lon="133.379372"/>
    <trkpt lat="34.399624" lon="133.379355"/>
    <trkpt lat="34.399591" lon="133.379339"/>
    <trkpt lat="34.399558" lon="133.379323"/>
    <trkpt lat="34.399524" lon="133.379306"/>
    <trkpt lat="34.399491" lon="133.37929"/>
    <trkpt lat="34.399458" lon="133.379273"/>
    <trkpt lat="34.399423" lon="133.379258"/>
    <trkpt lat="34.39939" lon="133.379244"/>
    <trkpt lat="34.399356" lon="133.379229"/>
    <trkpt lat="34.399322" lon="133.379216"/>
    <trkpt lat="34.399287" lon="133.379203"/>
    <trkpt lat="34.399252" lon="133.379191"/>
    <trkpt lat="34.399218" lon="133.379179"/>
    <trkpt lat="34.399183" lon="133.379169"/>
    <trkpt lat="34.399148" lon="133.37916"/>
    <trkpt lat="34.399112" lon="133.379151"/>
    <trkpt lat="34.399076" lon="133.379146"/>
    <trkpt lat="34.39904" lon="133.379141"/>
    <trkpt lat="34.399004" lon="133.379137"/>
    <trkpt lat="34.398968" lon="133.379134"/>
    <trkpt lat="34.398932" lon="133.379133"/>
    <trkpt lat="34.398896" lon="133.379132"/>
    <trkpt lat="34.39886" lon="133.379131"/>
    <trkpt lat="34.398824" lon="133.379131"/>
    <trkpt lat="34.398788" lon="133.379131"/>
    <trkpt lat="34.398752" lon="133.379131"/>
    <trkpt lat="34.398716" lon="133.379131"/>
    <trkpt lat="34.39868" lon="133.379132"/>
    <trkpt lat="34.398644" lon="133.379133"/>
    <trkpt lat="34.398608" lon="133.379134"/>
    <trkpt lat="34.398572" lon="133.379136"/>
    <trkpt lat="34.398537" lon="133.379138"/>
    <trkpt lat="34.398501" lon="133.379142"/>
    <trkpt lat="34.398464" lon="133.379144"/>
    <trkpt lat="34.398428" lon="133.379147"/>
    <trkpt lat="34.398392" lon="133.379149"/>
    <trkpt lat="34.398356" lon="133.37915"/>
    <trkpt lat="34.39832" lon="133.379151"/>
    <trkpt lat="34.398284" lon="133.379152"/>
    <trkpt lat="34.398248" lon="133.379152"/>
    <trkpt lat="34.398212" lon="133.379152"/>
    <trkpt lat="34.398176" lon="133.379152"/>
    <trkpt lat="34.39814" lon="133.379154"/>
    <trkpt lat="34.398104" lon="133.379155"/>
    <trkpt lat="34.398068" lon="133.379156"/>
    <trkpt lat="34.398032" lon="133.379158"/>
    <trkpt lat="34.397996" lon="133.37916"/>
    <trkpt lat="34.39796" lon="133.379163"/>
    <trkpt lat="34.397924" lon="133.379166"/>
    <trkpt lat="34.397888" lon="133.379169"/>
    <trkpt lat="34.397852" lon="133.37917"/>
    <trkpt lat="34.397816" lon="133.379172"/>
    <trkpt lat="34.397779" lon="133.379173"/>
    <trkpt lat="34.397743" lon="133.379174"/>
    <trkpt lat="34.397707" lon="133.379174"/>
    <trkpt lat="34.397671" lon="133.379174"/>
    <trkpt lat="34.397635" lon="133.379175"/>
    <trkpt lat="34.397599" lon="133.379175"/>
    <trkpt lat="34.397563" lon="133.379176"/>
    <trkpt lat="34.397527" lon="133.379178"/>
    <trkpt lat="34.397491" lon="133.37918"/>
    <trkpt lat="34.397455" lon="133.379181"/>
    <trkpt lat="34.397419" lon="133.379182"/>
    <trkpt lat="34.397383" lon="133.379182"/>
    <trkpt lat="34.397347" lon="133.379182"/>
    <trkpt lat="34.397311" lon="133.379181"/>
    <trkpt lat="34.397275" lon="133.37918"/>
    <trkpt lat="34.397239" lon="133.379179"/>
    <trkpt lat="34.397203" lon="133.379176"/>
    <trkpt lat="34.397168" lon="133.379175"/>
    <trkpt lat="34.397131" lon="133.379175"/>
    <trkpt lat="34.397095" lon="133.379174"/>
    <trkpt lat="34.397059" lon="133.379174"/>
    <trkpt lat="34.397023" lon="133.379175"/>
    <trkpt lat="34.396987" lon="133.379175"/>
    <trkpt lat="34.396951" lon="133.379178"/>
    <trkpt lat="34.396915" lon="133.379179"/>
    <trkpt lat="34.396879" lon="133.379182"/>
    <trkpt lat="34.396843" lon="133.379185"/>
    <trkpt lat="34.396807" lon="133.379188"/>
    <trkpt lat="34.396771" lon="133.379194"/>
    <trkpt lat="34.396735" lon="133.379198"/>
    <trkpt lat="34.3967" lon="133.379203"/>
    <trkpt lat="34.396664" lon="133.379208"/>
    <trkpt lat="34.396628" lon="133.379212"/>
    <trkpt lat="34.396592" lon="133.379217"/>
    <trkpt lat="34.396556" lon="133.379221"/>
    <trkpt lat="34.39652" lon="133.379226"/>
    <trkpt lat="34.396484" lon="133.379229"/>
    <trkpt lat="34.396448" lon="133.379232"/>
    <trkpt lat="34.396412" lon="133.379235"/>
    <trkpt lat="34.396376" lon="133.379238"/>
    <trkpt lat="34.39634" lon="133.37924"/>
    <trkpt lat="34.396304" lon="133.379243"/>
    <trkpt lat="34.396268" lon="133.379246"/>
    <trkpt lat="34.396232" lon="133.379249"/>
    <trkpt lat="34.396197" lon="133.379254"/>
    <trkpt lat="34.396161" lon="133.379259"/>
    <trkpt lat="34.396125" lon="133.379266"/>
    <trkpt lat="34.39609" lon="133.379272"/>
    <trkpt lat="34.396053" lon="133.379279"/>
    <trkpt lat="34.396018" lon="133.379287"/>
    <trkpt lat="34.395982" lon="133.379293"/>
    <trkpt lat="34.395947" lon="133.3793"/>
    <trkpt lat="34.395911" lon="133.379305"/>
    <trkpt lat="34.395876" lon="133.379312"/>
    <trkpt lat="34.39584" lon="133.379317"/>
    <trkpt lat="34.395804" lon="133.379323"/>
    <trkpt lat="34.395769" lon="133.379328"/>
    <trkpt lat="34.395733" lon="133.379333"/>
    <trkpt lat="34.395697" lon="133.379339"/>
    <trkpt lat="34.395661" lon="133.379344"/>
    <trkpt lat="34.395625" lon="133.37935"/>
    <trkpt lat="34.395589" lon="133.379355"/>
    <trkpt lat="34.395554" lon="133.379362"/>
    <trkpt lat="34.395518" lon="133.379367"/>
    <trkpt lat="34.395482" lon="133.379373"/>
    <trkpt lat="34.395447" lon="133.379378"/>
    <trkpt lat="34.395411" lon="133.379385"/>
    <trkpt lat="34.395375" lon="133.37939"/>
    <trkpt lat="34.39534" lon="133.379396"/>
    <trkpt lat="34.395304" lon="133.379401"/>
    <trkpt lat="34.395268" lon="133.379406"/>
    <trkpt lat="34.395232" lon="133.379412"/>
    <trkpt lat="34.395196" lon="133.379417"/>
    <trkpt lat="34.39516" lon="133.379423"/>
    <trkpt lat="34.395125" lon="133.379429"/>
    <trkpt lat="34.395089" lon="133.379435"/>
    <trkpt lat="34.395053" lon="133.37944"/>
    <trkpt lat="34.395018" lon="133.379446"/>
    <trkpt lat="34.394982" lon="133.379452"/>
    <trkpt lat="34.394946" lon="133.379458"/>
    <trkpt lat="34.394911" lon="133.379463"/>
    <trkpt lat="34.394875" lon="133.379469"/>
    <trkpt lat="34.394839" lon="133.379474"/>
    <trkpt lat="34.394803" lon="133.379479"/>
    <trkpt lat="34.394767" lon="133.379485"/>
    <trkpt lat="34.394731" lon="133.37949"/>
    <trkpt lat="34.394695" lon="133.379496"/>
    <trkpt lat="34.39466" lon="133.379501"/>
    <trkpt lat="34.394624" lon="133.379507"/>
    <trkpt lat="34.394588" lon="133.379512"/>
    <trkpt lat="34.394553" lon="133.379518"/>
    <trkpt lat="34.394517" lon="133.379523"/>
    <trkpt lat="34.394481" lon="133.379529"/>
    <trkpt lat="34.394446" lon="133.379534"/>
    <trkpt lat="34.39441" lon="133.379538"/>
    <trkpt lat="34.394373" lon="133.379544"/>
    <trkpt lat="34.394338" lon="133.379549"/>
    <trkpt lat="34.394302" lon="133.379555"/>
    <trkpt lat="34.394266" lon="133.37956"/>
    <trkpt lat="34.39423" lon="133.379564"/>
    <trkpt lat="34.394195" lon="133.37957"/>
    <trkpt lat="34.394159" lon="133.379574"/>
    <trkpt lat="34.394123" lon="133.37958"/>
    <trkpt lat="34.394087" lon="133.379584"/>
    <trkpt lat="34.394052" lon="133.37959"/>
    <trkpt lat="34.394016" lon="133.379594"/>
    <trkpt lat="34.39398" lon="133.379599"/>
    <trkpt lat="34.393944" lon="133.379605"/>
    <trkpt lat="34.393908" lon="133.379609"/>
    <trkpt lat="34.393872" lon="133.379615"/>
    <trkpt lat="34.393836" lon="133.379621"/>
    <trkpt lat="34.393801" lon="133.379627"/>
    <trkpt lat="34.393765" lon="133.379632"/>
    <trkpt lat="34.393729" lon="133.379637"/>
    <trkpt lat="34.393694" lon="133.379644"/>
    <trkpt lat="34.393658" lon="133.379649"/>
    <trkpt lat="34.393622" lon="133.379655"/>
    <trkpt lat="34.393587" lon="133.37966"/>
    <trkpt lat="34.393551" lon="133.379666"/>
    <trkpt lat="34.393515" lon="133.379671"/>
    <trkpt lat="34.393479" lon="133.379677"/>
    <trkpt lat="34.393443" lon="133.379682"/>
    <trkpt lat="34.393407" lon="133.379687"/>
    <trkpt lat="34.393372" lon="133.379692"/>
    <trkpt lat="34.393336" lon="133.379697"/>
    <trkpt lat="34.3933" lon="133.379703"/>
    <trkpt lat="34.393264" lon="133.379708"/>
    <trkpt lat="34.393229" lon="133.379713"/>
    <trkpt lat="34.393193" lon="133.379718"/>
    <trkpt lat="34.393157" lon="133.379724"/>
    <trkpt lat="34.393122" lon="133.379729"/>
    <trkpt lat="34.393085" lon="133.379734"/>
    <trkpt lat="34.393049" lon="133.37974"/>
    <trkpt lat="34.393013" lon="133.379745"/>
    <trkpt lat="34.392978" lon="133.379751"/>
    <trkpt lat="34.392942" lon="133.379757"/>
    <trkpt lat="34.392907" lon="133.379765"/>
    <trkpt lat="34.392872" lon="133.379774"/>
    <trkpt lat="34.392837" lon="133.379784"/>
    <trkpt lat="34.392802" lon="133.379794"/>
    <trkpt lat="34.392767" lon="133.379808"/>
    <trkpt lat="34.392733" lon="133.379821"/>
    <trkpt lat="34.392699" lon="133.379835"/>
    <trkpt lat="34.392665" lon="133.37985"/>
    <trkpt lat="34.392631" lon="133.379865"/>
    <trkpt lat="34.392598" lon="133.379881"/>
    <trkpt lat="34.392564" lon="133.379896"/>
    <trkpt lat="34.392529" lon="133.379911"/>
    <trkpt lat="34.392496" lon="133.379925"/>
    <trkpt lat="34.392462" lon="133.379939"/>
    <trkpt lat="34.392428" lon="133.379954"/>
    <trkpt lat="34.392393" lon="133.379968"/>
    <trkpt lat="34.392359" lon="133.379981"/>
    <trkpt lat="34.392325" lon="133.379995"/>
    <trkpt lat="34.392291" lon="133.380009"/>
    <trkpt lat="34.392256" lon="133.380022"/>
    <trkpt lat="34.392222" lon="133.380036"/>
    <trkpt lat="34.392188" lon="133.380051"/>
    <trkpt lat="34.392154" lon="133.380064"/>
    <trkpt lat="34.39212" lon="133.380078"/>
    <trkpt lat="34.392086" lon="133.380092"/>
    <trkpt lat="34.392052" lon="133.380106"/>
    <trkpt lat="34.392017" lon="133.38012"/>
    <trkpt lat="34.391983" lon="133.380134"/>
    <trkpt lat="34.39195" lon="133.38015"/>
    <trkpt lat="34.391916" lon="133.380164"/>
    <trkpt lat="34.391881" lon="133.380179"/>
    <trkpt lat="34.391847" lon="133.380193"/>
    <trkpt lat="34.391814" lon="133.380207"/>
    <trkpt lat="34.391779" lon="133.380222"/>
    <trkpt lat="34.391745" lon="133.380236"/>
    <trkpt lat="34.391711" lon="133.38025"/>
    <trkpt lat="34.391678" lon="133.380264"/>
    <trkpt lat="34.391643" lon="133.380279"/>
    <trkpt lat="34.391609" lon="133.380294"/>
    <trkpt lat="34.391575" lon="133.380308"/>
    <trkpt lat="34.391542" lon="133.380323"/>
    <trkpt lat="34.391507" lon="133.380337"/>
    <trkpt lat="34.391473" lon="133.380351"/>
    <trkpt lat="34.391439" lon="133.380366"/>
    <trkpt lat="34.391405" lon="133.38038"/>
    <trkpt lat="34.391371" lon="133.380394"/>
    <trkpt lat="34.391337" lon="133.380408"/>
    <trkpt lat="34.391303" lon="133.380421"/>
    <trkpt lat="34.391268" lon="133.380434"/>
    <trkpt lat="34.391234" lon="133.380448"/>
    <trkpt lat="34.3912" lon="133.380461"/>
    <trkpt lat="34.391165" lon="133.380475"/>
    <trkpt lat="34.391131" lon="133.380488"/>
    <trkpt lat="34.391096" lon="133.380501"/>
    <trkpt lat="34.391062" lon="133.380514"/>
    <trkpt lat="34.391028" lon="133.380528"/>
    <trkpt lat="34.390994" lon="133.380541"/>
    <trkpt lat="34.390959" lon="133.380554"/>
    <trkpt lat="34.390925" lon="133.380567"/>
    <trkpt lat="34.390891" lon="133.380581"/>
    <trkpt lat="34.390857" lon="133.380594"/>
    <trkpt lat="34.390822" lon="133.380609"/>
    <trkpt lat="34.390788" lon="133.380622"/>
    <trkpt lat="34.390754" lon="133.380636"/>
    <trkpt lat="34.39072" lon="133.38065"/>
    <trkpt lat="34.390685" lon="133.380663"/>
    <trkpt lat="34.390651" lon="133.380677"/>
    <trkpt lat="34.390617" lon="133.380691"/>
    <trkpt lat="34.390583" lon="133.380706"/>
    <trkpt lat="34.390548" lon="133.38072"/>
    <trkpt lat="34.390514" lon="133.380734"/>
    <trkpt lat="34.390481" lon="133.380747"/>
    <trkpt lat="34.390446" lon="133.380761"/>
    <trkpt lat="34.390412" lon="133.380775"/>
    <trkpt lat="34.390378" lon="133.380791"/>
    <trkpt lat="34.390345" lon="133.380806"/>
    <trkpt lat="34.390311" lon="133.380822"/>
    <trkpt lat="34.390278" lon="133.380839"/>
    <trkpt lat="34.390245" lon="133.380857"/>
    <trkpt lat="34.390212" lon="133.380876"/>
    <trkpt lat="34.39018" lon="133.380894"/>
    <trkpt lat="34.390148" lon="133.380915"/>
    <trkpt lat="34.390116" lon="133.380934"/>
    <trkpt lat="34.390084" lon="133.380955"/>
    <trkpt lat="34.390052" lon="133.380975"/>
    <trkpt lat="34.39002" lon="133.380995"/>
    <trkpt lat="34.389989" lon="133.381016"/>
    <trkpt lat="34.389956" lon="133.381037"/>
    <trkpt lat="34.389925" lon="133.381057"/>
    <trkpt lat="34.389893" lon="133.381077"/>
    <trkpt lat="34.389861" lon="133.381098"/>
    <trkpt lat="34.389829" lon="133.381118"/>
    <trkpt lat="34.389797" lon="133.381138"/>
    <trkpt lat="34.389765" lon="133.381158"/>
    <trkpt lat="34.389734" lon="133.381179"/>
    <trkpt lat="34.389701" lon="133.381199"/>
    <trkpt lat="34.38967" lon="133.381219"/>
    <trkpt lat="34.389637" lon="133.38124"/>
    <trkpt lat="34.389606" lon="133.381259"/>
    <trkpt lat="34.389573" lon="133.38128"/>
    <trkpt lat="34.389542" lon="133.3813"/>
    <trkpt lat="34.389509" lon="133.381319"/>
    <trkpt lat="34.389478" lon="133.38134"/>
    <trkpt lat="34.389445" lon="133.381359"/>
    <trkpt lat="34.389414" lon="133.38138"/>
    <trkpt lat="34.389381" lon="133.3814"/>
    <trkpt lat="34.38935" lon="133.381421"/>
    <trkpt lat="34.389317" lon="133.38144"/>
    <trkpt lat="34.389286" lon="133.381461"/>
    <trkpt lat="34.389254" lon="133.38148"/>
    <trkpt lat="34.389222" lon="133.381501"/>
    <trkpt lat="34.389189" lon="133.381521"/>
    <trkpt lat="34.389158" lon="133.38154"/>
    <trkpt lat="34.389125" lon="133.38156"/>
    <trkpt lat="34.389093" lon="133.38158"/>
    <trkpt lat="34.389061" lon="133.381599"/>
    <trkpt lat="34.389029" lon="133.381619"/>
    <trkpt lat="34.388997" lon="133.38164"/>
    <trkpt lat="34.388965" lon="133.38166"/>
    <trkpt lat="34.388933" lon="133.381681"/>
    <trkpt lat="34.388902" lon="133.381702"/>
    <trkpt lat="34.388871" lon="133.381725"/>
    <trkpt lat="34.38884" lon="133.381746"/>
    <trkpt lat="34.38881" lon="133.38177"/>
    <trkpt lat="34.388779" lon="133.381794"/>
    <trkpt lat="34.388749" lon="133.381818"/>
    <trkpt lat="34.38872" lon="133.381842"/>
    <trkpt lat="34.38869" lon="133.381867"/>
    <trkpt lat="34.38866" lon="133.381891"/>
    <trkpt lat="34.38863" lon="133.381916"/>
    <trkpt lat="34.388601" lon="133.38194"/>
    <trkpt lat="34.388571" lon="133.381965"/>
    <trkpt lat="34.388541" lon="133.381991"/>
    <trkpt lat="34.388511" lon="133.382015"/>
    <trkpt lat="34.388482" lon="133.38204"/>
    <trkpt lat="34.388452" lon="133.382064"/>
    <trkpt lat="34.388422" lon="133.382089"/>
    <trkpt lat="34.388392" lon="133.382114"/>
    <trkpt lat="34.388363" lon="133.382138"/>
    <trkpt lat="34.388333" lon="133.382163"/>
    <trkpt lat="34.388302" lon="133.382187"/>
    <trkpt lat="34.388273" lon="133.382211"/>
    <trkpt lat="34.388243" lon="133.382235"/>
    <trkpt lat="34.388212" lon="133.382259"/>
    <trkpt lat="34.388181" lon="133.382283"/>
    <trkpt lat="34.388152" lon="133.382306"/>
    <trkpt lat="34.388121" lon="133.382329"/>
    <trkpt lat="34.38809" lon="133.382352"/>
    <trkpt lat="34.388061" lon="133.382376"/>
    <trkpt lat="34.38803" lon="133.382399"/>
    <trkpt lat="34.387999" lon="133.382423"/>
    <trkpt lat="34.38797" lon="133.382446"/>
    <trkpt lat="34.387939" lon="133.38247"/>
    <trkpt lat="34.387908" lon="133.382493"/>
    <trkpt lat="34.387878" lon="133.382517"/>
    <trkpt lat="34.387848" lon="133.38254"/>
    <trkpt lat="34.387817" lon="133.382564"/>
    <trkpt lat="34.387787" lon="133.382587"/>
    <trkpt lat="34.387757" lon="133.382611"/>
    <trkpt lat="34.387726" lon="133.382635"/>
    <trkpt lat="34.387697" lon="133.382659"/>
    <trkpt lat="34.387667" lon="133.382683"/>
    <trkpt lat="34.387636" lon="133.382708"/>
    <trkpt lat="34.387606" lon="133.382732"/>
    <trkpt lat="34.387577" lon="133.382756"/>
    <trkpt lat="34.387546" lon="133.38278"/>
    <trkpt lat="34.387516" lon="133.382804"/>
    <trkpt lat="34.387486" lon="133.382826"/>
    <trkpt lat="34.387455" lon="133.382849"/>
    <trkpt lat="34.387423" lon="133.382871"/>
    <trkpt lat="34.387393" lon="133.382893"/>
    <trkpt lat="34.387361" lon="133.382916"/>
    <trkpt lat="34.387331" lon="133.382938"/>
    <trkpt lat="34.387299" lon="133.382959"/>
    <trkpt lat="34.387268" lon="133.382982"/>
    <trkpt lat="34.387238" lon="133.383005"/>
    <trkpt lat="34.387207" lon="133.383028"/>
    <trkpt lat="34.387177" lon="133.383052"/>
    <trkpt lat="34.387147" lon="133.383075"/>
    <trkpt lat="34.387116" lon="133.383099"/>
    <trkpt lat="34.387086" lon="133.383123"/>
    <trkpt lat="34.387056" lon="133.383147"/>
    <trkpt lat="34.387026" lon="133.383171"/>
    <trkpt lat="34.386995" lon="133.383195"/>
    <trkpt lat="34.386966" lon="133.383218"/>
    <trkpt lat="34.386935" lon="133.383242"/>
    <trkpt lat="34.386904" lon="133.383265"/>
    <trkpt lat="34.386874" lon="133.383286"/>
    <trkpt lat="34.386842" lon="133.383308"/>
    <trkpt lat="34.386811" lon="133.38333"/>
    <trkpt lat="34.386779" lon="133.38335"/>
    <trkpt lat="34.386747" lon="133.383369"/>
    <trkpt lat="34.386714" lon="133.383389"/>
    <trkpt lat="34.386682" lon="133.383407"/>
    <trkpt lat="34.386648" lon="133.383425"/>
    <trkpt lat="34.386616" lon="133.383442"/>
    <trkpt lat="34.386583" lon="133.38346"/>
    <trkpt lat="34.386549" lon="133.383477"/>
    <trkpt lat="34.386516" lon="133.383495"/>
    <trkpt lat="34.386483" lon="133.383511"/>
    <trkpt lat="34.38645" lon="133.383528"/>
    <trkpt lat="34.386417" lon="133.383546"/>
    <trkpt lat="34.386383" lon="133.383562"/>
    <trkpt lat="34.38635" lon="133.38358"/>
    <trkpt lat="34.386317" lon="133.383596"/>
    <trkpt lat="34.386283" lon="133.383613"/>
    <trkpt lat="34.386251" lon="133.38363"/>
    <trkpt lat="34.386218" lon="133.383647"/>
    <trkpt lat="34.386184" lon="133.383663"/>
    <trkpt lat="34.386151" lon="133.383681"/>
    <trkpt lat="34.386117" lon="133.383697"/>
    <trkpt lat="34.386084" lon="133.383714"/>
    <trkpt lat="34.386051" lon="133.383731"/>
    <trkpt lat="34.386017" lon="133.383747"/>
    <trkpt lat="34.385984" lon="133.383764"/>
    <trkpt lat="34.385951" lon="133.38378"/>
    <trkpt lat="34.385917" lon="133.383798"/>
    <trkpt lat="34.385884" lon="133.383814"/>
    <trkpt lat="34.385851" lon="133.38383"/>
    <trkpt lat="34.385817" lon="133.383848"/>
    <trkpt lat="34.385784" lon="133.383864"/>
    <trkpt lat="34.385752" lon="133.383881"/>
    <trkpt lat="34.385718" lon="133.383898"/>
    <trkpt lat="34.385685" lon="133.383915"/>
    <trkpt lat="34.385652" lon="133.383933"/>
    <trkpt lat="34.385618" lon="133.383949"/>
    <trkpt lat="34.385585" lon="133.383966"/>
    <trkpt lat="34.385552" lon="133.383983"/>
    <trkpt lat="34.385519" lon="133.384"/>
    <trkpt lat="34.385486" lon="133.384018"/>
    <trkpt lat="34.385452" lon="133.384035"/>
    <trkpt lat="34.38542" lon="133.384053"/>
    <trkpt lat="34.385387" lon="133.38407"/>
    <trkpt lat="34.385353" lon="133.384087"/>
    <trkpt lat="34.385321" lon="133.384105"/>
    <trkpt lat="34.385287" lon="133.384121"/>
    <trkpt lat="34.385254" lon="133.384139"/>
    <trkpt lat="34.385221" lon="133.384156"/>
    <trkpt lat="34.385187" lon="133.384172"/>
    <trkpt lat="34.385154" lon="133.384189"/>
    <trkpt lat="34.385121" lon="133.384204"/>
    <trkpt lat="34.385086" lon="133.38422"/>
    <trkpt lat="34.385053" lon="133.384235"/>
    <trkpt lat="34.385019" lon="133.38425"/>
    <trkpt lat="34.384985" lon="133.384264"/>
    <trkpt lat="34.384951" lon="133.384278"/>
    <trkpt lat="34.384917" lon="133.384291"/>
    <trkpt lat="34.384883" lon="133.384305"/>
    <trkpt lat="34.384848" lon="133.384319"/>
    <trkpt lat="34.384814" lon="133.384333"/>
    <trkpt lat="34.38478" lon="133.384346"/>
    <trkpt lat="34.384746" lon="133.38436"/>
    <trkpt lat="34.384711" lon="133.384373"/>
    <trkpt lat="34.384677" lon="133.384387"/>
    <trkpt lat="34.384642" lon="133.3844"/>
    <trkpt lat="34.384608" lon="133.384412"/>
    <trkpt lat="34.384574" lon="133.384424"/>
    <trkpt lat="34.384538" lon="133.384434"/>
    <trkpt lat="34.384502" lon="133.384443"/>
    <trkpt lat="34.384467" lon="133.384448"/>
    <trkpt lat="34.384431" lon="133.384451"/>
    <trkpt lat="34.384395" lon="133.384451"/>
    <trkpt lat="34.384359" lon="133.384448"/>
    <trkpt lat="34.384323" lon="133.384442"/>
    <trkpt lat="34.384288" lon="133.384433"/>
    <trkpt lat="34.384253" lon="133.384423"/>
    <trkpt lat="34.384218" lon="133.384411"/>
    <trkpt lat="34.384184" lon="133.384397"/>
    <trkpt lat="34.38415" lon="133.384384"/>
    <trkpt lat="34.384116" lon="133.38437"/>
    <trkpt lat="34.384081" lon="133.384354"/>
    <trkpt lat="34.384048" lon="133.38434"/>
    <trkpt lat="34.384014" lon="133.384326"/>
    <trkpt lat="34.38398" lon="133.384312"/>
    <trkpt lat="34.383945" lon="133.384298"/>
    <trkpt lat="34.383911" lon="133.384284"/>
    <trkpt lat="34.383878" lon="133.384269"/>
    <trkpt lat="34.383843" lon="133.384255"/>
    <trkpt lat="34.383809" lon="133.384242"/>
    <trkpt lat="34.383775" lon="133.384228"/>
    <trkpt lat="34.383741" lon="133.384214"/>
    <trkpt lat="34.383706" lon="133.3842"/>
    <trkpt lat="34.383672" lon="133.384187"/>
    <trkpt lat="34.383638" lon="133.384171"/>
    <trkpt lat="34.383604" lon="133.384157"/>
    <trkpt lat="34.38357" lon="133.384143"/>
    <trkpt lat="34.383536" lon="133.384129"/>
    <trkpt lat="34.383502" lon="133.384114"/>
    <trkpt lat="34.383469" lon="133.384099"/>
    <trkpt lat="34.383434" lon="133.384084"/>
    <trkpt lat="34.3834" lon="133.38407"/>
    <trkpt lat="34.383367" lon="133.384055"/>
    <trkpt lat="34.383332" lon="133.384041"/>
    <trkpt lat="34.383298" lon="133.384025"/>
    <trkpt lat="34.383265" lon="133.38401"/>
    <trkpt lat="34.383232" lon="133.383995"/>
    <trkpt lat="34.383198" lon="133.383978"/>
    <trkpt lat="34.383165" lon="133.383961"/>
    <trkpt lat="34.383132" lon="133.383941"/>
    <trkpt lat="34.383101" lon="133.383921"/>
    <trkpt lat="34.38307" lon="133.383897"/>
    <trkpt lat="34.383041" lon="133.383871"/>
    <trkpt lat="34.383014" lon="133.383843"/>
    <trkpt lat="34.382988" lon="133.383813"/>
    <trkpt lat="34.382964" lon="133.38378"/>
    <trkpt lat="34.382941" lon="133.383746"/>
    <trkpt lat="34.382921" lon="133.38371"/>
    <trkpt lat="34.382903" lon="133.383673"/>
    <trkpt lat="34.382884" lon="133.383635"/>
    <trkpt lat="34.382868" lon="133.383596"/>
    <trkpt lat="34.382853" lon="133.383557"/>
    <trkpt lat="34.382839" lon="133.383516"/>
    <trkpt lat="34.382824" lon="133.383477"/>
    <trkpt lat="34.382811" lon="133.383437"/>
    <trkpt lat="34.382797" lon="133.383396"/>
    <trkpt lat="34.382784" lon="133.383356"/>
    <trkpt lat="34.38277" lon="133.383315"/>
    <trkpt lat="34.382757" lon="133.383274"/>
    <trkpt lat="34.382743" lon="133.383234"/>
    <trkpt lat="34.382729" lon="133.383194"/>
    <trkpt lat="34.382715" lon="133.383153"/>
    <trkpt lat="34.382702" lon="133.383113"/>
    <trkpt lat="34.382688" lon="133.383073"/>
    <trkpt lat="34.382674" lon="133.383034"/>
    <trkpt lat="34.382659" lon="133.382993"/>
    <trkpt lat="34.382646" lon="133.382953"/>
    <trkpt lat="34.382631" lon="133.382913"/>
    <trkpt lat="34.382618" lon="133.382872"/>
    <trkpt lat="34.382603" lon="133.382832"/>
    <trkpt lat="34.38259" lon="133.382792"/>
    <trkpt lat="34.382576" lon="133.382751"/>
    <trkpt lat="34.382563" lon="133.382711"/>
    <trkpt lat="34.38255" lon="133.382671"/>
    <trkpt lat="34.382537" lon="133.382629"/>
    <trkpt lat="34.382527" lon="133.382588"/>
    <trkpt lat="34.382518" lon="133.382545"/>
    <trkpt lat="34.38251" lon="133.382503"/>
    <trkpt lat="34.382508" lon="133.382459"/>
    <trkpt lat="34.38251" lon="133.382417"/>
    <trkpt lat="34.38252" lon="133.382374"/>
    <trkpt lat="34.382536" lon="133.382335"/>
    <trkpt lat="34.382557" lon="133.3823"/>
    <trkpt lat="34.382583" lon="133.382268"/>
    <trkpt lat="34.38261" lon="133.382241"/>
    <trkpt lat="34.382639" lon="133.382215"/>
    <trkpt lat="34.38267" lon="133.382192"/>
    <trkpt lat="34.382702" lon="133.382171"/>
    <trkpt lat="34.382734" lon="133.382153"/>
    <trkpt lat="34.382768" lon="133.382138"/>
    <trkpt lat="34.382802" lon="133.382127"/>
    <trkpt lat="34.382839" lon="133.382122"/>
    <trkpt lat="34.382875" lon="133.382123"/>
    <trkpt lat="34.38291" lon="133.382132"/>
    <trkpt lat="34.382944" lon="133.382145"/>
    <trkpt lat="34.382977" lon="133.382163"/>
    <trkpt lat="34.383009" lon="133.382183"/>
    <trkpt lat="34.38304" lon="133.382204"/>
    <trkpt lat="34.383072" lon="133.382226"/>
    <trkpt lat="34.383104" lon="133.382247"/>
    <trkpt lat="34.383135" lon="133.382267"/>
    <trkpt lat="34.383168" lon="133.382287"/>
    <trkpt lat="34.383201" lon="133.382304"/>
    <trkpt lat="34.383234" lon="133.382321"/>
    <trkpt lat="34.383268" lon="133.382335"/>
    <trkpt lat="34.383303" lon="133.382347"/>
    <trkpt lat="34.383338" lon="133.382356"/>
    <trkpt lat="34.383374" lon="133.382359"/>
    <trkpt lat="34.38341" lon="133.382356"/>
    <trkpt lat="34.383443" lon="133.38234"/>
    <trkpt lat="34.383472" lon="133.382314"/>
    <trkpt lat="34.383493" lon="133.382279"/>
    <trkpt lat="34.383508" lon="133.382239"/>
    <trkpt lat="34.383519" lon="133.382198"/>
    <trkpt lat="34.383527" lon="133.382155"/>
    <trkpt lat="34.383533" lon="133.382113"/>
    <trkpt lat="34.383539" lon="133.382069"/>
    <trkpt lat="34.383543" lon="133.382026"/>
    <trkpt lat="34.383548" lon="133.381983"/>
    <trkpt lat="34.383552" lon="133.381939"/>
    <trkpt lat="34.383556" lon="133.381897"/>
    <trkpt lat="34.38356" lon="133.381853"/>
    <trkpt lat="34.383563" lon="133.38181"/>
    <trkpt lat="34.383567" lon="133.381766"/>
    <trkpt lat="34.383569" lon="133.381722"/>
    <trkpt lat="34.383572" lon="133.381679"/>
    <trkpt lat="34.383575" lon="133.381635"/>
    <trkpt lat="34.383577" lon="133.381593"/>
    <trkpt lat="34.383579" lon="133.381549"/>
    <trkpt lat="34.383581" lon="133.381506"/>
    <trkpt lat="34.383583" lon="133.381462"/>
    <trkpt lat="34.383585" lon="133.381418"/>
    <trkpt lat="34.383587" lon="133.381375"/>
    <trkpt lat="34.383588" lon="133.381331"/>
    <trkpt lat="34.38359" lon="133.381288"/>
    <trkpt lat="34.383591" lon="133.381244"/>
    <trkpt lat="34.38359" lon="133.3812"/>
    <trkpt lat="34.383586" lon="133.381157"/>
    <trkpt lat="34.383576" lon="133.381115"/>
    <trkpt lat="34.383557" lon="133.381078"/>
    <trkpt lat="34.383529" lon="133.381051"/>
    <trkpt lat="34.383496" lon="133.381031"/>
    <trkpt lat="34.383462" lon="133.381019"/>
    <trkpt lat="34.383427" lon="133.38101"/>
    <trkpt lat="34.383391" lon="133.381002"/>
    <trkpt lat="34.383356" lon="133.380994"/>
    <trkpt lat="34.383321" lon="133.380987"/>
    <trkpt lat="34.383285" lon="133.380979"/>
    <trkpt lat="34.38325" lon="133.380971"/>
    <trkpt lat="34.383214" lon="133.380963"/>
    <trkpt lat="34.383178" lon="133.380954"/>
    <trkpt lat="34.383143" lon="133.380945"/>
    <trkpt lat="34.383108" lon="133.380937"/>
    <trkpt lat="34.383073" lon="133.380927"/>
    <trkpt lat="34.383038" lon="133.380916"/>
    <trkpt lat="34.383003" lon="133.380905"/>
    <trkpt lat="34.382968" lon="133.380892"/>
    <trkpt lat="34.382935" lon="133.380878"/>
    <trkpt lat="34.382901" lon="133.380863"/>
    <trkpt lat="34.382868" lon="133.380845"/>
    <trkpt lat="34.382842" lon="133.380831"/>
    <trkpt lat="34.382842" lon="133.380831"/>
  </trkseg></trk>
</gpx>
